nom|lat|lng|type|capacite|seuil|criticite|est_refuge
Le Village|44.844224|-0.574823|Mairies / administrations|200|5|5|non
Local Commercial Domofrance|44.839993|-0.569804|Centres commerciaux|0|4|2|non
Local Commercial Sarl Cafi|44.842046|-0.579288|Centres commerciaux|0|5|2|non
Local Commercial Sarl Piedra|44.850983|-0.569732|Centres commerciaux|0|3|2|non
Local Commercial Sci Richemont|44.836059|-0.572973|Centres commerciaux|0|5|2|non
Local Commercial Superdry|44.839497|-0.571955|Centres commerciaux|19|4|2|non
Local De Pre Collecte Mutualise|44.851452|-0.575275|Salles de spectacle / conférences|19|4|4|non
Local France Telecom|44.841729|-0.578483|Centres commerciaux|0|5|2|non
Local Tiers-Lieu Laplanche|44.832551|-0.568358|Écoles / collèges / lycées|88|4|7|non
Locaux Commerciaux - Commerce A -  Boutique Eurolines|44.822734|-0.553899|Salles de spectacle / conférences|40|2|4|non
Locaux D'Activites|44.842423|-0.622533|Mairies / administrations|0|9|5|oui
Locaux De Ventes Emmaus|44.822494|-0.580989|Centres commerciaux|0|6|2|non
Locaux Des Societes D'Agents Sncf|44.817649|-0.564094|Salles de spectacle / conférences|285|4|4|non
Magasin Carrefour Market|44.835607|-0.570493|Centres commerciaux|1369|4|2|non
Magasin Com 8|44.834224|-0.573192|Centres commerciaux|17|5|2|non
Magasin D'Optique|44.842423|-0.622533|Centres commerciaux|10|9|2|non
Magasin De Mode|44.842944|-0.575163|Centres commerciaux|0|5|2|non
Magasin De Vente|44.819706|-0.597826|Centres commerciaux|72|8|2|non
Magasin De Vente D'Une Station Service|44.855158|-0.592299|Centres commerciaux|43|7|2|non
Magasin De Vente De Pret A Porter|44.840801|-0.577794|Centres commerciaux|0|5|2|non
Magasin Fransy|44.839544|-0.568733|Centres commerciaux|28|4|2|non
Magasin General -  Caserne Niel - Darwin|44.849663|-0.561249|Centres commerciaux|574|1|2|non
Magasin Go Sport|44.83959|-0.574067|Centres commerciaux|1352|5|2|non
Magasin Ikea|44.88067|-0.570246|Centres commerciaux|5450|2|2|non
Magasin Jane De Boy|44.842601|-0.571217|Mairies / administrations|0|4|5|non
Magasin Laurence D - Saint Prix|44.844243|-0.577723|Centres commerciaux|0|5|2|non
Magasin Lego|44.841038|-0.575|Centres commerciaux|0|5|2|non
Magasin Lidl|44.876745|-0.543695|Centres commerciaux|478|5|2|non
Magasin Lothaire|44.841627|-0.578682|Centres commerciaux|105|5|2|non
Magasin Lush Fresh|44.841038|-0.575|Centres commerciaux|41|5|2|non
Maison Urbis Park|44.841376|-0.570977|Mairies / administrations|3|4|5|non
Mam Et Moi|44.840121|-0.587347|Écoles / collèges / lycées|3|6|7|oui
Mam Sacrée Marmaille|44.853852|-0.588897|Écoles / collèges / lycées|12|6|7|oui
Marche De La Poesie|44.856355|-0.568436|Salles de spectacle / conférences|1050|3|4|non
Marche Des Capucins Halle A Banc 15 C|44.830671|-0.567738|Centres commerciaux|0|4|2|non
Marche Des Capucins-Hall A-Pizzeria|44.83769|-0.567465|Centres commerciaux|0|3|2|non
Marche Des Capucins-Halle A-Banc 2 Cd|44.830671|-0.567738|Centres commerciaux|0|4|2|non
Marche Des Capucins-Halle A-Banc 29 Et 29 B|44.830671|-0.567738|Centres commerciaux|0|4|2|non
Marche Des Capucins-Halle A-Banc 3 A C|44.838714|-0.596208|Centres commerciaux|0|7|2|non
Marche Des Capucins-Halle A-Banc 5 C|44.830671|-0.567738|Centres commerciaux|0|4|2|non
Marche Des Capucins-Halle A-Banc 5 D|44.830671|-0.567738|Centres commerciaux|0|4|2|non
Marche Des Capucins-Halle A-Banc 8 D|44.838714|-0.596208|Centres commerciaux|0|7|2|non
Marche Des Capucins-Halle B|44.838714|-0.596208|Centres commerciaux|0|7|2|non
Marche Naba|44.842025|-0.547028|Centres commerciaux|140|4|2|non
Maroquinerie Mialet|44.841569|-0.581465|Centres commerciaux|15|6|2|non
Maternelle Achard|44.871358|-0.547286|Écoles / collèges / lycées|110|5|7|non
Maternelle Le Point Du Jour (Ex Claveau)|44.880215|-0.548878|Écoles / collèges / lycées|150|5|7|non
Mercure Formation|44.848043|-0.596873|Écoles / collèges / lycées|18|7|7|oui
"Micro Crèche ""Pas A Pas"""|44.87971|-0.5721|Écoles / collèges / lycées|14|3|7|non
Micro Creche Comme 3 Pommes|44.83567|-0.575493|Écoles / collèges / lycées|10|5|7|non
Micro Creche Les Cabanes In The Jungle|44.831685|-0.602904|Écoles / collèges / lycées|10|8|7|oui
Micro Crèche Meriadeck|44.842226|-0.593543|Écoles / collèges / lycées|9|7|7|oui
Micro Creche Square Rougerie|44.858468|-0.630642|Écoles / collèges / lycées|11|9|7|oui
Millesime 2014 Union Des Grands Crus De Bordeaux|44.856355|-0.568436|Halls d'exposition|5619|3|0|non
Mutuelle Mgen|44.837943|-0.570173|Mairies / administrations|12|4|5|non
Nad' Hotel Restaurant|44.823615|-0.579763|Hôtels / hébergements|77|6|3|non
Office Notarial Rouzet Brehant|44.84372|-0.576246|Mairies / administrations|8|5|5|non
Otto|44.840188|-0.579618|Centres commerciaux|38|6|2|non
Palais Des Congresarbre De Noel Des Ce 2019|46.327502|-0.471609|Salles de spectacle / conférences|6141|9|4|non
Pallio Outlet Store|44.858458|-0.562943|Centres commerciaux|35|1|2|non
Papa Pique Et Maman Coud|44.839078|-0.579151|Centres commerciaux|13|5|2|non
Parapharmacie Le Comptoir Sante|44.856656|-0.56212|Centres commerciaux|78|1|2|non
Parc Des Expositions Batiment Stockage|44.83769|-0.567465|Halls d'exposition|0|3|0|non
Parcours Formation|44.825563|-0.588473|Écoles / collèges / lycées|0|7|7|oui
Patisserie|44.841056|-0.589149|Centres commerciaux|19|7|2|non
Pause Nat|44.84039|-0.569416|Centres commerciaux|3|4|2|non
Pharmacie Des Halles|44.833051|-0.594796|Centres commerciaux|12|7|2|non
Pharmacie Gambetta|44.841739|-0.580445|Centres commerciaux|7|6|2|non
Pharmacie La Fleche|44.834956|-0.566626|Centres commerciaux|46|3|2|non
Pharmacie Monge|44.838492|-0.573885|Centres commerciaux|186|5|2|non
Pharmacie Principale|44.841502|-0.574381|Centres commerciaux|0|5|2|non
Pharmacie Saint Jean|44.825729|-0.557384|Centres commerciaux|9|2|2|non
Piscine Aquagym|44.860685|-0.613293|Gymnases / sports couverts|10|8|6|oui
Poiray Bordeaux|44.841612|-0.579791|Centres commerciaux|15|6|2|non
Pokeo (Ex Boulangerie)|44.837377|-0.573704|Centres commerciaux|31|5|2|non
Pôle D'Accueil Et D'Hébergement Social Ravezies|44.823679|-0.613082|Hôtels / hébergements|155|9|3|non
Pole Emplois Ravezies|44.832083|-0.611477|Mairies / administrations|148|8|5|oui
Polyclinique Bx Nord:Centre D'Hemodialyse|44.86391|-0.578468|Hôpitaux / cliniques|153|5|9|non
Pré Dégustation Négoce Grands Crus De Bordeaux|44.856355|-0.568436|Halls d'exposition|5619|3|0|non
Preservation Fonciere Assurances|44.855112|-0.573651|Mairies / administrations|0|4|5|non
Quincaillerie Bejottes|44.842364|-0.579086|Centres commerciaux|46|5|2|non
R.P.A Et Club Senior Chantecrit|44.862359|-0.562775|Salles de spectacle / conférences|80|1|4|non
R.P.A. Et Club Senior Armand Faulat|44.852352|-0.636178|Salles de spectacle / conférences|197|9|4|non
Raidfox|44.837562|-0.57485|Centres commerciaux|8|5|2|non
Residence De Tourisme|44.84632|-0.588074|Hôtels / hébergements|206|6|3|non
Residence Etudiants Anatole France|44.834536|-0.584536|Salles de spectacle / conférences|52|6|4|non
Residence Saint James Parc : Agence De La Societe Generale|44.850159|-0.604674|Mairies / administrations|0|8|5|oui
Residence Sociale Mohamed Mechti-Espaces Collectifs|44.83261|-0.567905|Salles de spectacle / conférences|133|4|4|non
Residence-Service : Local Commun|44.834002|-0.598764|Salles de spectacle / conférences|66|8|4|non
"Restaurant ""Burger Fermier"""|44.84438|-0.589476|Centres commerciaux|47|7|2|non
Trial Indoor 14 Fevrier 2014|44.83489|-0.587663|Salles de spectacle / conférences|7212|7|4|non
Tribunal Administratif|44.835338|-0.581554|Mairies / administrations|75|6|5|oui
Trocathlon Du 13 Au 20 Mars 2015|44.88067|-0.570246|Centres commerciaux|3654|2|2|non
Union Des Métiers Et Des Industries De L'Hotellerie De La Gironde|44.841171|-0.581879|Écoles / collèges / lycées|28|6|7|oui
Université De Bordeaux : Amphi 4|44.825173|-0.607774|Écoles / collèges / lycées|292|8|7|oui
Urban Eye|44.833732|-0.573232|Centres commerciaux|35|5|2|non
Veera Boxing|44.852118|-0.556765|Gymnases / sports couverts|0|2|6|non
Vente De Vins|44.852807|-0.580379|Centres commerciaux|0|5|2|non
Villa Clemenceau (Annulé Nouveau Numéro 5-20-00752)|44.843738|-0.579006|Centres commerciaux|0|5|2|non
Volume Capable Temoin|44.84039|-0.569416|Salles de spectacle / conférences|71|4|4|non
Week End Des Grands Crus  Le 30 Mai 2015|44.856355|-0.568436|Halls d'exposition|5619|3|0|non
Workshop Oenotourisme|44.856355|-0.568436|Halls d'exposition|5619|3|0|non
Yndo Hotel|44.844252|-0.583514|Hôtels / hébergements|27|6|3|non
Zac Hopital Des Enfants Ilot E : Commerce 2|44.826097|-0.577524|Centres commerciaux|39|6|2|non
Zac Hopital Des Enfants Ilot E : Commerces 1|44.826097|-0.577524|Centres commerciaux|47|6|2|non
Zac Saint Jean Belcier - Lot 8.3 C - Commerce (Coque) Local 01|44.82194|-0.553941|Centres commerciaux|14|2|2|non
Batiment A : Accueil Self-Stockage|44.888869|-0.54361|Centres commerciaux|17|6|2|non
Batiment A Usage De Bureaux|44.88302|-0.560903|Mairies / administrations|19|2|5|non
Batiment Ilot Mixte  Brazza|44.855345|-0.564534|Centres commerciaux|0|2|2|non
Bejote Shoes Art|44.852145|-0.571003|Centres commerciaux|0|4|2|non
Bijouterie Merguerditchian|44.839073|-0.579251|Centres commerciaux|12|5|2|non
Bijouterie Mornier|44.841897|-0.57457|Centres commerciaux|15|5|2|non
Bnp Paris Bas|44.840374|-0.599461|Mairies / administrations|12|8|5|oui
Bordeaux Inp - Extension / E.N.S.T.B.B - Bâtiment B|44.822135|-0.606361|Écoles / collèges / lycées|162|8|7|oui
Bordeaux Sg Au Hangar 14|44.856355|-0.568436|Halls d'exposition|5619|3|0|non
Bordeaux So Good|44.862132|-0.587876|Salles de spectacle / conférences|0|6|4|non
Boucherie Capucins|44.838714|-0.596208|Centres commerciaux|0|7|2|non
Boucherie Dupuy|44.833121|-0.58177|Centres commerciaux|0|6|2|non
Bouillon D'Art|44.862132|-0.587876|Mairies / administrations|0|6|5|oui
Boulangerie Patisserie Sarl Dime|44.851674|-0.586889|Centres commerciaux|10|6|2|non
Bourse De L'Immobilier|44.838194|-0.567683|Centres commerciaux|13|3|2|non
Bourse De L'Immobilier|44.841694|-0.557903|Mairies / administrations|0|1|5|non
Boutique Calzedonia|44.83781|-0.573898|Centres commerciaux|18|5|2|non
Boutique D'Habillement|44.842666|-0.575102|Centres commerciaux|9|5|2|non
Boutique Edf Gambetta|44.841708|-0.580841|Mairies / administrations|10|6|5|oui
Boutique Gerard Darel|44.842187|-0.577353|Centres commerciaux|45|5|2|non
Boutique Lovisa Ex-Saga Cosmetics|44.840955|-0.574413|Centres commerciaux|12|5|2|non
Boutique Renault|44.846516|-0.58189|Centres commerciaux|0|6|2|non
Boye Construction Sci Aroman|44.837562|-0.556486|Centres commerciaux|0|1|2|non
Bureau D'Architecte|44.841661|-0.545917|Mairies / administrations|2|4|5|non
Bureau De Poste|44.843368|-0.629146|Mairies / administrations|15|9|5|oui
Bureau De Poste|44.835816|-0.567082|Mairies / administrations|19|4|5|non
Bureaux (Magasins Aux Vivres De La Marine)|44.864328|-0.5498|Mairies / administrations|72|4|5|non
Bureaux Sas Roquelor|44.842583|-0.595258|Mairies / administrations|0|7|5|oui
C.C.Auchan Lac :  Pharmacie Du Mail|44.88067|-0.570246|Centres commerciaux|70|2|2|non
C.C.Auchan Lac: La Chaise Longue|44.88067|-0.570246|Centres commerciaux|26|2|2|non
C.C.Auchan Lac: Louis Pion|44.88067|-0.570246|Centres commerciaux|5|2|2|non
C.C.Leclerc St Louis: Pressing|44.862954|-0.567368|Centres commerciaux|0|2|2|non
C.C.Les Bastides: Locaux Du Conseil General|44.843955|-0.542428|Mairies / administrations|44|5|5|non
C.C.Les Bastides: Poste|44.843955|-0.542428|Mairies / administrations|15|5|5|non
C.C.Meriadeck: Boutique Okaidi|44.837959|-0.584904|Centres commerciaux|24|6|2|non
C.C.Meriadeck: Hema (Ex Maisons Du Monde)|44.837959|-0.584904|Centres commerciaux|0|6|2|non
C.C.St Christoly: Bruno Flaujac Cheveux Et Barbes (Ex Les Delices Du Bain)|44.839286|-0.576552|Centres commerciaux|4|5|2|non
C.C.St Christoly: Cup N Cake|44.839286|-0.576552|Centres commerciaux|8|5|2|non
C.C.St Christoly: Dab Bnp Paribas|44.839286|-0.576552|Centres commerciaux|0|5|2|non
C.F.A Lycee G Eiffel|44.829423|-0.562416|Écoles / collèges / lycées|250|3|7|non
C.F.P.A.: Batiments  M Et N|44.84602|-0.621423|Écoles / collèges / lycées|56|9|7|oui
C.F.P.A.: Batiments F.G.H.I.J|44.84602|-0.621423|Écoles / collèges / lycées|126|9|7|oui
C.M.B.T.P.|44.829252|-0.56407|Écoles / collèges / lycées|28|3|7|non
Cabinet Cg Avocats|44.831956|-0.600026|Mairies / administrations|0|8|5|oui
Cabinet Coubris Courtois & Associes|44.862132|-0.587876|Mairies / administrations|0|6|5|oui
Cabinet D'Avocat Monique Van Der Motte|44.842597|-0.575696|Mairies / administrations|0|5|5|non
Cabinet D'Avocats|44.838832|-0.574539|Mairies / administrations|0|5|5|non
Cabinet D'Avocats|44.834879|-0.577658|Mairies / administrations|3|5|5|non
Cabinet D'Avocats|44.835984|-0.582627|Mairies / administrations|15|6|5|oui
Cabinet D'Expert Comptable Bernardin|44.84139|-0.55506|Mairies / administrations|2|2|5|non
Groupe  Scolaire Anatole France|44.83855|-0.582156|Écoles / collèges / lycées|436|6|7|oui
Groupe Horaire|44.837879|-0.575324|Centres commerciaux|0|5|2|non
Groupe Scolaire Bassins À Flots N°1|44.850221|-0.59176|Écoles / collèges / lycées|510|7|7|oui
Groupe Scolaire Paul Bert Maternelle|44.836187|-0.574381|Écoles / collèges / lycées|99|5|7|non
Groupe Scolaire Saint Genes:Bat Lycee Professionnel|44.824956|-0.581336|Écoles / collèges / lycées|389|6|7|oui
Groupe Scolaire Saint Genes:Foyer|44.824956|-0.581336|Écoles / collèges / lycées|25|6|7|oui
Groupe Scolaire Saint Genes:Salle Lefort|44.824956|-0.581336|Gymnases / sports couverts|125|6|6|oui
Groupe Scolaire Thiers Maternelle|44.850104|-0.543403|Écoles / collèges / lycées|79|5|7|non
Groupement D'Etablissement Sci Nord Aquitaine|44.84039|-0.569416|Gymnases / sports couverts|907|4|6|non
Groupement D'Établissements|44.831503|-0.575303|Gymnases / sports couverts|205|5|6|non
Groupement D'Etablissements De La Cite Mondiale|44.849752|-0.570368|Écoles / collèges / lycées|314|4|7|non
Gymnase Brun|44.816974|-0.57401|Gymnases / sports couverts|350|6|6|oui
Gymnase Nelson Paillou|44.823217|-0.573529|Gymnases / sports couverts|652|5|6|non
Hall D'Expositions|44.876629|-0.553099|Halls d'exposition|0|4|0|non
Halle Debat-Ponsan|44.84039|-0.569416|Centres commerciaux|0|4|2|non
Halle Debat-Ponsan  Bat B  Bureaux|44.84039|-0.569416|Mairies / administrations|198|4|5|non
Halte Garderie|44.852282|-0.572488|Écoles / collèges / lycées|19|4|7|non
Harmonie Mutuelle|44.837529|-0.576064|Mairies / administrations|8|5|5|non
Hashtag|44.837177|-0.572651|Centres commerciaux|22|4|2|non
Hors Piste|44.853995|-0.566388|Gymnases / sports couverts|179|2|6|non
Hotel 4 Etoiles|44.83482|-0.580601|Hôtels / hébergements|1109|6|3|non
Hotel Burdigala|44.839803|-0.586772|Hôtels / hébergements|517|6|3|non
Hotel Burdigala : Echoppe|44.839964|-0.587285|Salles de spectacle / conférences|175|6|4|non
Hotel De Poissac Rectorat De Bordeaux|44.837568|-0.581939|Salles de spectacle / conférences|0|6|4|non
Hotel De Region|44.836539|-0.589206|Mairies / administrations|459|7|5|oui
Hotel De Tourisme Mama Shelter|44.8399|-0.577424|Hôtels / hébergements|1050|5|3|non
Hotel Des 4 Soeurs|44.843335|-0.574303|Hôtels / hébergements|60|5|3|non
Hotel Du Centre|44.841408|-0.577998|Hôtels / hébergements|30|5|3|non
Hotel Du Perigord|44.832573|-0.574099|Hôtels / hébergements|25|5|3|non
Hotel Du Theatre|44.841781|-0.574264|Hôtels / hébergements|40|5|3|non
Hotel Grill Campanile|44.889074|-0.563505|Hôtels / hébergements|435|3|3|non
Hotel La Tour Intendance|44.841239|-0.579634|Hôtels / hébergements|40|6|3|non
Hotel Meuble Lafontaine|44.827039|-0.570605|Hôtels / hébergements|0|5|3|non
Hotel Regina|44.825383|-0.55739|Hôtels / hébergements|80|2|3|non
Hotel Restaurant Méditerranée|44.824669|-0.56021|Hôtels / hébergements|53|3|3|non
Hotel Royal Medoc|44.844693|-0.576124|Hôtels / hébergements|90|5|3|non
I.N.S.E.R.M. Institut F.Magendie|44.838137|-0.622801|Écoles / collèges / lycées|0|9|7|oui
I.T.E.C.H.|44.848963|-0.573202|Écoles / collèges / lycées|98|4|7|non
I.T.E.P. Liard Le Porz - Bât Accueil, Bât Sessad, Bât Central, Chapelle, Maturation|44.822002|-0.582619|Salles de spectacle / conférences|190|6|4|non
Ilot Lucien Faure C5 - Lf1 Commerce 2|44.835154|-0.567124|Centres commerciaux|83|4|2|non
Immeuble|44.84439|-0.576022|Mairies / administrations|0|5|5|non
Immeuble : Cabinet D'Assurance|44.844414|-0.604934|Mairies / administrations|10|8|5|oui
Immeuble Bureaux/Cabinets Medicaux|44.82819|-0.611511|Mairies / administrations|55|8|5|oui
Immeuble Cogedim Paul Mateu : Commerce 1|44.84791|-0.547771|Centres commerciaux|100|4|2|non
Immeuble De Bureau|44.824718|-0.584723|Mairies / administrations|2|7|5|oui
Immeuble De Bureaux|44.843271|-0.578548|Mairies / administrations|80|5|5|non
Immeuble De Bureaux|44.84728|-0.594951|Mairies / administrations|0|7|5|oui
Immeuble De Bureaux|44.868467|-0.548147|Mairies / administrations|19|4|5|non
Immeuble De Bureaux ( Bat 3 ).Point Centre.|44.833175|-0.597813|Mairies / administrations|86|8|5|oui
Immeuble De La Poste : Banque Postale Espace Entreprises|44.839352|-0.583657|Mairies / administrations|18|6|5|oui
Immeuble De Yrigoyen Pernod|44.843437|-0.574322|Salles de spectacle / conférences|295|5|4|non
Immeuble Le Concorde Esmi-Brassart|44.857923|-0.559733|Écoles / collèges / lycées|90|1|7|non
Immeuble Le G5 - Bureau B5|44.835091|-0.566165|Mairies / administrations|10|3|5|non
Immeuble Le Prisme|44.835731|-0.58825|Mairies / administrations|125|7|5|oui
Immeuble Managers Saint Jean|44.82929|-0.555105|Mairies / administrations|66|1|5|non
Immeubles De Bureaux - Zac Saint Jean Belcier|44.829974|-0.581148|Mairies / administrations|10|6|5|oui
Immeubles La Marjolaine : Dossier General|44.858372|-0.574765|Centres commerciaux|0|4|2|non
Impact Fight Night 4 Du 17 Mai 2014|44.862132|-0.587876|Gymnases / sports couverts|300|6|6|oui
Imprimerie Demarq|44.836751|-0.574886|Mairies / administrations|0|5|5|non
"Institut De Soins "" Le Spa Au Masculin"""|44.852328|-0.570722|Mairies / administrations|10|3|5|non
Institut Superieur D'Optique Ex Iseg|44.847816|-0.583515|Écoles / collèges / lycées|199|6|7|oui
Itep Stehelin: Salle Polyvalente|44.844737|-0.608021|Écoles / collèges / lycées|0|8|7|oui
La Barbe De Monsieur|44.8424|-0.581435|Centres commerciaux|17|6|2|non
Les Delices Du Mitron|44.841981|-0.580084|Centres commerciaux|30|6|2|non
Les Delices Du Mitron|44.841213|-0.572907|Centres commerciaux|19|4|2|non
Les Francas D'Aquitaine|44.840154|-0.547774|Mairies / administrations|2|4|5|non
Les Jardins Des Quais : H 17 Dos Gen|44.8604|-0.555823|Centres commerciaux|0|3|2|non
Les Portes De Cauderan : Pharmacie Et Cabinet Medical|44.842724|-0.608604|Mairies / administrations|379|8|5|oui
Les Terrasses De Thiers : Commerce|44.8449|-0.551888|Centres commerciaux|9|3|2|non
Local Associatif - Conciergerie - Residence Jeunes Actifs - Ilot Casteja|44.843521|-0.583398|Salles de spectacle / conférences|0|6|4|non
Local Clubs Boulistes Bordelais|44.875849|-0.549122|Salles de spectacle / conférences|195|4|4|non
Local Commercial|44.832587|-0.612389|Centres commerciaux|19|8|2|non
Local Commercial|44.84665|-0.597832|Centres commerciaux|0|7|2|non
Local Commercial|44.841427|-0.622177|Centres commerciaux|13|9|2|non
Local Commercial - Bassins A Flots - Ilot Tam Tam - Lot E|44.832674|-0.581669|Centres commerciaux|19|6|2|non
Local Commercial - Voir 5-20-00524-001 § 002 -|44.831413|-0.598777|Centres commerciaux|100|8|2|non
Local Commercial 2|44.833866|-0.571061|Centres commerciaux|0|4|2|non
Local Commercial 3 Bassins A Flots Ilot B3 Lot 4|44.822742|-0.597104|Centres commerciaux|54|8|2|non
Local Commercial B & L Associes|44.834656|-0.574398|Centres commerciaux|77|5|2|non
Local Commercial Sarl Made In|44.853764|-0.569643|Centres commerciaux|26|3|2|non
Local Commercial Sci Sussu|44.849517|-0.574999|Centres commerciaux|0|4|2|non
Local Commercial Tustal|44.838501|-0.574438|Centres commerciaux|0|5|2|non
Local Coque 02 - Quartier Armagnac Sud - Ilot 8.12|44.846704|-0.598669|Centres commerciaux|64|7|2|non
Local D'Activites N°2|44.82502|-0.576796|Centres commerciaux|0|6|2|non
Local D'Activites Rue Henri Dunant|44.832953|-0.579575|Mairies / administrations|0|6|5|oui
Local D'Expositions Commerciales|44.829703|-0.584744|Centres commerciaux|17|6|2|non
Local Jeunes Science|44.81623|-0.555435|Écoles / collèges / lycées|70|3|7|non
Local Tailleur Jacques Naroyan|44.8425|-0.579013|Centres commerciaux|12|5|2|non
Locaux Associatifs|44.823595|-0.551617|Écoles / collèges / lycées|30|1|7|non
Locaux C.G.F.T.E.|44.837536|-0.588245|Mairies / administrations|19|6|5|oui
Locaux Commerciaux - Gironde Habitat -|44.822709|-0.552729|Centres commerciaux|0|1|2|non
Locaux Evollis|44.836711|-0.581229|Mairies / administrations|0|6|5|oui
Loto Du 13 Fevrier 2016|44.816974|-0.57401|Gymnases / sports couverts|350|6|6|oui
Maison De Retraite Henry Dunant|44.826588|-0.59257|Hôpitaux / cliniques|88|7|9|non
16Ème Journée Echo Doppler Cardio-Vasculaire|44.872645|-0.571176|Salles de spectacle / conférences|6141|3|4|non
20Ème Salon Projet Habitat|44.856355|-0.568436|Halls d'exposition|5619|3|0|non
33 Retouches|44.840851|-0.573478|Mairies / administrations|0|5|5|non
43Ème Challenge International Du Vin|44.872645|-0.571176|Salles de spectacle / conférences|6141|3|4|non
49Ème Congrès De L'Adbu|44.856355|-0.568436|Halls d'exposition|5619|3|0|non
8 À Huit|44.835458|-0.569535|Centres commerciaux|83|4|2|non
Access Images|44.839866|-0.581288|Centres commerciaux|28|6|2|non
Adonis Bordeaux Gironde Ex Formasup|44.844259|-0.576987|Écoles / collèges / lycées|45|5|7|non
Afpa Pôle Bois|44.845943|-0.62295|Écoles / collèges / lycées|56|9|7|oui
Agence  De La Poste . Batiment Neuf|44.850926|-0.586395|Mairies / administrations|19|6|5|oui
Agence Adecco|44.848296|-0.575593|Mairies / administrations|7|5|5|non
Agence Ag2R La Mondiale Enghien|44.845854|-0.576066|Mairies / administrations|8|5|5|non
Agence Argus Immobilier|44.840713|-0.579911|Mairies / administrations|7|6|5|oui
Agence Bancaire Bnp Paribas|44.830506|-0.603671|Mairies / administrations|18|8|5|oui
Agence Bancaire Bnp Paribas|44.835827|-0.567911|Mairies / administrations|19|4|5|non
Agence Bancaire Bnp Paribas Barriere De Toulouse|44.842286|-0.578234|Mairies / administrations|8|5|5|non
Agence Bancaire Cic Sud-Ouest|44.832867|-0.579219|Mairies / administrations|15|6|5|oui
Agence Bancaire Credit Mutuel|44.841882|-0.579048|Mairies / administrations|30|5|5|non
Agence Bancaire Du Cic|44.825345|-0.588929|Mairies / administrations|14|7|5|oui
Agence Bancaire Du Cic Eglise De Cauderan|44.851995|-0.614244|Mairies / administrations|8|8|5|oui
Agence Bnp Paribas Bordeaux Ravezies|44.847382|-0.575319|Mairies / administrations|8|5|5|non
Agence Bouygues Telecom|44.836524|-0.573687|Centres commerciaux|13|5|2|non
Agence Commerciale De La Banque Populaire|44.825534|-0.589341|Mairies / administrations|9|7|5|oui
Agence Credit Mutuel|44.836652|-0.581094|Mairies / administrations|0|6|5|oui
Association Des Loisirs Educatifs|44.854378|-0.583872|Salles de spectacle / conférences|40|6|4|non
Association Educative Ein Gedi|44.827172|-0.5942|Écoles / collèges / lycées|15|7|7|oui
Assour Et Summer|44.839827|-0.579919|Centres commerciaux|0|6|2|non
"Atelier ""Viens Jouer A La Maison"""|44.838462|-0.578611|Écoles / collèges / lycées|0|5|7|non
Atelier Communautaire|44.83182|-0.564234|Mairies / administrations|0|3|5|non
Au Cornet D'Amour|44.832093|-0.572771|Centres commerciaux|4|5|2|non
Audition Sante|44.852328|-0.573579|Centres commerciaux|17|4|2|non
Auto Ecole Coc-Ci'Driver|44.815619|-0.572353|Mairies / administrations|15|6|5|oui
Auto Ecole Omega|44.843774|-0.554518|Mairies / administrations|15|2|5|non
Bloc Technique|44.830385|-0.603262|Hôpitaux / cliniques|403|8|9|non
Bnp Paribas Paul Doumer|44.851909|-0.573516|Mairies / administrations|7|4|5|non
Boulangerie Le 48|44.862132|-0.587876|Centres commerciaux|0|6|2|non
Boulangerie-Patisserie Dominici|44.824831|-0.561254|Centres commerciaux|15|3|2|non
Bourse De L'Immobilier Chartrons|44.841253|-0.545085|Mairies / administrations|0|4|5|non
Bourse De L'Immobilier St Seurin|44.843456|-0.586544|Mairies / administrations|0|6|5|oui
"Boutique "" Body Shop"""|44.841961|-0.575376|Centres commerciaux|19|5|2|non
Cabinet D'Avocats Mescam|44.848028|-0.572545|Mairies / administrations|0|4|5|non
Cabinet De Dermatologie|44.846496|-0.611636|Hôpitaux / cliniques|16|8|9|non
Cabinet De Dermatologie Wickers-Goyat Labbe|44.855028|-0.613971|Mairies / administrations|7|8|5|oui
Cabinet De Kine|44.841671|-0.582654|Mairies / administrations|0|6|5|oui
Cabinet De Kine Lavoignat-Lucas|44.833117|-0.588169|Mairies / administrations|14|7|5|oui
Cabinet De Kinesitherapie|44.840141|-0.610365|Mairies / administrations|10|8|5|oui
Cabinet De Kinesitherapie|44.842337|-0.591132|Mairies / administrations|0|7|5|oui
Cabinet De Kinesitherapie Dr. Bertrand|44.82649|-0.576653|Mairies / administrations|0|6|5|oui
Cabinet De Pedicure|44.851308|-0.576388|Mairies / administrations|0|5|5|non
Cabinet De Podologie|44.837662|-0.57348|Mairies / administrations|0|5|5|non
Cabinet De Podologie|44.819049|-0.576482|Mairies / administrations|3|6|5|oui
Cabinet De Podologie Sylvie Sainturat|44.852277|-0.612634|Mairies / administrations|0|8|5|oui
Cabinet De Psychiatre|44.843285|-0.596415|Mairies / administrations|0|7|5|oui
Cabinet De Psychiatrie Alain Jacq|44.846257|-0.576179|Mairies / administrations|5|5|5|non
Cabinet De Psychiatrie Dr. Darsonville Et Ducoulombier|44.843715|-0.628607|Mairies / administrations|0|9|5|oui
Cabinet De Reeducation Medicale|44.824858|-0.611809|Mairies / administrations|10|9|5|oui
Cabinet De Sages Femmes De Cauderan|44.842423|-0.622533|Mairies / administrations|0|9|5|oui
Cabinet Dentaire|44.845769|-0.587144|Mairies / administrations|15|6|5|oui
Cabinet Dentaire|44.833868|-0.589872|Mairies / administrations|5|7|5|oui
Cabinet Dentaire Dr Faihy|44.839428|-0.581345|Mairies / administrations|0|6|5|oui
Cabinet Infirmière, Ostéopathe Et Kinésithérapeute|44.839794|-0.585576|Mairies / administrations|4|6|5|oui
Cabinet Medical|44.845107|-0.618298|Mairies / administrations|34|9|5|oui
Cabinet Medical|44.855142|-0.590066|Mairies / administrations|0|6|5|oui
Cabinet Medical|44.852981|-0.574468|Mairies / administrations|0|4|5|non
Cabinet Medical|44.857327|-0.570467|Mairies / administrations|6|3|5|non
Cabinet Medical|44.835841|-0.577455|Mairies / administrations|5|5|5|non
Cabinet Medical|44.845137|-0.576245|Mairies / administrations|8|5|5|non
Cabinet Medical|44.832556|-0.567912|Mairies / administrations|8|4|5|non
Cabinet Medical|44.842423|-0.622533|Mairies / administrations|5|9|5|oui
Cabinet Medical|44.843856|-0.57199|Mairies / administrations|49|4|5|non
Cabinet Medical|44.840749|-0.586483|Mairies / administrations|0|6|5|oui
Cabinet Medical|44.85261|-0.617175|Mairies / administrations|4|8|5|oui
Cabinet Medical|44.839846|-0.553339|Mairies / administrations|0|2|5|non
Cabinet Medical|44.825443|-0.557913|Mairies / administrations|40|2|5|non
Cabinet Medical - Lam Tan Binh|44.823003|-0.570356|Mairies / administrations|0|5|5|non
Cabinet Medical Blaise|44.819889|-0.601569|Mairies / administrations|0|8|5|oui
Cabinet Medical Docteur Chevrot|44.873024|-0.547067|Mairies / administrations|10|5|5|non
Cabinet Medical Dr. Ducourneau|44.862132|-0.587876|Mairies / administrations|0|6|5|oui
Cabinet Medical Etesse|44.833596|-0.581866|Mairies / administrations|0|6|5|oui
Cabinet Medical Grivart|44.851257|-0.577109|Mairies / administrations|1|5|5|non
Cabinet Medical Jordan|44.839174|-0.568989|Mairies / administrations|0|4|5|non
Cabinet Medical Saint Pierre Dr. Lorans|44.839117|-0.571683|Mairies / administrations|0|4|5|non
Cabinet Medico Chirugical Saint Augustin|44.820154|-0.598235|Mairies / administrations|0|8|5|oui
Cabinet Paramedical Sci Kinecam|44.844051|-0.587341|Mairies / administrations|6|6|5|oui
Cabinet Psychiatrie|44.846162|-0.575604|Mairies / administrations|43|5|5|non
Cabinet Rutte|44.844314|-0.583664|Mairies / administrations|0|6|5|oui
Cabinet Thaury|44.813836|-0.573471|Mairies / administrations|0|6|5|oui
Caisse D'Epargne - Ilot Lucien Faure C5 - Lf4|44.835091|-0.566165|Centres commerciaux|0|3|2|non
Caisse D'Epargne Aquitaine Poitou Charente Achard|44.872627|-0.546804|Mairies / administrations|0|5|5|non
Caisse D'Epargne Dossier General|44.862132|-0.587876|Mairies / administrations|0|6|5|oui
Caisse Primaire Assurance Maladie:Centre N°8|44.849005|-0.599347|Mairies / administrations|12|7|5|oui
Calvin Klein|44.852807|-0.580379|Centres commerciaux|101|5|2|non
Carrefour City|44.833351|-0.574067|Centres commerciaux|229|5|2|non
Carrefour City|44.862132|-0.587876|Centres commerciaux|197|6|2|non
Carrefour Express|44.820555|-0.571937|Centres commerciaux|36|5|2|non
Carrefour Market Bordeaux Cauderan : Hair Coiff|44.861159|-0.634271|Centres commerciaux|7|9|2|non
Carrefour Market Bordeaux Cauderan : Pressing Plus|44.861159|-0.634271|Centres commerciaux|5|9|2|non
Casino De Bx Lac:Bat Salle De Spectacles|44.887708|-0.563745|Salles de spectacle / conférences|718|3|4|non
Cc Auchan Lac : Boutique Bleu Libellule|44.860468|-0.609936|Centres commerciaux|45|8|2|non
Cc Les Passages Cmk  : Caisse Epargne (Ex La Casa Pizza) Lot N° 16|44.841134|-0.583628|Mairies / administrations|221|6|5|oui
Cc Les Passages Cmk : Basic Fit Lot N° 9|44.841134|-0.583628|Centres commerciaux|190|6|2|non
Cc Les Passages: Cmk Picard Lot N°5|44.841134|-0.583628|Centres commerciaux|42|6|2|non
Centre Commercial Europe Du Gd Parc : Ilot B|44.862132|-0.587876|Centres commerciaux|0|6|2|non
Centre Commercial Europe Du Gd Parc : Ilot D - Pharmacie|44.859865|-0.579867|Centres commerciaux|49|5|2|non
Centre Commercial Meriadeck: Dos General|44.838926|-0.583142|Centres commerciaux|11675|6|2|non
Centre De Formation Nautique|44.852304|-0.619565|Écoles / collèges / lycées|75|9|7|oui
Championnats D'Échecs|44.843007|-0.605567|Gymnases / sports couverts|613|8|6|oui
Chez Aurelie Tropical Optic Shop|44.866979|-0.552064|Centres commerciaux|25|4|2|non
Chu Bordeaux:Bl Operatoires Neurochirurgie|44.830385|-0.603262|Hôpitaux / cliniques|3|8|9|non
Cic Societe Bordelaise Agence Bancaire|44.840509|-0.58065|Mairies / administrations|12|6|5|oui
Cinema  Complexe Ugc Cinecite (Ex Ariel)|44.841|-0.581832|Salles de spectacle / conférences|2831|6|4|non
Clinique Anouste:Batiment Neuf|44.828686|-0.611007|Hôpitaux / cliniques|19|8|9|non
Coff Aquitaine|44.844107|-0.57768|Mairies / administrations|6|5|5|non
College Blanqui: Salle De Technologie - Foyer|44.873905|-0.550478|Écoles / collèges / lycées|0|4|7|non
College Cassignol|44.852061|-0.584585|Écoles / collèges / lycées|1193|6|7|oui
Commerce|44.851084|-0.577017|Centres commerciaux|0|5|2|non
Commerce|44.84039|-0.569416|Centres commerciaux|58|4|2|non
Commerce 04 (Coque M 5) - Zac Saint Jean Belcier - Lot 8.3 A|44.82194|-0.553941|Centres commerciaux|73|2|2|non
Commerce 05 (Coque M 5) - Zac Saint Jean Belcier - Lot 8.3 A|44.82194|-0.553941|Centres commerciaux|15|2|2|non
Commerce 1|44.841462|-0.560858|Centres commerciaux|180|2|2|non
Commerce 1 Immobiliere Sud Atlantique|44.833526|-0.610993|Centres commerciaux|13|8|2|non
Commerce A Louer|44.851135|-0.577317|Mairies / administrations|2|5|5|non
Commerce Bd Jj Bosc|44.842993|-0.575807|Centres commerciaux|0|5|2|non
Commerce C.1F - Ensemble Immobilier Brienne Ilot 5.1.C - Zac Bordeaux Saint Jean Belcier|44.823623|-0.544283|Centres commerciaux|79|2|2|non
Commerce Chocolaté|44.838622|-0.576847|Centres commerciaux|23|5|2|non
Commerce Immeuble Neves|44.836866|-0.57144|Centres commerciaux|17|4|2|non
Commerce Lot C1  (Coque) - Brazza Lot A1 - Bâtiment G1|44.840747|-0.569569|Centres commerciaux|0|4|2|non
Commerces Victor Hugo|44.835782|-0.572509|Centres commerciaux|60|5|2|non
Complexe Cinematographique Megarama|44.841599|-0.562135|Salles de spectacle / conférences|3091|2|4|non
Complexe Hôtelier Bordeaux Maritime Resort Radisson Blu|44.835134|-0.56687|Hôtels / hébergements|1317|4|3|non
Complexe Sportif Chauffour|44.840045|-0.590076|Gymnases / sports couverts|240|7|6|oui
Complexe Sportif Gerard Brocas : Batiment Multiactivites|44.882912|-0.550513|Gymnases / sports couverts|130|4|6|non
Comtesse Du Barry|44.842004|-0.577104|Centres commerciaux|0|5|2|non
Conferences Apm A L'Eglise Saint Pierre|44.839906|-0.570598|Salles de spectacle / conférences|200|4|4|non
Coque|44.841038|-0.575|Centres commerciaux|64|5|2|non
Cour Administrative D Appel( Voir R..5-49.2)|44.875832|-0.575308|Mairies / administrations|199|4|5|non
Cours Francois Villon|44.848059|-0.57221|Écoles / collèges / lycées|25|4|7|non
Cours Galien Clemenceau|44.844022|-0.578832|Écoles / collèges / lycées|16|5|7|non
Cours Reussir|44.82236|-0.594511|Écoles / collèges / lycées|40|8|7|oui
Crea Panneau|44.826752|-0.576387|Mairies / administrations|0|6|5|oui
Creaf|44.843864|-0.595665|Mairies / administrations|0|7|5|oui
Creche Attitude Perinot|44.852767|-0.629151|Écoles / collèges / lycées|24|9|7|oui
Creche Coucou|44.833576|-0.602217|Écoles / collèges / lycées|30|8|7|oui
Creche L'Escale Des Bambins|44.830645|-0.584575|Écoles / collèges / lycées|20|6|7|oui
Creche Malbec/Nansouty Et Mairie De Quartier Nansouty-Saint Genes|44.820545|-0.5716|Écoles / collèges / lycées|247|5|7|non
Creche Mamaworks|44.851986|-0.568695|Écoles / collèges / lycées|10|3|7|non
Creche Quai Des Bambins|44.844783|-0.628343|Écoles / collèges / lycées|30|9|7|oui
Credit Agricole|44.820271|-0.572492|Mairies / administrations|19|5|5|non
Credit Mutuel De Bx St Augustin|44.832559|-0.611884|Mairies / administrations|14|8|5|oui
Crs Albert Le Grand : Classes Maternelles Et Elementaires|44.823943|-0.581972|Écoles / collèges / lycées|230|6|7|oui
Crs Albert Le Grand : Lycee,Laboratoires|44.823943|-0.581972|Écoles / collèges / lycées|125|6|7|oui
Do You Speak Francais|44.852599|-0.570615|Centres commerciaux|0|3|2|non
E3 Agence|44.851352|-0.586822|Mairies / administrations|0|6|5|oui
Ecole Creasud|44.840091|-0.557051|Écoles / collèges / lycées|35|1|7|non
Ecole D'Enseignement Superieur  D'Art De Bordeaux Ex - Beaux Arts Annexe|44.830546|-0.561683|Écoles / collèges / lycées|167|3|7|non
Ecole D'Enseignement Superieur D'Art De Bordeaux Ex Beaux Arts|44.830461|-0.560299|Écoles / collèges / lycées|350|2|7|non
Ecole De Commerce Amos - Bâtiment T|44.84527|-0.588509|Écoles / collèges / lycées|190|6|7|oui
Ecole De Danse|44.838289|-0.596086|Gymnases / sports couverts|150|7|6|oui
Ecole De Danse Studio A|44.831269|-0.578207|Écoles / collèges / lycées|31|6|7|oui
Ecole De Patisserie Et De Boulangerie|44.861249|-0.556819|Écoles / collèges / lycées|678|2|7|non
Ecole Inter Math|44.839876|-0.577479|Écoles / collèges / lycées|19|5|7|non
Ecole Maternelle - Ilot Casteja|44.843521|-0.583398|Écoles / collèges / lycées|0|6|7|oui
Ecole Saint Gabriel: Batiment  Elementaire|44.846355|-0.589325|Écoles / collèges / lycées|487|6|7|oui
Ehpad Korian Villa Louisa|44.83771|-0.571777|Maisons de retraite / handicapés|67|4|8|non
Ehpad Le Sablonat|44.814512|-0.571972|Maisons de retraite / handicapés|135|6|8|non
Elementaire Cazemajor|44.824229|-0.569591|Écoles / collèges / lycées|99|5|7|non
Elementaire Jean Cocteau|44.848925|-0.603525|Écoles / collèges / lycées|192|8|7|oui
Elementaire Labarde - Anne-Sylvestre|44.881874|-0.551348|Écoles / collèges / lycées|161|4|7|non
Emmaus Connect|44.84733|-0.576349|Centres commerciaux|0|5|2|non
Epicerie Fine Sicilienne|44.843715|-0.628607|Centres commerciaux|7|9|2|non
Epsud Design|44.848726|-0.574629|Écoles / collèges / lycées|44|4|7|non
Escaad Mjm Graphic Design|44.847816|-0.583515|Écoles / collèges / lycées|170|6|7|oui
Espace De Co-Travail|44.839767|-0.583073|Mairies / administrations|79|6|5|oui
Espace Epilation|44.836925|-0.57587|Centres commerciaux|12|5|2|non
Espace Etudes 360°|44.834428|-0.598973|Mairies / administrations|1|8|5|oui
Espace Nansouty|44.819913|-0.571961|Salles de spectacle / conférences|15|5|4|non
Espace Rodesse - Palladines Iii|44.833527|-0.586142|Mairies / administrations|19|6|5|oui
Etude Notariale Sudre Et Meyssan|44.845672|-0.576049|Mairies / administrations|0|5|5|non
Exp'Hotel 2013 17 Au 19 Novembre 2013|44.862132|-0.587876|Halls d'exposition|0|6|0|non
Fd 9 Location|44.832083|-0.611477|Mairies / administrations|0|8|5|oui
Foncia|44.831436|-0.572976|Mairies / administrations|11|5|5|non
Foot Korner|44.835867|-0.57358|Centres commerciaux|48|5|2|non
Fournil Mondesir|44.838582|-0.615511|Centres commerciaux|10|9|2|non
Foyer - Logement|44.847555|-0.589347|Salles de spectacle / conférences|49|6|4|non
Foyer De Jeunes Travailleurs L'Eveil|44.835616|-0.575939|Salles de spectacle / conférences|88|5|4|non
French Factory Bordeaux|44.846389|-0.581899|Écoles / collèges / lycées|18|6|7|oui
Fz Distribution|44.885599|-0.541668|Centres commerciaux|0|6|2|non
Gal Grands Hommes : Etal 23 Boucherie Pellon|44.842816|-0.577589|Centres commerciaux|0|5|2|non
Galerie Bordelaise : Box-Office|44.841897|-0.57457|Mairies / administrations|10|5|5|non
Galerie Bordelaise : Manucure Bar|44.841496|-0.574011|Centres commerciaux|0|5|2|non
Galerie Des Etables (Du Triangle) - Ecole D'Enseignement Superieur D'Art De Bordeaux|44.830413|-0.560985|Écoles / collèges / lycées|25|2|7|non
Galerie Eponyme Et Agence D'Architecture|44.840132|-0.579115|Halls d'exposition|5|5|0|non
Galerie Tatry - Agence Bancaire Bnp|44.863147|-0.572986|Centres commerciaux|12|4|2|non
Galerie Tatry - Staff Décor|44.863147|-0.572986|Centres commerciaux|24|4|2|non
Galerie Tatry - Voir Fitness Park|44.863147|-0.572986|Centres commerciaux|57|4|2|non
Ginko|44.860468|-0.609936|Centres commerciaux|0|8|2|non
Ginko Commerce N°2   Ilot A 2- 5 Berge Du Lac|44.822208|-0.599848|Centres commerciaux|167|8|2|non
Ginko: Magasin|44.834914|-0.576044|Centres commerciaux|27|5|2|non
Ginko: Zac De La Berge Du Lac Local Commercial L-D.2|44.838677|-0.576652|Centres commerciaux|58|5|2|non
Ginko: Zac De La Berge Du Lac Local Commercial L-F.1|44.838677|-0.576652|Centres commerciaux|50|5|2|non
Glacier Amorino|44.831354|-0.572543|Centres commerciaux|12|5|2|non
"Golf De Bordeaux Bâtiment ""La Grange"""|44.894578|-0.554037|Centres commerciaux|35|5|2|non
Golf De Bordeaux Practice|44.850417|-0.625915|Gymnases / sports couverts|134|9|6|oui
Grand Lebrun : Batiment D - Classes Sur Cour|44.850371|-0.605994|Écoles / collèges / lycées|591|8|7|oui
Groupe Scolaire Albert Thomas : Creche Docteur Christiane Larralde|44.828747|-0.597202|Écoles / collèges / lycées|60|8|7|oui
Groupe Scolaire Andre Meunier : Maternelle Noviciat|44.830196|-0.564276|Écoles / collèges / lycées|100|3|7|non
Groupe Scolaire Paul Doumer|44.857023|-0.617855|Écoles / collèges / lycées|225|8|7|oui
Guercy Marie Alice|44.84039|-0.569416|Centres commerciaux|0|4|2|non
Gymnase Barbey|44.827524|-0.563006|Gymnases / sports couverts|199|3|6|non
Gymnase Dupaty|44.860031|-0.560058|Gymnases / sports couverts|455|2|6|non
Gymnase Jules Ferry|44.843007|-0.605567|Gymnases / sports couverts|613|8|6|oui
Gymnase Promischorales Du Rep Bordeaux Bastide|44.839846|-0.553339|Gymnases / sports couverts|356|2|6|non
Hall Bordeaux Motos : Bmw Et Locamoto / Motoscoot 33|44.874156|-0.563393|Halls d'exposition|109|1|0|non
Halte Garderie|44.84728|-0.594951|Écoles / collèges / lycées|20|7|7|oui
Halte Garderie Et Bureaux|44.836584|-0.586938|Écoles / collèges / lycées|70|6|7|oui
Haneuse Atelier De Langues|44.827169|-0.586451|Écoles / collèges / lycées|18|7|7|oui
Hangar Darwin - Caserne Niel|44.853995|-0.566388|Gymnases / sports couverts|179|2|6|non
Hangar G2 : Immeuble De Bureaux|44.86203|-0.554897|Mairies / administrations|600|3|5|non
Hemera - (Ex Site Marie Brizard - Bureaux (Recevant Du Public))|44.849156|-0.584079|Mairies / administrations|0|6|5|oui
"Home Therapeutique ""Capucines"""|44.825544|-0.567017|Écoles / collèges / lycées|10|4|7|non
Le Toit Girondins|44.832245|-0.576623|Mairies / administrations|50|5|5|non
Le Trireme : Bureaux|44.86342|-0.580129|Mairies / administrations|73|5|5|non
Leroy Merlin : Cour Materiaux|44.879315|-0.559229|Centres commerciaux|54|2|2|non
Les Delices Du Fournil|44.85222|-0.573718|Centres commerciaux|40|4|2|non
Les Laureades De Bordeaux Kergomard|44.823181|-0.574844|Salles de spectacle / conférences|0|6|4|non
Les Magasins Genereux - Le Campus|44.835621|-0.565008|Écoles / collèges / lycées|1373|3|7|non
Les Participiales 19 Octobre 2012|44.82814|-0.583822|Salles de spectacle / conférences|200|6|4|non
Les Rendez Vous Materiaux Innovants Et Chimie Des Materiaux|44.850031|-0.570868|Hôtels / hébergements|2500|4|3|non
Les Trouvailles De Cauderan|44.851617|-0.610162|Centres commerciaux|0|8|2|non
Liberty Gym|44.826032|-0.577327|Gymnases / sports couverts|95|6|6|oui
Librairie Mollat : Papeterie|44.840783|-0.578903|Centres commerciaux|40|5|2|non
Local Associatif|44.835282|-0.567483|Salles de spectacle / conférences|46|4|4|non
Local Associatif|44.850589|-0.585358|Mairies / administrations|18|6|5|oui
Local Commercial|44.833866|-0.571061|Centres commerciaux|0|4|2|non
Local Commercial|44.839134|-0.579271|Centres commerciaux|17|5|2|non
Local Commercial|44.840432|-0.581681|Centres commerciaux|9|6|2|non
Local Commercial|44.856458|-0.591338|Centres commerciaux|100|6|2|non
Local Commercial|44.841457|-0.546621|Centres commerciaux|0|4|2|non
Local Commercial|44.843067|-0.586609|Centres commerciaux|18|6|2|non
Local Commercial|44.848952|-0.56165|Centres commerciaux|31|1|2|non
Local Commercial|44.835294|-0.567318|Centres commerciaux|9|4|2|non
Local Commercial|44.826021|-0.569705|Centres commerciaux|4|5|2|non
Local Commercial|44.852503|-0.574501|Centres commerciaux|0|4|2|non
Local Commercial|44.857082|-0.561521|Centres commerciaux|48|1|2|non
Local Commercial (Coque)|44.856488|-0.589569|Centres commerciaux|180|6|2|non
Local Commercial 04 Magasin|44.864943|-0.559972|Centres commerciaux|138|2|2|non
Look Voyages|44.862132|-0.587876|Mairies / administrations|0|6|5|oui
Lycee Camille Jullian:Bat N Parloir|44.844575|-0.590137|Écoles / collèges / lycées|10|7|7|oui
Lycee M.Montaigne:Dos General|44.834845|-0.571889|Écoles / collèges / lycées|1850|4|7|non
Lycee Prof Les Menuts|44.829423|-0.562416|Écoles / collèges / lycées|500|3|7|non
Lycée Technique Et Professionnel Privé Bel Orme Et Creche Les Calins D'Orme|44.84985|-0.594105|Écoles / collèges / lycées|820|7|7|oui
Magasin|44.84632|-0.588074|Centres commerciaux|1029|6|2|non
Magasin|44.840062|-0.571727|Centres commerciaux|0|4|2|non
"Magasin ""Le Bouif"""|44.842789|-0.577315|Centres commerciaux|0|5|2|non
Magasin Blue Box|44.840524|-0.574779|Centres commerciaux|317|5|2|non
Magasin Bonobo|44.840113|-0.574275|Centres commerciaux|76|5|2|non
Magasin Caroll|44.840735|-0.579449|Centres commerciaux|38|5|2|non
Magasin Carrefour City|44.832961|-0.582399|Centres commerciaux|104|6|2|non
Magasin Mondowine|44.873224|-0.546275|Centres commerciaux|99|5|2|non
Magasin Muy Mucho|44.835698|-0.573429|Centres commerciaux|82|5|2|non
Magasin Pirouettes|44.838414|-0.5799|Centres commerciaux|0|6|2|non
Magasin Promod|44.839342|-0.57415|Centres commerciaux|150|5|2|non
Magasin San Marina|44.839147|-0.574107|Centres commerciaux|137|5|2|non
Magasin Solaris Ex Kana Beach|44.840732|-0.574377|Centres commerciaux|11|5|2|non
Magasin Staggy|44.838096|-0.57382|Centres commerciaux|89|5|2|non
Magasin Station Scooter|44.82446|-0.587663|Centres commerciaux|0|7|2|non
Magasin Tati Or|44.840883|-0.577709|Centres commerciaux|14|5|2|non
Magasin Tintamarre|44.840235|-0.571053|Centres commerciaux|10|4|2|non
Magasin Tout Pour La Chaussure|44.840918|-0.581211|Centres commerciaux|18|6|2|non
Magasin Vica|44.837409|-0.575109|Centres commerciaux|170|5|2|non
Magasin Vision Plus|44.819341|-0.572194|Centres commerciaux|15|6|2|non
Magasin Zara Sainte Catherine|44.840819|-0.574391|Centres commerciaux|455|5|2|non
Maison D'Assitantes Maternelles|44.848506|-0.580386|Écoles / collèges / lycées|8|5|7|non
Maison De L'Amicale Des Sapeurs-Pompiers|44.834538|-0.584774|Salles de spectacle / conférences|151|6|4|non
Maison Rue Du Cloitre (Voir Dossier 5+20-01466)|44.833496|-0.568066|Salles de spectacle / conférences|62|4|4|non
Pavillon Des Mareyeurs|44.82582|-0.548151|Centres commerciaux|170|2|2|non
Petit 15|44.838771|-0.575213|Centres commerciaux|0|5|2|non
S.C.M.S'Cool Dance|44.843837|-0.577649|Gymnases / sports couverts|40|5|6|non
Salle D'Escrime|44.858289|-0.626155|Gymnases / sports couverts|50|9|6|oui
Salle D'Exposition|44.840071|-0.581975|Halls d'exposition|23|6|0|non
Salle De Quartier|44.848506|-0.580386|Salles de spectacle / conférences|198|5|4|non
Salle De Sport Mamaworks|44.851986|-0.568695|Gymnases / sports couverts|1|3|6|non
Salle De Sports|44.832982|-0.587923|Gymnases / sports couverts|19|7|6|oui
Salle Des Ventes Briscadieu Bordeaux|44.834461|-0.5813|Centres commerciaux|110|6|2|non
Salle Saint Michel|44.834602|-0.567911|Écoles / collèges / lycées|48|4|7|non
Salon Abc Kids|44.856355|-0.568436|Halls d'exposition|5619|3|0|non
Salon Arici|44.872645|-0.571176|Salles de spectacle / conférences|6141|3|4|non
Salon Cadres&Co 1Er Octobre 2013|44.856355|-0.568436|Halls d'exposition|5619|3|0|non
Salon Cap Associations|44.856355|-0.568436|Halls d'exposition|5619|3|0|non
Salon Carrefour Emploi Bordeaux Metropole - Hangar 14|44.856355|-0.568436|Halls d'exposition|2466|3|0|non
Salon D'Esthetique|44.84378|-0.608376|Centres commerciaux|0|8|2|non
Salon De Coiffure|44.83434|-0.564223|Centres commerciaux|18|3|2|non
Salon De Coiffure|44.834047|-0.610313|Centres commerciaux|4|8|2|non
Salon De Coiffure Isabelle M|44.844379|-0.581546|Centres commerciaux|0|6|2|non
Salon De Coiffure Pop Idole|44.840955|-0.582416|Centres commerciaux|2|6|2|non
Salon De Couture|44.836302|-0.599145|Centres commerciaux|0|8|2|non
Salon De L'Entreprise|44.872645|-0.571176|Salles de spectacle / conférences|6141|3|4|non
Salon Defi Creation Entreprise|44.872645|-0.571176|Salles de spectacle / conférences|6141|3|4|non
Salon Des Achats 2019|44.856355|-0.568436|Halls d'exposition|5619|3|0|non
Salon Des Futurs Maries Du 17 Au 19 Janvier 2014|44.872645|-0.571176|Salles de spectacle / conférences|6141|3|4|non
Salon Des Vins Et De La Gastronomie|44.832539|-0.610451|Salles de spectacle / conférences|777|8|4|non
Salon Du Bien Être Bio Et Thérapies|44.872645|-0.571176|Salles de spectacle / conférences|6141|3|4|non
Salon Innovaday 3 Juin 2014|44.872645|-0.571176|Salles de spectacle / conférences|6141|3|4|non
Salon International Longevity|44.856355|-0.568436|Halls d'exposition|5619|3|0|non
Salon Ipass 19 Et 20 Novembre 2013|44.862132|-0.587876|Salles de spectacle / conférences|0|6|4|non
Salon Le Petit Salon|44.839209|-0.571937|Centres commerciaux|0|4|2|non
Salon Petit 1 Et Age 3|44.872645|-0.571176|Salles de spectacle / conférences|6141|3|4|non
Salon Prevention En Santé|44.872645|-0.571176|Salles de spectacle / conférences|6141|3|4|non
Salon Projet Habitat Du 7 Au 9 Mars 2014|44.856355|-0.568436|Halls d'exposition|5619|3|0|non
Salon Que Faire Avec Un Bac+2 +3 +4|44.850031|-0.570868|Hôtels / hébergements|2500|4|3|non
Salon Sage Expo Success Day Du 16 Au 17 Juin 2014|44.872645|-0.571176|Salles de spectacle / conférences|6141|3|4|non
Salon Se Coiffure Mickael David|44.844302|-0.577056|Centres commerciaux|10|5|2|non
Salon Studyrama 6 Et 7 Decembre 2013|44.856355|-0.568436|Halls d'exposition|5619|3|0|non
Salon Vapexpo Du 13 Au 15 Mars 2014|44.856355|-0.568436|Halls d'exposition|5619|3|0|non
Saoya|44.840157|-0.579503|Centres commerciaux|5|5|2|non
Sarl Aquaclean|44.835055|-0.573655|Centres commerciaux|2|5|2|non
Sarl Cuirs Et Cle|44.837015|-0.575437|Centres commerciaux|0|5|2|non
Sarl La Maison Des Delices|44.84155|-0.582876|Centres commerciaux|18|6|2|non
Sarl Le Container (Ex Quint Et Sens)|44.847848|-0.596395|Salles de spectacle / conférences|0|7|4|non
Sarl Tissus Et Maison|44.841221|-0.573727|Centres commerciaux|0|5|2|non
Sas Boutiques Longchamp|44.842666|-0.577439|Centres commerciaux|41|5|2|non
Sasu Yser Conduite|44.826097|-0.577524|Mairies / administrations|18|6|5|oui
Sauna Ferrere|44.848059|-0.57221|Gymnases / sports couverts|50|4|6|non
Scanner Saint Augustin|44.819706|-0.597826|Hôpitaux / cliniques|12|8|9|non
Sci Bordeaux Plaza Bureaux|44.865235|-0.575879|Mairies / administrations|0|4|5|non
Sci Esthe Kine|44.850997|-0.607555|Centres commerciaux|0|8|2|non
Sci Jules H|44.85836|-0.565557|Mairies / administrations|5|2|5|non
Sci Les Freres Lumieres : Commerce 2|44.858289|-0.626155|Centres commerciaux|11|9|2|non
Sci Les Freres Lumieres : Commerces|44.858289|-0.626155|Centres commerciaux|10|9|2|non
Scm Grimal|44.848702|-0.611627|Mairies / administrations|13|8|5|oui
Scm Imagerie Medicale Verdun|44.849946|-0.574734|Hôpitaux / cliniques|0|4|9|non
Scp Luzler-Renoux|44.825662|-0.577451|Mairies / administrations|0|6|5|oui
Seemone Yoga|44.847931|-0.606773|Gymnases / sports couverts|0|8|6|oui
Siege De La  Caisse Regionale Credit Agricole Aquitaine|44.84039|-0.569416|Mairies / administrations|384|4|5|non
Siege Social De La Bpso|44.845771|-0.554999|Mairies / administrations|11|2|5|non
So Evenements (Dossier 2) Du 12 Au 13 Mars 2014|44.855285|-0.588633|Salles de spectacle / conférences|600|6|4|non
Societe Dep-France|44.87072|-0.564611|Centres commerciaux|10|1|2|non
Societe Dms|44.838597|-0.577104|Centres commerciaux|95|5|2|non
Societe Generale Agence Bancaire|44.838053|-0.568154|Mairies / administrations|19|4|5|non
Societe Generale Victoire|44.830519|-0.572034|Mairies / administrations|0|5|5|non
Soiree De Cloture Agora 2017|44.849084|-0.589783|Salles de spectacle / conférences|1380|6|4|non
Soleil Sucre|44.840718|-0.578792|Centres commerciaux|18|5|2|non
Spectacle A. Souchon Et L. Voulzy|44.83489|-0.587663|Salles de spectacle / conférences|7212|7|4|non
Spectacle De Noël De L'Us Chartrons Le 18Décembre 2013|44.855577|-0.567091|Gymnases / sports couverts|299|2|6|non
Spectacle Joe Bonamassa 18 Juin 2014|44.83489|-0.587663|Salles de spectacle / conférences|7212|7|4|non
Sport Vintage|44.847741|-0.581485|Centres commerciaux|15|6|2|non
St Joseph De Tivoli: Ecole Primaire|44.853854|-0.597092|Écoles / collèges / lycées|592|7|7|oui
Starperche|44.838577|-0.568834|Gymnases / sports couverts|0|4|6|non
Ste Marie Bastide Pole D'Enseignement Superieur Bts|44.842226|-0.557609|Écoles / collèges / lycées|198|1|7|non
Stephane Plaza Immobilier Et Customind|44.834794|-0.575037|Centres commerciaux|0|5|2|non
Sublim'Coiffure|44.860125|-0.633895|Centres commerciaux|0|9|2|non
Sugar Free|44.828695|-0.563401|Mairies / administrations|69|3|5|non
Synergie Formation Bordeaux|44.831156|-0.581027|Écoles / collèges / lycées|75|6|7|oui
Tabac Presse Jeux|44.862132|-0.587876|Centres commerciaux|0|6|2|non
Tabac-Presse Le Johnston|44.850096|-0.582174|Centres commerciaux|0|6|2|non
Tacos Avenue - Ex Le Saphir|44.835966|-0.573474|Centres commerciaux|0|5|2|non
Tastings By Vinexpo Du 16 Au 20 Juin 2013|44.872645|-0.571176|Salles de spectacle / conférences|6141|3|4|non
Tauzin Opticiens|44.842023|-0.579323|Centres commerciaux|0|5|2|non
Theatre La Boite A Jouer|44.858913|-0.563465|Salles de spectacle / conférences|100|1|4|non
Tout A Croquer|44.851982|-0.57101|Centres commerciaux|11|4|2|non
Tuc Tuc|44.841038|-0.575|Centres commerciaux|60|5|2|non
15Eme Journee Echo Doppler Cardio Vasculaire Du 24 Au 26 Septembre 2014|44.872645|-0.571176|Salles de spectacle / conférences|6141|3|4|non
17Èmes Journees Imagerie Biomedicale Congres Afib Du 19 Au 21 Septembre 2012|44.852746|-0.566354|Halls d'exposition|500|2|0|non
19Ème Congres De La Societe Francophone De Transplantation|44.849752|-0.570368|Hôtels / hébergements|2471|4|3|non
33Ème Congres Cer|44.872645|-0.571176|Salles de spectacle / conférences|6141|3|4|non
4Emes Rencontres Nationales Des Chefs De Service|44.850031|-0.570868|Hôtels / hébergements|2500|4|3|non
74 Centre De Sante|44.854566|-0.570888|Mairies / administrations|0|3|5|non
87Eme Exposition Canine Internationale|44.843016|-0.590765|Halls d'exposition|0|7|0|non
Afec|44.817065|-0.548823|Écoles / collèges / lycées|45|1|7|non
Aful Bordeaux Vauban|44.847681|-0.573964|Mairies / administrations|19|4|5|non
Auto Ecole  La Nouvelle 2 Ex Cer Dolphin'Ii|44.840573|-0.55311|Écoles / collèges / lycées|19|2|7|non
Auto Ecole M.M.I.V.|44.829234|-0.55878|Mairies / administrations|15|2|5|non
Auto-Ecole Soft Conduite Benauge Ex Cathy|44.841039|-0.548921|Écoles / collèges / lycées|10|3|7|non
Autotem|44.844713|-0.590541|Écoles / collèges / lycées|10|7|7|oui
Aux Cuirs De Boheme|44.838407|-0.574577|Centres commerciaux|0|5|2|non
Avis Location De Voitures|44.82194|-0.553941|Mairies / administrations|0|2|5|non
Bâtiment Multifonctionnel G1 Ilôt P4 - Magasin Lidl|44.835091|-0.566165|Centres commerciaux|383|3|2|non
Bibliotheque De La Cite Lumineuse|44.869044|-0.548023|Bibliothèques / médiathèques|120|4|1|non
Cabinet D'Orthophonistes|44.875309|-0.5524|Hôpitaux / cliniques|10|4|9|non
Cabinet D'Osteopathie|44.84675|-0.602586|Mairies / administrations|0|8|5|oui
Cabinet De Dentiste|44.833428|-0.56629|Mairies / administrations|8|4|5|non
Cabinet De Kinesitherapie|44.851546|-0.594463|Mairies / administrations|0|7|5|oui
Cabinet De Reeducation|44.833678|-0.602234|Mairies / administrations|0|8|5|oui
Cabinet Dentaire|44.860468|-0.609936|Mairies / administrations|0|8|5|oui
Cabinet Dentaire|44.826178|-0.593472|Mairies / administrations|17|7|5|oui
Cabinet Dentaire|44.845685|-0.578887|Mairies / administrations|0|5|5|non
Cabinet Dentaire|44.843669|-0.585409|Mairies / administrations|4|6|5|oui
Cabinet Dentaire|44.851584|-0.569077|Hôpitaux / cliniques|7|3|9|non
Cabinet Dentaire Cdbm (Voir 5-20-02559-000)|44.836967|-0.578304|Hôpitaux / cliniques|0|5|9|non
Cabinet Infirmier|44.834259|-0.610186|Mairies / administrations|0|8|5|oui
Cabinet Kinesitherapeute|44.835421|-0.582375|Mairies / administrations|0|6|5|oui
Cabinet Medical|44.856929|-0.619298|Mairies / administrations|15|9|5|oui
Cabinet Medical|44.852318|-0.614618|Mairies / administrations|4|8|5|oui
Cabinet Medical|44.848586|-0.598572|Mairies / administrations|24|7|5|oui
Cabinet Medical|44.847477|-0.599854|Mairies / administrations|6|7|5|oui
Cabinet Medical|44.839052|-0.579607|Mairies / administrations|0|6|5|oui
Cabinet Medical|44.82507|-0.577623|Mairies / administrations|50|6|5|oui
Cabinet Medical|44.842128|-0.575472|Centres commerciaux|0|5|2|non
Cabinet Medical|44.841582|-0.582477|Mairies / administrations|0|6|5|oui
Cabinet Medical|44.824785|-0.611627|Mairies / administrations|10|8|5|oui
Cabinet Médical|44.814314|-0.565314|Hôpitaux / cliniques|4|5|9|non
Cabinet Medical|44.841217|-0.587081|Mairies / administrations|0|6|5|oui
Cabinet Medical|44.833657|-0.580944|Mairies / administrations|19|6|5|oui
Cabinet Medical|44.845573|-0.594023|Mairies / administrations|0|7|5|oui
Cabinet Medical|44.837942|-0.604682|Mairies / administrations|0|8|5|oui
Cabinet Medical Balondrade|44.851184|-0.579052|Mairies / administrations|0|5|5|non
Cabinet Medical Chevillard|44.839174|-0.568989|Mairies / administrations|0|4|5|non
Cabinet Medical Dct Frappier|44.847296|-0.573054|Mairies / administrations|18|4|5|non
Cabinet Medical De La Bastide|44.860468|-0.609936|Mairies / administrations|10|8|5|oui
Cabinet Medical Docteur Nicolas|44.831837|-0.577436|Hôpitaux / cliniques|5|6|9|non
Cabinet Medical Dr Laverny|44.836666|-0.568359|Mairies / administrations|0|4|5|non
Cabinet Medical Dr. Bancaud|44.843894|-0.58155|Mairies / administrations|0|6|5|oui
Cabinet Medical Dr. Gerard|44.855171|-0.574062|Mairies / administrations|0|4|5|non
Cabinet Medical Jm Boulet|44.831709|-0.601392|Mairies / administrations|0|8|5|oui
Cabinet Medical M. Lafitte Et M. Gerard|44.816016|-0.574887|Mairies / administrations|8|6|5|oui
Cabinet Medical Mme Brousseaud|44.844875|-0.601139|Mairies / administrations|0|8|5|oui
Cafe Theatre Des Beaux Arts|44.830384|-0.559512|Salles de spectacle / conférences|90|2|4|non
Cafpi|44.864092|-0.557976|Mairies / administrations|19|2|5|non
Caisse D'Allocation Familiales|44.848135|-0.586677|Mairies / administrations|40|6|5|oui
Caisse D'Epargne Aquitaine Poitou Charentes Bordeaux Balguerie|44.859566|-0.565045|Mairies / administrations|0|2|5|non
Caisse D'Epargne Pey Berland|44.837846|-0.576153|Mairies / administrations|12|5|5|non
Caisse Locale Du Credit Mutuel Du Sud Ouest|44.841683|-0.601088|Mairies / administrations|16|8|5|oui
Californian Institute|44.846812|-0.578935|Écoles / collèges / lycées|15|5|7|non
Carrefour City|44.83667|-0.598585|Centres commerciaux|186|8|2|non
Carrefour City|44.813991|-0.573049|Centres commerciaux|151|6|2|non
Carrefour City|44.83863|-0.569634|Centres commerciaux|195|4|2|non
Carrefour City|44.853685|-0.571033|Centres commerciaux|87|3|2|non
Carrefour Market Bordeaux Cauderan : Dos General|44.861159|-0.634271|Centres commerciaux|1147|9|2|non
Caserne Boudet : Salle D'Examens|44.827169|-0.586451|Écoles / collèges / lycées|80|7|7|oui
Cash Cosmetic|44.856655|-0.604889|Centres commerciaux|180|8|2|non
Cc Les Passages Cmk : Magasin Celio Lot N° 15|44.829192|-0.599982|Centres commerciaux|30|8|2|non
Centre Car Life|44.835905|-0.582902|Centres commerciaux|30|6|2|non
Centre Cluny|44.860572|-0.588225|Écoles / collèges / lycées|378|6|7|oui
Centre Commercial Europe Du Gd Parc : Ilot J|44.859751|-0.582403|Centres commerciaux|0|5|2|non
Centre Commercial Grand Parc Ilot Counord Batiment 1 : Dos Gal|44.837058|-0.579199|Centres commerciaux|64|6|2|non
Centre D'Animation Bordeaux Sud|44.817149|-0.550367|Écoles / collèges / lycées|280|1|7|non
Centre D'Animation Social Et Culturel Bastide Benauge|44.844508|-0.543947|Salles de spectacle / conférences|410|4|4|non
Centre D'Enseignement|44.843133|-0.573058|Écoles / collèges / lycées|42|4|7|non
Centre D'Information Et D'Orientation De Bordeaux Nord|44.850462|-0.574845|Bibliothèques / médiathèques|16|4|1|non
Centre De Consultations|44.843211|-0.594839|Mairies / administrations|19|7|5|oui
Centre De Consultations Medicales|44.830253|-0.605881|Mairies / administrations|0|8|5|oui
Centre De Developpement Informatique, Scientifique Et De Prototypage|44.836373|-0.574294|Écoles / collèges / lycées|150|5|7|non
Centre De Formation I.F.2E|44.853948|-0.568341|Écoles / collèges / lycées|120|3|7|non
Centre De Formation Insermedia - Entree B|44.853792|-0.588511|Écoles / collèges / lycées|36|6|7|oui
Centre De Loisirs Des Jeunes De La Police Nationale|44.873383|-0.57091|Salles de spectacle / conférences|25|3|4|non
Centre De Paiement De La S.S.|44.820513|-0.568085|Mairies / administrations|10|5|5|non
Centre De Remise En Forme.|44.895639|-0.558849|Gymnases / sports couverts|155|5|6|non
Chambre Syndicale Des Artisans|44.824916|-0.561544|Mairies / administrations|3|3|5|non
Chartreuse St Andre : Salle Polyvalente Et Centre De Loisirs|44.858289|-0.626155|Salles de spectacle / conférences|234|9|4|non
Cite Administrative - Bät Provisoire Primo Accueil (Drfip, Dreal, Ddtm)|44.823212|-0.600281|Mairies / administrations|130|8|5|oui
Cite Mondiale Agence Manpower Randstadt|44.850121|-0.570878|Mairies / administrations|8|4|5|non
Cite Mondiale Systra|44.850031|-0.570868|Mairies / administrations|0|4|5|non
Clinique St Augustin:Bat Ares-Consultations|44.820154|-0.598235|Mairies / administrations|79|8|5|oui
Clinique St Augustin:Batiment H  Irm-Scanner|44.820154|-0.598235|Hôpitaux / cliniques|32|8|9|non
Clinique St Augustin:Centre Imagerie Fonctionnelle Et Parc De Stationnement|44.836475|-0.605426|Hôpitaux / cliniques|36|8|9|non
Club Espoir 33|44.860985|-0.559957|Hôpitaux / cliniques|0|1|9|non
Club Senior De Lussy-Centre Medico-Scolaire|44.840892|-0.607974|Salles de spectacle / conférences|80|8|4|non
Club Senior Jardin Public|44.856448|-0.572924|Salles de spectacle / conférences|78|4|4|non
Etude Malmezat Prat|44.85227|-0.613458|Mairies / administrations|0|8|5|oui
Evic France|44.852925|-0.593263|Mairies / administrations|117|7|5|oui
Faculte De Droit Annexe|44.836408|-0.578213|Écoles / collèges / lycées|120|5|7|non
Federation Des Oeuvres Laiques|44.847817|-0.573989|Salles de spectacle / conférences|80|4|4|non
Festival Des Basques A Bordeaux|44.856355|-0.568436|Halls d'exposition|5619|3|0|non
Festival Echo A Venir|44.847998|-0.573582|Salles de spectacle / conférences|1980|4|4|non
Fete Aid El Kebir|44.846983|-0.549041|Gymnases / sports couverts|260|3|6|non
Forum French Connect 30 Juin Au 2 Juillet 2013|44.872645|-0.571176|Salles de spectacle / conférences|6141|3|4|non
Foyer De La Doctrine Chretienne|44.831614|-0.569124|Salles de spectacle / conférences|77|4|4|non
Foyer Fraternel Annexe|44.850216|-0.576009|Écoles / collèges / lycées|0|5|7|non
Foyer Le Levain|44.833956|-0.575912|Salles de spectacle / conférences|92|5|4|non
Foyer Logement /Centre D'Accueil D'Urgence|44.828825|-0.585421|Salles de spectacle / conférences|80|6|4|non
Frans Bonhomme|44.844583|-0.588799|Centres commerciaux|15|6|2|non
G25 - Salle Commune|44.85946|-0.547289|Salles de spectacle / conférences|95|4|4|non
Gal Grands Hommes: Etal 19 L'Oeuf Ou La Poule|44.842816|-0.577589|Centres commerciaux|0|5|2|non
Gala De Boxe Du Cam Du 28 Février 2014|44.827524|-0.563006|Gymnases / sports couverts|200|3|6|non
Galerie Bordelaise : Boutique Minimi|44.84181|-0.573918|Centres commerciaux|15|5|2|non
Galerie Bordelaise : Magasin Liu.Jo|44.841247|-0.57421|Centres commerciaux|23|5|2|non
Galerie D'Exposition|44.839174|-0.568989|Halls d'exposition|29|4|0|non
Lycee Camille Jullian:Bat Musique-Chapelle - Bat O Et G|44.844575|-0.590137|Écoles / collèges / lycées|180|7|7|oui
Lycee Condorcet|44.858854|-0.577768|Écoles / collèges / lycées|860|5|7|non
Lycee Francois  Magendie:Site Walter Poupot|44.828521|-0.581705|Écoles / collèges / lycées|390|6|7|oui
Lyonnaise Des Eaux|44.849353|-0.587151|Mairies / administrations|0|6|5|oui
Magasin|44.835621|-0.565008|Centres commerciaux|115|3|2|non
Magasin|44.840357|-0.569404|Centres commerciaux|0|4|2|non
Magasin (Coque)|44.841738|-0.577384|Centres commerciaux|116|5|2|non
Magasin Alain Lagache|44.837782|-0.570003|Centres commerciaux|16|4|2|non
Magasin Audika|44.840259|-0.581143|Centres commerciaux|0|6|2|non
Magasin Benetton|44.84075|-0.579262|Centres commerciaux|147|5|2|non
Magasin Casino Shopping|44.830042|-0.57319|Centres commerciaux|254|5|2|non
Magasin Celio|44.839829|-0.574229|Centres commerciaux|250|5|2|non
Magasin Chacok|44.842452|-0.578448|Centres commerciaux|10|5|2|non
Magasin Cultura Ginko Ilot C2.2 Lot 1.01|44.878852|-0.570495|Centres commerciaux|2271|3|2|non
Magasin Darty - Restaurants Il Gusto Et Memphis Coffee|44.879032|-0.560236|Centres commerciaux|0|2|2|non
Magasin De Chaussures|44.828983|-0.564439|Centres commerciaux|19|3|2|non
Magasin De Fleurs|44.828983|-0.564439|Centres commerciaux|14|3|2|non
Magasin De Meubles (Mikaland)|44.860448|-0.559356|Centres commerciaux|110|2|2|non
Magasin De Vente (Coque)|44.841738|-0.577384|Centres commerciaux|0|5|2|non
Magasin Depret A Porter  Ex Parfumerie Elytis|44.836098|-0.573618|Centres commerciaux|62|5|2|non
Magasin Desigual|44.840838|-0.578253|Centres commerciaux|346|5|2|non
Magasin Eram|44.838717|-0.573922|Centres commerciaux|121|5|2|non
Magasin Eurodif|44.837475|-0.5742|Centres commerciaux|305|5|2|non
Magasin Foot Locker|44.84096|-0.575919|Centres commerciaux|63|5|2|non
Magasin Genevieve Lethu|44.842937|-0.579071|Centres commerciaux|83|5|2|non
Magasin Gerbeau Talon|44.838762|-0.575308|Centres commerciaux|16|5|2|non
Magasin Kiko Ex Oxbow|44.840455|-0.574332|Centres commerciaux|47|5|2|non
Magasin King Salons|44.876126|-0.559654|Centres commerciaux|96|2|2|non
Magasin Lancel|44.841763|-0.578037|Centres commerciaux|124|5|2|non
Magasin Le Petit Prince|44.852227|-0.539921|Centres commerciaux|10|5|2|non
Magasin Lidl|44.863686|-0.565551|Centres commerciaux|339|2|2|non
Magasin Marche Plus Mothes|44.828314|-0.568766|Centres commerciaux|176|4|2|non
Magasin Master Meubles|44.879032|-0.560236|Centres commerciaux|145|2|2|non
Magasin Napapijri|44.84073|-0.576139|Centres commerciaux|0|5|2|non
Magasin Orcade - Minelli|44.838995|-0.574093|Centres commerciaux|0|5|2|non
Magasin Passionata|44.841038|-0.575|Centres commerciaux|12|5|2|non
Magasin Paul Marius|44.839644|-0.572064|Centres commerciaux|0|4|2|non
Magasin Rodier|44.841703|-0.57883|Centres commerciaux|54|5|2|non
Magasin Scoregames|44.840894|-0.57758|Centres commerciaux|22|5|2|non
Magasin Sephora|44.83959|-0.574067|Centres commerciaux|349|5|2|non
Magasin Snipes (Ex Jules)|44.840638|-0.574362|Centres commerciaux|58|5|2|non
Magasin Stock O'Mani|44.823679|-0.613082|Centres commerciaux|993|9|2|non
Mairie De Quartier Bordeaux Maritime|44.852935|-0.594842|Mairies / administrations|35|7|5|oui
Maison De Couture|44.83635|-0.570529|Centres commerciaux|19|4|2|non
Maison De La Petite Enfance Armand Faulat|44.845841|-0.613293|Écoles / collèges / lycées|126|8|7|oui
Maison De Retraite Terre Negre : Johnston|44.85097|-0.592184|Maisons de retraite / handicapés|335|7|8|non
Maison Des Énergies Citoyennes|44.840747|-0.569569|Salles de spectacle / conférences|0|4|4|non
Maison Du Projet Bordeaux Bastide|44.845004|-0.541513|Mairies / administrations|108|5|5|non
Maison Et Decoration Pruilh|44.841522|-0.579935|Centres commerciaux|0|6|2|non
Makadam Fitness/Magasin Le Grand Panier Bio|44.859508|-0.565322|Centres commerciaux|872|2|2|non
"Mam ""En Route Pour L'Aventure"""|44.847096|-0.609157|Écoles / collèges / lycées|8|8|7|oui
Mam Les Coquin'Ours|44.851819|-0.624433|Écoles / collèges / lycées|12|9|7|oui
Mam Les Luciolles|44.837875|-0.568736|Écoles / collèges / lycées|8|4|7|non
Marché De Lerme - Les Serrages|44.847215|-0.584758|Salles de spectacle / conférences|20|6|4|non
Marche Des Capucins- Halle A-Banc 37 Ab|44.838714|-0.596208|Centres commerciaux|0|7|2|non
Marche Des Capucins-Halle A-Banc 18 Ab Th Beauvieux|44.830671|-0.567738|Centres commerciaux|0|4|2|non
Marche Des Capucins-Halle A-Banc 3 B Boulangerie Bio|44.830671|-0.567738|Centres commerciaux|0|4|2|non
Marche Des Capucins-Halle A-Banc 37 A B|44.830671|-0.567738|Centres commerciaux|0|4|2|non
Marche Des Capucins-Halle A-Banc 4 Abc|44.830671|-0.567738|Centres commerciaux|0|4|2|non
Pause Café|44.842077|-0.578163|Centres commerciaux|12|5|2|non
Pavillon De La Mutualite|44.824291|-0.591294|Mairies / administrations|40|7|5|oui
Pavillon Du Projet Gare Saint Jean|44.847898|-0.61382|Salles de spectacle / conférences|23|8|4|non
Pc Regulation De La Circulation|44.825362|-0.588194|Mairies / administrations|30|7|5|oui
Pegast Restauration Rapide|44.844784|-0.577787|Centres commerciaux|19|5|2|non
People Shoes|44.833829|-0.57312|Centres commerciaux|14|5|2|non
Pharmacie|44.823299|-0.585838|Centres commerciaux|0|7|2|non
Pharmacie Pasteur|44.832963|-0.573867|Mairies / administrations|15|5|5|non
Pharmarcie De L'Yser|44.828679|-0.568386|Mairies / administrations|0|4|5|non
Piscine Du Grand Parc|44.857415|-0.579847|Gymnases / sports couverts|1030|5|6|non
Pitchoun' : Batiment Provisoire|44.850208|-0.6055|Écoles / collèges / lycées|24|8|7|oui
Pole Universitaire De Sciences De Gestion|44.845641|-0.557724|Écoles / collèges / lycées|3004|1|7|non
Polyclinique Bx Nord:Batiment L|44.863979|-0.578768|Hôpitaux / cliniques|498|5|9|non
R.C.Automobile|44.844308|-0.553648|Centres commerciaux|11|2|2|non
R.P.A. Et Club Senior Buchou|44.821948|-0.565356|Salles de spectacle / conférences|70|4|4|non
Réhabilitation Immeuble|44.854121|-0.566224|Mairies / administrations|382|2|5|non
Residence Autonomie  - Lot A7.2 - Ginko|44.831923|-0.60073|Salles de spectacle / conférences|0|8|4|non
Residence Etudiants Ex Solar Espagnol|44.822767|-0.576002|Salles de spectacle / conférences|0|6|4|non
Residence Hoteliere Ecole De La Magistrature|44.833679|-0.569653|Hôtels / hébergements|132|4|3|non
Residence Hoteliere Edouard Vaillant|44.861962|-0.559357|Hôtels / hébergements|275|1|3|non
Residence Saint James Parc|44.850183|-0.604769|Mairies / administrations|19|8|5|oui
Residence-Service Les Hesperides|44.839313|-0.577495|Salles de spectacle / conférences|0|5|4|non
Restaurant Garopapilles (Ex-Sci Carlina)|44.841927|-0.582739|Centres commerciaux|0|6|2|non
Salon Ce Bordeaux|44.856355|-0.568436|Halls d'exposition|5619|3|0|non
Salon De Coiffure|44.853126|-0.569783|Centres commerciaux|0|3|2|non
Salon De Coiffure Camille Albane|44.837747|-0.575756|Centres commerciaux|0|5|2|non
Salon De Coiffure Desings|44.848573|-0.59823|Centres commerciaux|0|7|2|non
Salon De Coiffure Stephanie Cordon|44.832791|-0.606177|Mairies / administrations|0|8|5|oui
Salon De L'Apprentissage, De L'Alternance Et Des Formations Artistiques|44.856355|-0.568436|Halls d'exposition|5619|3|0|non
Salon De L'Immobilier 5, 6 Et 7/04/2013|44.852746|-0.566354|Halls d'exposition|5619|2|0|non
Salon Du Mariage|46.327502|-0.471609|Salles de spectacle / conférences|6141|9|4|non
Salon Eropolis International|44.829192|-0.599982|Halls d'exposition|0|8|0|non
Salon Fans De Briques Lego 29 Et 30 Novembre 2014|44.856355|-0.568436|Halls d'exposition|5619|3|0|non
Salon France Ce Bordeaux Du 5 Au 6 Avril 2018|44.856355|-0.568436|Halls d'exposition|5619|3|0|non
Salon Hydro Power|44.872645|-0.571176|Salles de spectacle / conférences|6141|3|4|non
Salon Les Ateliers Du Commerce|44.842187|-0.571079|Halls d'exposition|500|4|0|non
Salon Naval Meetings 13 Et 14 Novembre 2013|44.872645|-0.571176|Salles de spectacle / conférences|6141|3|4|non
Salon Ob'Art|44.856355|-0.568436|Halls d'exposition|5619|3|0|non
Salon Ob'Art De Bordeaux 2016|44.856355|-0.568436|Halls d'exposition|5619|3|0|non
"Salon Professionnel Elior France  ""Road Show"""|44.856355|-0.568436|Halls d'exposition|5619|3|0|non
Salon Scan|44.872645|-0.571176|Salles de spectacle / conférences|380|3|4|non
Salon Sidj Joueclub|44.856355|-0.568436|Halls d'exposition|5619|3|0|non
Salon Vintage De Bordeaux|44.856355|-0.568436|Halls d'exposition|5619|3|0|non
Salons Ce|44.856355|-0.568436|Halls d'exposition|5619|3|0|non
Salons L'Etudiant|44.872645|-0.571176|Salles de spectacle / conférences|6141|3|4|non
Samu Social|44.829681|-0.567135|Hôtels / hébergements|7|4|3|non
Sandro|44.84258|-0.577424|Centres commerciaux|169|5|2|non
Sarl Cephee|44.841233|-0.559888|Centres commerciaux|5|1|2|non
Sarl Planete Surfer'S Shop|44.839948|-0.579536|Centres commerciaux|0|5|2|non
Sarl Warhammer|44.836826|-0.574655|Centres commerciaux|0|5|2|non
Sas Yaal|44.832147|-0.570327|Mairies / administrations|17|4|5|non
Satnam Club - Salle De Yoga|44.839908|-0.578133|Gymnases / sports couverts|40|5|6|non
Satnaw Club Ex-Cabinet De Kinesitherapie Dr. David|44.839908|-0.578133|Mairies / administrations|5|5|5|non
Sccm Bordeaux Mga|44.848435|-0.571142|Mairies / administrations|0|4|5|non
Sci Hoeu|44.838737|-0.61502|Mairies / administrations|10|8|5|oui
Sci Le Jardin Des Delices|44.828693|-0.583256|Mairies / administrations|20|6|5|oui
Sci Les Freres Lumieres : Commerce 1|44.858289|-0.626155|Centres commerciaux|12|9|2|non
Sci Soins Mandron|44.856684|-0.585995|Mairies / administrations|8|6|5|oui
Scm Cab 51 Cabinet Medical|44.840946|-0.576968|Mairies / administrations|0|5|5|non
Scp Aurientis-Mourgues|44.840617|-0.587974|Mairies / administrations|0|6|5|oui
Secrets De Chefs|44.845898|-0.58124|Écoles / collèges / lycées|12|6|7|oui
Semaine Digitale|44.856355|-0.568436|Halls d'exposition|5619|3|0|non
Service Local De Psychologie Appliquee|44.853729|-0.573586|Mairies / administrations|15|4|5|non
So Evenements|44.855285|-0.588633|Salles de spectacle / conférences|600|6|4|non
Soccer Park Bordeaux|44.879315|-0.559229|Gymnases / sports couverts|187|2|6|non
Societe Dotsafe|44.859998|-0.556835|Mairies / administrations|0|2|5|non
Societe Generale|44.841849|-0.576869|Mairies / administrations|79|5|5|non
Societe Generale (Dossier Annule  Voir 5-20)|44.832194|-0.609534|Mairies / administrations|0|8|5|oui
Square Habitat|44.822637|-0.581044|Mairies / administrations|0|6|5|oui
Stade Velodrome (Stadium)|44.903561|-0.574971|Gymnases / sports couverts|6013|7|6|oui
Start Immo|44.840443|-0.553221|Centres commerciaux|0|2|2|non
Ste Marie Bastide Elementaire|44.843073|-0.552162|Écoles / collèges / lycées|280|2|7|non
Strategies Locales Office|44.822357|-0.593716|Mairies / administrations|12|7|5|oui
Studio Clin D'Oeil|44.843044|-0.572311|Centres commerciaux|17|4|2|non
Studio De Danse|44.841789|-0.556552|Écoles / collèges / lycées|40|1|7|non
Sud Alliance|44.843924|-0.575372|Mairies / administrations|0|5|5|non
Sud-Ouest - Centre D'Impression - Salle De Seminaire|44.840747|-0.569569|Salles de spectacle / conférences|124|4|4|non
Superette Petit Casino|44.822188|-0.581832|Centres commerciaux|129|6|2|non
Supermarche Aldi|44.864877|-0.563241|Centres commerciaux|340|1|2|non
Tabac Le Rohan|44.836514|-0.575921|Centres commerciaux|0|5|2|non
Tabac Loto De La Victoire|44.831187|-0.572399|Centres commerciaux|15|5|2|non
Tabac Presse|44.832586|-0.611954|Centres commerciaux|0|8|2|non
Tabac Presse Brethenoux|44.827473|-0.56911|Centres commerciaux|10|4|2|non
Tabac Presse Saint Genes|44.821581|-0.582445|Centres commerciaux|19|7|2|non
Tabac Saint Genez Presse|44.838997|-0.571916|Centres commerciaux|9|4|2|non
Tendancie|44.840727|-0.57954|Centres commerciaux|0|5|2|non
Theatro - La Faïencerie|44.855285|-0.588633|Salles de spectacle / conférences|1228|6|4|non
"Tour Erika ""F"""|44.838515|-0.587207|Mairies / administrations|0|6|5|oui
Tour Mozart|44.854661|-0.590215|Mairies / administrations|12|6|5|oui
Triumph|44.852807|-0.580379|Centres commerciaux|28|5|2|non
Passage Saint Michel Magasin De Brocante|44.833736|-0.565879|Centres commerciaux|198|3|2|non
Uniqlo|44.841006|-0.576441|Centres commerciaux|676|5|2|non
13Eme Congres Ors|44.872645|-0.571176|Salles de spectacle / conférences|6141|3|4|non
15Eme Journee Du Club Des Jeunes Nephrologues Du 19 Au 21 Mars 2015|44.850031|-0.570868|Hôtels / hébergements|2500|4|3|non
Auto Ecole Du Loup|44.838008|-0.572969|Écoles / collèges / lycées|0|4|7|non
Body & Nail Minute|44.837903|-0.574244|Centres commerciaux|11|5|2|non
Bourse De L'Immobilier|44.824586|-0.578786|Mairies / administrations|16|6|5|oui
Boutique|44.832486|-0.573027|Centres commerciaux|92|5|2|non
Boutique|44.82207|-0.581748|Centres commerciaux|3|6|2|non
Boutique Coffea|44.840879|-0.580038|Centres commerciaux|35|6|2|non
Boutique Havrey|44.843502|-0.579152|Centres commerciaux|33|5|2|non
Boutique Hermes ( Provisoire )|44.841407|-0.579998|Centres commerciaux|18|6|2|non
Boutique Kdo|44.844379|-0.581546|Centres commerciaux|0|6|2|non
Boutique Kisspri|44.832763|-0.573073|Centres commerciaux|0|5|2|non
Boutique Le Tanneur|44.842134|-0.575393|Centres commerciaux|20|5|2|non
Boutique Maje|44.841441|-0.57848|Centres commerciaux|17|5|2|non
Boutique Minelli|44.841923|-0.575883|Centres commerciaux|2|5|2|non
Boutique My Shop|44.838614|-0.579485|Centres commerciaux|1|5|2|non
Boutique Nespresso|44.84168|-0.579147|Centres commerciaux|113|5|2|non
Boutique Pour Enfants Saul Emilie|44.853685|-0.571033|Centres commerciaux|0|3|2|non
Boutique Six|44.838168|-0.573832|Centres commerciaux|16|5|2|non
Bouyges Telecom|44.841032|-0.575942|Centres commerciaux|13|5|2|non
Cabinet D'Avocat|44.836168|-0.576482|Mairies / administrations|3|5|5|non
Cabinet D'Avocat Puygauthier|44.822858|-0.59988|Mairies / administrations|0|8|5|oui
Cabinet D'Avocats|44.84662|-0.57634|Mairies / administrations|3|5|5|non
Cabinet D'Avocats|44.837341|-0.579478|Mairies / administrations|0|6|5|oui
Cabinet Dentaire|44.857162|-0.620481|Mairies / administrations|10|9|5|oui
Cabinet Dentaire Bartala-Mercandalli|44.854332|-0.614319|Mairies / administrations|13|8|5|oui
Cabinet Dentaire Et De Psychologie|44.841405|-0.574364|Mairies / administrations|4|5|5|non
Cabinet Dentaire Residence Anneau D'Or|44.832081|-0.596427|Hôpitaux / cliniques|14|7|9|non
Cabinet Infirmier Le Petit Julien|44.83693|-0.580968|Mairies / administrations|2|6|5|oui
Cabinet Kinesitherapie Et Osteopathie|44.851335|-0.575834|Mairies / administrations|0|5|5|non
Cabinet Medical|44.840946|-0.576968|Mairies / administrations|0|5|5|non
Cabinet Medical|44.839189|-0.591494|Mairies / administrations|18|7|5|oui
Cabinet Medical|44.837293|-0.579974|Mairies / administrations|12|6|5|oui
Cabinet Medical|44.849576|-0.589122|Mairies / administrations|0|6|5|oui
Cabinet Medical|44.84982|-0.592605|Mairies / administrations|7|7|5|oui
Cabinet Medical|44.85794|-0.567538|Mairies / administrations|0|2|5|non
Cabinet Medical|44.85325|-0.579722|Mairies / administrations|0|5|5|non
Cabinet Medical|44.824458|-0.582107|Mairies / administrations|0|6|5|oui
Cabinet Medical|44.835597|-0.567932|Hôpitaux / cliniques|-20|4|9|non
Cabinet Medical|44.832498|-0.581798|Mairies / administrations|0|6|5|oui
Cabinet Medical|44.824393|-0.597241|Mairies / administrations|0|8|5|oui
Cabinet Medical|44.851566|-0.57692|Mairies / administrations|21|5|5|non
Cabinet Medical|44.856253|-0.62686|Mairies / administrations|0|9|5|oui
Cabinet Medical|44.838163|-0.576241|Hôpitaux / cliniques|15|5|9|non
Cabinet Medical Ballade|44.837525|-0.573516|Mairies / administrations|0|5|5|non
Cabinet Medical Claudia Gaujard|44.847773|-0.616934|Mairies / administrations|0|8|5|oui
Cabinet Medical Didier Lalanne|44.87389|-0.546963|Mairies / administrations|6|5|5|non
Cabinet Medical Docteur Devaure|44.849558|-0.595294|Mairies / administrations|0|7|5|oui
Cabinet Medical Docteur Moulinier|44.847476|-0.611739|Mairies / administrations|4|8|5|oui
Cabinet Medical Douet|44.84377|-0.608742|Mairies / administrations|0|8|5|oui
Cabinet Medical Douvier|44.84586|-0.577262|Mairies / administrations|5|5|5|non
Cabinet Medical Dr Tandonnet|44.837071|-0.580511|Mairies / administrations|3|6|5|oui
Cabinet Medical Dr. Lefebvre|44.860114|-0.609881|Mairies / administrations|5|8|5|oui
Cabinet Medical Dr. Lefevre|44.844815|-0.576612|Mairies / administrations|8|5|5|non
Cabinet Medical Dr. Winter|44.83236|-0.569672|Mairies / administrations|8|4|5|non
Cabinet Medical Ghettem|44.832143|-0.587825|Mairies / administrations|0|7|5|oui
Cabinet Medical Jarreau Pages Guern|44.831403|-0.587506|Mairies / administrations|6|7|5|oui
Cabinet Médical Rostand|44.831927|-0.577998|Mairies / administrations|42|6|5|oui
Cabinet Paradeis Et Lievre|44.841425|-0.598968|Mairies / administrations|10|7|5|oui
Cabinet Paramedical|44.82312|-0.560169|Mairies / administrations|5|3|5|non
Cabinet Psychiatrie Bazalgette|44.824399|-0.584989|Mairies / administrations|0|7|5|oui
Cabinet Veterinaire|44.832051|-0.609519|Mairies / administrations|0|8|5|oui
Cabinets Avocats Morel-Faury|44.842335|-0.578202|Mairies / administrations|3|5|5|non
Cabinets D'Avocats|44.8351|-0.571803|Mairies / administrations|20|4|5|non
Café Théâtre Des Auteurs Acteurs|44.818779|-0.571623|Salles de spectacle / conférences|36|5|4|non
Calk (Comite Animation Lafontaine Kleber)|44.836023|-0.570891|Mairies / administrations|29|4|5|non
Carrefour Express|44.842709|-0.608667|Centres commerciaux|294|8|2|non
Cauderan Automobiles|44.843715|-0.628607|Halls d'exposition|29|9|0|non
Cc Auchan Lac - Primark|44.860468|-0.609936|Centres commerciaux|2252|8|2|non
Cc Les Passages Cmk : Vide (Ex Boutique La Mode Est A Vous) Lot N° 7|44.841134|-0.583628|Centres commerciaux|3|6|2|non
Chorale Du Rep Bordeaux Bastide|44.839846|-0.553339|Gymnases / sports couverts|356|2|6|non
Commerce 07 (Coque M 5 ) - Zac Saint Jean Belcier - Lot 8.3 A|44.82194|-0.553941|Centres commerciaux|23|2|2|non
Commerce 5|44.852935|-0.594842|Centres commerciaux|113|7|2|non
Commerce C.3F - Ensemble Immobilier Brienne Ilot 5.1.C - Zac Bordeaux Saint Jean Belcier|44.823623|-0.544283|Centres commerciaux|3|2|2|non
Commerce Epicerie Fine|44.846159|-0.575491|Centres commerciaux|15|5|2|non
Commerce Lot C3 (Coque) - Brazza Lot A1 - Bâtiment G2|44.840747|-0.569569|Centres commerciaux|0|4|2|non
Complexe Sportif Gerard Brocas : Bureaux|44.843028|-0.555971|Mairies / administrations|28|1|5|non
Comptoir Bordelais Du Bijou D'Occasion|44.844243|-0.577723|Centres commerciaux|0|5|2|non
Comptoir Des Parfums|44.854076|-0.572495|Centres commerciaux|59|4|2|non
Comptoirs De Magellan|44.862132|-0.587876|Centres commerciaux|0|6|2|non
Dir Nat Des Enquetes Douanieres|44.845321|-0.5769|Mairies / administrations|10|5|5|non
Direction Des Services Fiscaux De La Gironde|44.847396|-0.578966|Mairies / administrations|19|5|5|non
Direction Regionale Des Affaires Culturelles|44.833137|-0.575382|Salles de spectacle / conférences|165|5|4|non
Direction Regionale Et Depart Pour La Protection Jeunes|44.845245|-0.583381|Mairies / administrations|76|6|5|oui
Docteur Ordinateur|44.841432|-0.584397|Centres commerciaux|1|6|2|non
Dragon Republique|44.839142|-0.611983|Centres commerciaux|4|8|2|non
Dunes Blanches|44.841362|-0.579565|Centres commerciaux|0|5|2|non
E.S.S.A.:Batiments Prefabriques|44.828695|-0.563401|Écoles / collèges / lycées|50|3|7|non
E.T.P. De Coupe Et De Couture|44.844334|-0.589306|Écoles / collèges / lycées|40|6|7|oui
Ec De Communication Visuelle D'Aquitaine|44.851358|-0.569233|Écoles / collèges / lycées|90|3|7|non
Ecole De Formation D'Aides Soignantes St Antoine|44.828521|-0.581705|Écoles / collèges / lycées|170|6|7|oui
Festival Zero Dechet|44.856355|-0.568436|Halls d'exposition|5619|3|0|non
Fish Spa Saint Pierre|44.838992|-0.570599|Mairies / administrations|6|4|5|non
Fitness Boutique|44.837327|-0.572872|Centres commerciaux|11|5|2|non
Grand Optical|44.841971|-0.575182|Centres commerciaux|65|5|2|non
Groupe Scolaire Quai Deschamps|44.83046|-0.59935|Écoles / collèges / lycées|540|8|7|oui
Groupe Scolaire Saint Genes: Lycee (Batiment Historique - Aile Sud)|44.824956|-0.581336|Écoles / collèges / lycées|450|6|7|oui
Groupe Scolaire Saint Genes:Batiment Des Laboratoires|44.824956|-0.581336|Écoles / collèges / lycées|581|6|7|oui
Groupement D'Etablissements : Biocoop/Optimum Ex-Freeness/Cged|44.8731|-0.562998|Centres commerciaux|648|1|2|non
Ilot P2 Usine Lesieur - Locaux Commerciaux|44.86203|-0.554897|Centres commerciaux|0|3|2|non
Ilot P2 Usine Lesieur : Batiment B2 - Locaux Communs Residentiels|44.86203|-0.554897|Salles de spectacle / conférences|163|3|4|non
Image Photo Panajou|44.844386|-0.577173|Centres commerciaux|10|5|2|non
Immeuble Assedic Anpe|44.837896|-0.555355|Mairies / administrations|155|1|5|non
Immeuble Le Cinq Salle Exposition|44.865837|-0.575408|Halls d'exposition|11|4|0|non
La Fee Maraboutee|44.840718|-0.578792|Centres commerciaux|46|5|2|non
La Foir'Fouille|44.876126|-0.559654|Centres commerciaux|743|2|2|non
La Griffe Du Chas|44.837413|-0.58503|Centres commerciaux|10|6|2|non
La Maison Aux Deux Fees|44.837875|-0.568736|Centres commerciaux|0|4|2|non
La Maison De L'Europe Et Ecole Gan Yossef|44.841574|-0.576109|Salles de spectacle / conférences|290|5|4|non
La Maison De Marie|44.842821|-0.615981|Hôtels / hébergements|14|8|3|non
La Pergola|44.851471|-0.616078|Salles de spectacle / conférences|519|8|4|non
La Pizza Au Feu De Bois|44.832513|-0.578053|Centres commerciaux|10|6|2|non
La Porte De Bordeaux Batiment C3-C4 : Commerce 3|44.833715|-0.593571|Centres commerciaux|54|7|2|non
La Rue Des Enfants|44.841583|-0.582364|Centres commerciaux|0|6|2|non
La Toque Cuivrée Ex : Agence De La Maif|44.841716|-0.580743|Centres commerciaux|6|6|2|non
Laboratoire D'Analyses Medicales|44.828054|-0.587404|Hôpitaux / cliniques|15|7|9|non
Laverie Automatique|44.85501|-0.572429|Centres commerciaux|6|4|2|non
Le Comptoir|44.836701|-0.576017|Centres commerciaux|18|5|2|non
Le Coq Sportif|44.858458|-0.562943|Centres commerciaux|84|1|2|non
Le Garage Moderne|44.865|-0.550285|Salles de spectacle / conférences|0|4|4|non
Le Grand Jardin|44.842423|-0.622533|Centres commerciaux|0|9|2|non
Le Pain De Sucre|44.845369|-0.592619|Centres commerciaux|0|7|2|non
Le Petit Souk|44.83957|-0.571959|Centres commerciaux|46|4|2|non
Le Phare De Bordeaux : Batiment Principal|44.828567|-0.601872|Maisons de retraite / handicapés|54|8|8|non
Les 21Èmes Journées Interactives De Réalité Pédiatriques|46.327502|-0.471609|Salles de spectacle / conférences|6141|9|4|non
Les Bassins À Flots - Local D'Activités 1|44.85847|-0.607336|Mairies / administrations|18|8|5|oui
Les Caprices De Coline|44.862132|-0.587876|Centres commerciaux|28|6|2|non
Les Compagnons Du Devoir:Bat Central|44.852282|-0.585369|Écoles / collèges / lycées|130|6|7|oui
Les Compagnons Du Devoir:Bat Est|44.852282|-0.585369|Écoles / collèges / lycées|0|6|7|oui
Les Douves En Novembre - 17, 24 Et 26 Novembre 2012|44.830806|-0.578612|Salles de spectacle / conférences|160|6|4|non
Les Jardins De Gambetta:Cours Lima|44.839794|-0.585576|Écoles / collèges / lycées|40|6|7|oui
Les Lumieres D'Ornano L'Épi Gaulois|44.833059|-0.596288|Centres commerciaux|32|7|2|non
Les Petites Chocolatieres|44.840107|-0.579486|Centres commerciaux|12|5|2|non
Les Portes De Cauderan : Bt Sciences (M.M.P.P.)|44.842724|-0.608604|Écoles / collèges / lycées|286|8|7|oui
Librairie|44.840209|-0.580693|Centres commerciaux|18|6|2|non
Librairie Esoterique|44.837875|-0.568736|Centres commerciaux|10|4|2|non
Lieu Associatif Et Benevole Bordelais (Labb)|44.851748|-0.613472|Salles de spectacle / conférences|37|8|4|non
Ligue Contre Le Cancer|44.831162|-0.575687|Mairies / administrations|10|5|5|non
Local Chemiserie Jacques Naroyan|44.8425|-0.579013|Centres commerciaux|9|5|2|non
Local Commercial|44.832308|-0.595244|Centres commerciaux|10|7|2|non
Local Commercial|44.865613|-0.622528|Centres commerciaux|7|9|2|non
Local Commercial|44.876032|-0.545058|Centres commerciaux|0|5|2|non
Local Commercial|44.832127|-0.600793|Centres commerciaux|17|8|2|non
Local Commercial|44.841129|-0.560176|Centres commerciaux|0|1|2|non
Local Commercial|44.835457|-0.569806|Centres commerciaux|20|4|2|non
Local Commercial|44.819|-0.602565|Centres commerciaux|0|8|2|non
Local Commercial|44.837904|-0.56834|Centres commerciaux|14|4|2|non
Local Commercial (Bijouterie)|44.837584|-0.6082|Centres commerciaux|3|8|2|non
Local Commercial B2|44.835091|-0.566165|Centres commerciaux|146|3|2|non
Local Commercial Immeuble Cartau|44.838358|-0.577932|Centres commerciaux|104|5|2|non
Local Commercial N°1|44.835091|-0.566165|Centres commerciaux|125|3|2|non
Local Commercial N°3 In Cite|44.836656|-0.571585|Centres commerciaux|14|4|2|non
Local Commercial Rue De La Course|44.851283|-0.576078|Centres commerciaux|0|5|2|non
Local Commercial Téléphonie-Internet|44.835088|-0.566743|Centres commerciaux|0|3|2|non
Local Commercial Ymo Development|44.86001|-0.5575|Centres commerciaux|0|2|2|non
Local D'Activites Avenue De La Republique|44.843715|-0.628607|Centres commerciaux|0|9|2|non
Local D'Activites N°1|44.82502|-0.576796|Centres commerciaux|47|6|2|non
Local Professionnel 1|44.854669|-0.57455|Centres commerciaux|0|4|2|non
Local Vacant|44.84039|-0.569416|Mairies / administrations|0|4|5|non
Locaux  De Bureaux Investimo|44.852283|-0.578947|Mairies / administrations|0|5|5|non
Locaux Associatifs Dhagpo|44.840101|-0.599734|Salles de spectacle / conférences|191|8|4|non
Lycee Des Metiers D'Art Toulouse Lautrec|44.833735|-0.592573|Écoles / collèges / lycées|470|7|7|oui
Lycee M.Montaigne:Batiment Mirail|44.834845|-0.571889|Écoles / collèges / lycées|627|4|7|non
Lycee M.Montaigne:Grand Gymnase|44.834845|-0.571889|Écoles / collèges / lycées|40|4|7|non
M. Partn'Hair|44.843086|-0.573548|Centres commerciaux|14|4|2|non
"M.A.M. ""Au Clair De La Lune"""|44.822677|-0.602786|Écoles / collèges / lycées|0|8|7|oui
Magasin|44.82654|-0.576593|Centres commerciaux|47|6|2|non
Magasin|44.840747|-0.569569|Centres commerciaux|84|4|2|non
Magasin|44.840098|-0.572311|Centres commerciaux|18|4|2|non
Magasin|44.84632|-0.588074|Centres commerciaux|788|6|2|non
Magasin|44.840338|-0.579669|Centres commerciaux|0|6|2|non
Magasin|44.842137|-0.577345|Centres commerciaux|11|5|2|non
Magasin  Repeat|44.841703|-0.57883|Centres commerciaux|46|5|2|non
Magasin Accessoires Motos|44.84941|-0.582627|Centres commerciaux|181|6|2|non
Magasin Armand Thiery Hommes|44.837272|-0.573811|Centres commerciaux|195|5|2|non
Magasin Aymeric Foraste|44.840558|-0.572773|Centres commerciaux|10|4|2|non
Magasin Bordeaux China Town|44.887287|-0.557343|Centres commerciaux|590|4|2|non
Magasin Brice|44.841077|-0.575424|Centres commerciaux|95|5|2|non
Magasin Cache Cache|44.836245|-0.573642|Centres commerciaux|58|5|2|non
Magasin Carrefour Market : Pharmacie Subra|44.843007|-0.605567|Centres commerciaux|16|8|2|non
Magasin Cave Et Spiritueux Gemini Invest|44.843741|-0.581523|Centres commerciaux|0|6|2|non
Magasin Club Hifi|44.843715|-0.628607|Halls d'exposition|18|9|0|non
Magasin Comptoir De Famille|44.844183|-0.577859|Centres commerciaux|103|5|2|non
Magasin D'Optique|44.83869|-0.579024|Centres commerciaux|0|5|2|non
Magasin De Meubles|44.860448|-0.559356|Centres commerciaux|148|2|2|non
Magasin De Meubles (Samu)|44.860448|-0.559356|Centres commerciaux|111|2|2|non
Magasin De Vente De Vetements|44.843353|-0.579244|Centres commerciaux|37|5|2|non
Magasin Devernois ( Voir N..1-00111-000 )|44.841737|-0.578375|Centres commerciaux|166|5|2|non
Magasin Dockers|44.840174|-0.574285|Centres commerciaux|48|5|2|non
Magasin E.Leclerc Bio Chartrons|44.851102|-0.569629|Centres commerciaux|82|3|2|non
Magasin Falbalas St Junien|44.840879|-0.577758|Centres commerciaux|9|5|2|non
Magasin Gel 2000|44.82193|-0.596205|Centres commerciaux|28|8|2|non
Magasin H&M|44.83959|-0.574067|Centres commerciaux|1003|5|2|non
Magasin Help|44.834527|-0.573361|Centres commerciaux|200|5|2|non
Magasin Hema|44.839419|-0.574162|Centres commerciaux|260|5|2|non
Magasin Intermarche Cauderan|44.85419|-0.627953|Centres commerciaux|1260|9|2|non
Magasin Le Petit Lunetier|44.837439|-0.573715|Centres commerciaux|11|5|2|non
Magasin Leader Price|44.813718|-0.567113|Centres commerciaux|619|5|2|non
Magasin Mutoptic|44.838752|-0.581577|Centres commerciaux|19|6|2|non
Magasin Noukie'S|44.838784|-0.575887|Centres commerciaux|47|5|2|non
Magasin Picard|44.819568|-0.572101|Centres commerciaux|47|5|2|non
Magasin Picwictoys|44.88067|-0.570246|Centres commerciaux|1793|2|2|non
Magasin Rouxel|44.886028|-0.541937|Centres commerciaux|122|6|2|non
Magasin Saint Maclou/Boulangerie Ange/Ixina|44.879032|-0.560236|Centres commerciaux|213|2|2|non
Magasin Sandro|44.841932|-0.578059|Centres commerciaux|33|5|2|non
Magasin Sephora ( Voir Jennyfer M 85 )|44.838492|-0.573885|Centres commerciaux|123|5|2|non
Magasin Tara Jarmon|44.840713|-0.578855|Centres commerciaux|62|5|2|non
Maison D'Assistantes Maternelle Le Jardin|44.827155|-0.561364|Écoles / collèges / lycées|16|3|7|non
Maison D'Assistantes Maternelles La Cigogne De Mamu|44.830847|-0.570352|Écoles / collèges / lycées|12|4|7|non
Maison D'Assistantes Maternelles Les Bidibulles|44.834134|-0.602385|Écoles / collèges / lycées|12|8|7|oui
Maison D'Assistantes Maternelles Les Loulous Du Parc|44.850265|-0.574865|Écoles / collèges / lycées|8|4|7|non
Maison D'Assistantes Maternelles Picoti Picota|44.867719|-0.549497|Écoles / collèges / lycées|8|4|7|non
Maison Darricau|44.841248|-0.580011|Centres commerciaux|0|6|2|non
Maison De L'Avocat|44.841287|-0.621851|Salles de spectacle / conférences|194|9|4|non
Maison De Quartier De L'Agja|44.857741|-0.614986|Salles de spectacle / conférences|159|8|4|non
Maison De Sante Marie Galene|44.84708|-0.607047|Hôpitaux / cliniques|170|8|9|non
Maison Du Projet Bastide Niel|44.826901|-0.594001|Salles de spectacle / conférences|196|7|4|non
Maison Du Projet Provisoire|44.831685|-0.602904|Salles de spectacle / conférences|42|8|4|non
Maison Ginestet Le Chai|44.832162|-0.547069|Centres commerciaux|80|3|2|non
Maison Medicale|44.832206|-0.576489|Mairies / administrations|16|5|5|non
Mam Hucocotte|44.826038|-0.574583|Écoles / collèges / lycées|8|5|7|non
Manufacture Atlantique Ex Tnt : Théâtre|44.812529|-0.558|Salles de spectacle / conférences|400|4|4|non
Mapa Bordeaux|44.8529|-0.594327|Mairies / administrations|4|7|5|oui
Marche Des Capucins-Halle A-Banc 1 Ab|44.830671|-0.567738|Centres commerciaux|0|4|2|non
Marche Des Capucins-Halle A-Banc 15 D|44.830671|-0.567738|Centres commerciaux|0|4|2|non
Marche Des Capucins-Halle A-Banc 2 A|44.838714|-0.596208|Centres commerciaux|0|7|2|non
Marche Des Capucins-Halle A-Banc 34 Ab|44.830671|-0.567738|Centres commerciaux|0|4|2|non
Marche Des Capucins-Halle A-Banc 4 D|44.830671|-0.567738|Centres commerciaux|0|4|2|non
Marche Des Capucins-Halle A-Banc 44|44.830671|-0.567738|Centres commerciaux|0|4|2|non
Marche Des Capucins-Halle A-Banc 9 Cd|44.830671|-0.567738|Centres commerciaux|0|4|2|non
Marche Des Capucins.Halle A-Banc 8 B Escale Reunion|44.838714|-0.596208|Centres commerciaux|0|7|2|non
Marche Mandron|44.857357|-0.576618|Centres commerciaux|0|4|2|non
Masseur Kine|44.839315|-0.581129|Mairies / administrations|0|6|5|oui
Master'S Club|44.832287|-0.582008|Salles de spectacle / conférences|120|6|4|non
Masterclass Cardiologie Stimuprat|44.872645|-0.571176|Salles de spectacle / conférences|6141|3|4|non
Maternelle Bernard Adour|44.847358|-0.612226|Écoles / collèges / lycées|81|8|7|oui
Maternelle Francis De Pressensé|44.832311|-0.575566|Écoles / collèges / lycées|325|5|7|non
Maternelle Menuts Et Creche Gaspard Philippe|44.833304|-0.567407|Écoles / collèges / lycées|121|4|7|non
Maternelle Paix|44.843465|-0.588731|Écoles / collèges / lycées|106|6|7|oui
Mecanique Sans Frontieres|44.84332|-0.571741|Mairies / administrations|0|4|5|non
Micro Creche|44.842628|-0.547055|Écoles / collèges / lycées|11|4|7|non
Micro Creche Little Saint Seurin|44.842128|-0.587538|Écoles / collèges / lycées|10|6|7|oui
Micro Creche People & Baby|44.844117|-0.59656|Écoles / collèges / lycées|11|7|7|oui
Micro-Creche La Maison Bleue|44.843715|-0.628607|Écoles / collèges / lycées|10|9|7|oui
Mie Bordeaux|44.840706|-0.592432|Mairies / administrations|20|7|5|oui
Mk Gym S.A|44.832694|-0.586321|Gymnases / sports couverts|0|6|6|oui
Mothes Entreprise|44.850224|-0.548248|Mairies / administrations|19|4|5|non
Moto Kits Ecole|44.8554|-0.628927|Mairies / administrations|0|9|5|oui
Multi Accueil Canaillous Armagnac|44.821274|-0.550768|Écoles / collèges / lycées|27|1|7|non
Mutuelle Ociane|44.853176|-0.57284|Mairies / administrations|9|4|5|non
Newdeal Institut|44.843249|-0.555373|Écoles / collèges / lycées|63|1|7|non
Noel Inter Ce 2013 13,14,15 Decembre|44.874819|-0.544147|Salles de spectacle / conférences|0|5|4|non
Novart - La Voiture Qui Tombe - Marche Victor Hugo|44.835607|-0.570493|Centres commerciaux|666|4|2|non
Nydel|44.858458|-0.562943|Centres commerciaux|26|1|2|non
Office De Tourisme|44.843647|-0.574363|Mairies / administrations|134|5|5|non
Office Notarial|44.848186|-0.575218|Mairies / administrations|0|5|5|non
Ophta Point Vision|44.840177|-0.581538|Hôpitaux / cliniques|53|6|9|non
Orange Bleue|44.860468|-0.609936|Gymnases / sports couverts|0|8|6|oui
Parc Des Expositions : Batiment B|44.880207|-0.550137|Halls d'exposition|13400|4|0|non
Parc Des Expositions: Dossier General|44.84332|-0.571741|Halls d'exposition|0|4|0|non
Parfumerie Espace Tonic Beaute|44.852432|-0.539604|Centres commerciaux|16|5|2|non
Parlement Coiffure|44.840902|-0.571645|Centres commerciaux|5|4|2|non
Patinoire Pey Berland|44.837725|-0.577433|Gymnases / sports couverts|250|5|6|non
Patisserie|44.842724|-0.580062|Centres commerciaux|0|5|2|non
Paul|44.854943|-0.571948|Centres commerciaux|7|4|2|non
Pavillon De La Mutualite Prevoyance Ex Comp Remise En Forme|44.843606|-0.554792|Mairies / administrations|32|2|5|non
Pharmacie|44.860477|-0.609928|Centres commerciaux|20|8|2|non
Pharmacie Cazaux|44.831069|-0.584218|Centres commerciaux|7|6|2|non
Pharmacie Chiron|44.83377|-0.574283|Centres commerciaux|19|5|2|non
Pharmacie Des Pins Francs|44.858463|-0.623992|Centres commerciaux|0|9|2|non
Pharmacie Lafayette Sainte Catherine|44.835928|-0.57359|Centres commerciaux|0|5|2|non
Pharmacie Lartigau|44.846478|-0.579717|Centres commerciaux|10|5|2|non
Pharmacie Saint Medard|44.848718|-0.598604|Centres commerciaux|0|7|2|non
Pharmacie Victor Hugo|44.835297|-0.570134|Centres commerciaux|15|4|2|non
Piscine Judaique|44.84077|-0.591331|Gymnases / sports couverts|1443|7|6|oui
Pmu|44.841472|-0.58122|Centres commerciaux|47|6|2|non
Point Rencontre Parents Enfants|44.853972|-0.588731|Hôpitaux / cliniques|10|6|9|non
Pole Des Metiers De Bouche : Institut Des Saveurs|44.876415|-0.57581|Écoles / collèges / lycées|450|4|7|non
Pole Intermodal St Jean|44.826566|-0.556587|Centres commerciaux|187|2|2|non
Poste De Commandement|44.821193|-0.566306|Salles de spectacle / conférences|1375|5|4|non
Poste De Police Des Aubiers|44.843603|-0.571865|Mairies / administrations|10|4|5|non
Presse 2000|44.821193|-0.566306|Centres commerciaux|18|5|2|non
Projet Sante Navale Dossier General|44.827524|-0.563006|Hôtels / hébergements|0|3|3|non
Projet Sante Navale Local D'Activites|44.827524|-0.563006|Centres commerciaux|80|3|2|non
Quick Seller|44.839893|-0.56935|Centres commerciaux|0|4|2|non
R.P.A. Et Club Senior Reinette|44.8506|-0.540513|Salles de spectacle / conférences|58|5|4|non
R.P.A. Sainte Cecile|44.830947|-0.584867|Salles de spectacle / conférences|0|6|4|non
Rapid'Flore|44.856458|-0.591338|Centres commerciaux|17|6|2|non
Rapid'Pressing|44.832701|-0.577925|Centres commerciaux|6|6|2|non
Restauration Rapide|44.840049|-0.581432|Centres commerciaux|6|6|2|non
Reunion De Concertation - 10 Mars 2016|44.823217|-0.573529|Gymnases / sports couverts|250|5|6|non
Royal Kids|44.84039|-0.569416|Gymnases / sports couverts|376|4|6|non
Rpa Pôle Senior Magendie|44.83318|-0.575742|Salles de spectacle / conférences|49|5|4|non
Saint Jean Boutique Pret A Porter|44.827531|-0.55882|Centres commerciaux|29|2|2|non
"Salle D'Ems ""My Big Bang"""|44.837198|-0.577354|Gymnases / sports couverts|12|5|6|non
Salle De Sport Lisa De Borde|44.840407|-0.591959|Gymnases / sports couverts|15|7|6|oui
Salle De Sport Polyvalente De La Residence Les Aubiers|44.87281|-0.57067|Gymnases / sports couverts|47|3|6|non
Salle Des Fetes Du Grand Parc|44.85523|-0.577758|Salles de spectacle / conférences|1207|5|4|non
Salle Polyvalente|44.873002|-0.572112|Gymnases / sports couverts|0|3|6|non
Salle Polyvalente|44.849663|-0.572553|Salles de spectacle / conférences|0|4|4|non
Salles De Sports Victor Hugo - Alice Milliat|44.835782|-0.572509|Gymnases / sports couverts|195|5|6|non
Salomon|44.858458|-0.562943|Centres commerciaux|82|1|2|non
Salon 45Th Avenue|44.840104|-0.60177|Centres commerciaux|20|8|2|non
Salon Animasia Du 4 Au 5 Octobre 2014|44.856355|-0.568436|Halls d'exposition|5619|3|0|non
Salon Arbio Aquitaine 10 Avril 2013|44.856355|-0.568436|Halls d'exposition|5619|3|0|non
Salon Cycl'Eau Du 21 Et 22 Mars 2018|44.856355|-0.568436|Halls d'exposition|5619|3|0|non
Salon David|44.853685|-0.571033|Centres commerciaux|8|3|2|non
Salon De Coiffure|44.821957|-0.582223|Centres commerciaux|4|6|2|non
Salon De Coiffure|44.844685|-0.609348|Centres commerciaux|0|8|2|non
Salon De Coiffure|44.852436|-0.573512|Mairies / administrations|2|4|5|non
Salon De Coiffure Edito|44.836376|-0.571528|Centres commerciaux|8|4|2|non
Salon De Coiffure Jacques Dessange|44.8425|-0.579339|Mairies / administrations|0|5|5|non
Salon De Coiffure Saint Algue|44.837265|-0.576678|Centres commerciaux|6|5|2|non
Salon De L Apprentissage, De L'Alternance Et Des Formations Artistiques Du 21 Au 22 Mars 2014|44.856355|-0.568436|Halls d'exposition|5619|3|0|non
Salon De L'Entreprise 1 Et 2 Avril 2015|44.872645|-0.571176|Salles de spectacle / conférences|6141|3|4|non
Salon Des Mineraux Et Fossiles Des 24 Et 25 Novembre 2012|44.856355|-0.568436|Halls d'exposition|2500|3|0|non
Salon Des Professionels De L'Amiante|44.856355|-0.568436|Halls d'exposition|5619|3|0|non
Salon Energies Froid|44.872645|-0.571176|Salles de spectacle / conférences|6141|3|4|non
Salon Ob'Art De Bordeaux|44.856355|-0.568436|Halls d'exposition|5619|3|0|non
Salon Petit 1 Et Age 3|44.856355|-0.568436|Halls d'exposition|5619|3|0|non
Salon Saint Algue|44.840069|-0.581267|Centres commerciaux|16|6|2|non
Salon Studyrama Le 05 Juillet 2014|44.850031|-0.570868|Hôtels / hébergements|2500|4|3|non
Salon Vinibio Et Zen&Bio|44.856355|-0.568436|Halls d'exposition|5619|3|0|non
Salon Vintage|44.856355|-0.568436|Halls d'exposition|5619|3|0|non
Salonsce Du 25 Au 26 Septembre 2014|44.856355|-0.568436|Halls d'exposition|5619|3|0|non
Salonsce Du 3 Au 4 Avril 2014|44.856355|-0.568436|Halls d'exposition|5619|3|0|non
Sandwicherie Kisma Kebab|44.833429|-0.610291|Centres commerciaux|14|8|2|non
Sarl Creation Packaging|44.823277|-0.598651|Centres commerciaux|0|8|2|non
Sarl Lily Blake|44.851604|-0.571329|Centres commerciaux|0|4|2|non
Sarl Saupatemet Cote Presse|44.838247|-0.577945|Centres commerciaux|10|5|2|non
Sccv L'Avenue|44.845426|-0.551033|Centres commerciaux|0|3|2|non
Sci   Medicale   Cauderanaise  ( Ex U 3.10)|44.838904|-0.613614|Hôpitaux / cliniques|0|8|9|non
Sci Bordeaux Plaza Commerces|44.865837|-0.575408|Centres commerciaux|447|4|2|non
Sci Montagne Michelet Cabinet Medical|44.852264|-0.611145|Mairies / administrations|45|8|5|oui
Scm Alfi - Cabinet De Kinesitherapie|44.842626|-0.589943|Mairies / administrations|0|7|5|oui
Scm De La Garonne Et Du Gange|44.851584|-0.569077|Mairies / administrations|0|3|5|non
Scm Imagerie Medicale Verdun Voir 5-20-01353|44.849946|-0.574734|Mairies / administrations|0|4|5|non
Scm Lemey Brechotte - Cabinet De Kinesitherapeute|44.852306|-0.570965|Mairies / administrations|7|4|5|non
Scp Tayeau-Malgouyat-Vigne|44.835984|-0.582627|Mairies / administrations|0|6|5|oui
Secours Catholique : Halte De Jour|44.845553|-0.580141|Salles de spectacle / conférences|60|5|4|non
Secours Populaire|44.853685|-0.571033|Centres commerciaux|49|3|2|non
Sessad|44.833624|-0.602058|Écoles / collèges / lycées|11|8|7|oui
Siege De Clairsienne|44.864061|-0.57562|Mairies / administrations|0|4|5|non
Societe Civile Joajon En Argonne|44.828679|-0.574331|Centres commerciaux|47|5|2|non
Sostrene Grenes|44.839972|-0.574476|Centres commerciaux|167|5|2|non
Spar Supermarché|44.827591|-0.558977|Centres commerciaux|292|2|2|non
"Spectacle ""M"" 12 Avril 2013"|44.83489|-0.587663|Salles de spectacle / conférences|7212|7|4|non
Station Lavage American Car Wash|44.879036|-0.561643|Centres commerciaux|0|1|2|non
Station Louis Fargues Batiment Exploitation|44.866746|-0.567676|Salles de spectacle / conférences|50|2|4|non
Stephane Plaza Immobilier|44.854855|-0.57457|Mairies / administrations|3|4|5|non
Structure De Soutien Scolaire|44.851571|-0.586559|Écoles / collèges / lycées|10|6|7|oui
Sud-Ouest Mutualite|44.842217|-0.571934|Mairies / administrations|4|4|5|non
Tabac|44.82291|-0.594703|Centres commerciaux|0|8|2|non
Tabac Presse Loto Grand Parc|44.860287|-0.580551|Centres commerciaux|0|5|2|non
Technolac I|44.887418|-0.558335|Mairies / administrations|49|3|5|non
The Voice|44.83489|-0.587663|Salles de spectacle / conférences|7212|7|4|non
Theatre Des Salinieres|44.837047|-0.570612|Salles de spectacle / conférences|180|4|4|non
Theatre Du Portail|44.85064|-0.577487|Salles de spectacle / conférences|40|5|4|non
Tisanier D'Oc|44.839052|-0.579607|Centres commerciaux|11|6|2|non
Tony Echavidre Luthier|44.83545|-0.571794|Centres commerciaux|0|4|2|non
Traiteur Spécialites Asiatiques|44.8537|-0.571083|Centres commerciaux|0|3|2|non
Traiteur-Plats A Emporter 3 P'Tits Plats|44.84096|-0.621093|Centres commerciaux|7|9|2|non
Une Escale Aux Chartrons|44.851968|-0.573479|Centres commerciaux|16|4|2|non
Univ V.Segalen : Bâtiment Ufr Odontologie|44.82609|-0.607387|Écoles / collèges / lycées|792|8|7|oui
Université De Bordeaux : Bätiment Recherche|44.826045|-0.608722|Salles de spectacle / conférences|160|8|4|non
V&B - Vins Et Bières|44.872563|-0.562507|Centres commerciaux|153|1|2|non
Vap'Ego|44.840225|-0.584212|Centres commerciaux|0|6|2|non
Week-End Des Grands Crus|44.856355|-0.568436|Halls d'exposition|5619|3|0|non
Zac Coeur De Bastide - Ilot C : Pronto Coiffure|44.842549|-0.559502|Centres commerciaux|43|1|2|non
Zac Saint Jean Belcier - Ilot 9.12 - Commerce 4|44.829974|-0.581148|Centres commerciaux|140|6|2|non
Centre Commercial Counord: Pharmacie|44.856795|-0.573887|Centres commerciaux|10|4|2|non
Ginko :Magasin 1 (Ilot B2.1)|44.860468|-0.609936|Centres commerciaux|0|8|2|non
Agence D'Assurance|44.848076|-0.575888|Mairies / administrations|3|5|5|non
Agence De La Macsf Assurances|44.83038|-0.603941|Mairies / administrations|10|8|5|oui
Agence De La Mgp|44.85099|-0.541955|Mairies / administrations|19|5|5|non
Agence De La Poste|44.832131|-0.580395|Mairies / administrations|0|6|5|oui
Agence Du Credit Lyonnais|44.825361|-0.589485|Mairies / administrations|15|7|5|oui
Agence Immobiliere Era|44.824154|-0.57898|Mairies / administrations|0|6|5|oui
Agence Locale Anpe Saget|44.828225|-0.557508|Mairies / administrations|50|2|5|non
Agence Nationale Pour L'Emploi|44.832927|-0.598219|Mairies / administrations|88|8|5|oui
Agora|44.856355|-0.568436|Halls d'exposition|5619|3|0|non
Alliance Francaise|44.850959|-0.577604|Écoles / collèges / lycées|10|5|7|non
Allo Tokyo|44.831767|-0.597107|Centres commerciaux|4|8|2|non
Alpierre Immobilier - Sci Mandel|44.84374|-0.586738|Mairies / administrations|0|6|5|oui
Amicale Laique Dupaty|44.862087|-0.558606|Salles de spectacle / conférences|100|2|4|non
April Mon Assurance|44.829106|-0.568212|Mairies / administrations|195|4|5|non
Artside Games|44.843112|-0.555594|Gymnases / sports couverts|47|1|6|non
Association  De Quartier De Bacalan Claveau|44.883203|-0.542004|Salles de spectacle / conférences|85|6|4|non
Association Cercle Segalier (Batiment B)|44.84223|-0.58616|Salles de spectacle / conférences|302|6|4|non
Auto Ecole Akrout|44.852269|-0.57433|Mairies / administrations|15|4|5|non
Banco Popular France|44.853685|-0.571033|Mairies / administrations|9|3|5|non
Banque Courtois|44.831148|-0.573713|Mairies / administrations|17|5|5|non
Banque Populaire Aquitaine|44.853685|-0.571033|Mairies / administrations|10|3|5|non
Banque Populaire Du Sud-Ouest La Bastide|44.843276|-0.55454|Mairies / administrations|19|2|5|non
Banque Populaire Tourny|44.843865|-0.575291|Mairies / administrations|0|5|5|non
Bar-Tabac-Presse|44.840234|-0.580486|Centres commerciaux|2|6|2|non
Barthelemy Avocats|44.853981|-0.611143|Mairies / administrations|0|8|5|oui
Basic-Fit - Bordeaux Intendance|44.846869|-0.618952|Gymnases / sports couverts|93|9|6|oui
Basic-Fit Fondaudege|44.845703|-0.578637|Gymnases / sports couverts|158|5|6|non
Bassins A Flots-Ilot B4|44.831858|-0.581671|Centres commerciaux|64|6|2|non
Batiment Annexe C.G.F.P.T.G.|44.887708|-0.563745|Mairies / administrations|94|3|5|non
Batiment Industriel Et D'Expositions|44.854661|-0.590215|Halls d'exposition|4|6|0|non
Bba Inseec|44.85677|-0.561904|Écoles / collèges / lycées|204|1|7|non
Bd Avenue / Les Bd D'Alienor|44.841992|-0.574916|Centres commerciaux|0|5|2|non
Bd Fugue Cafe|44.838904|-0.573667|Centres commerciaux|127|5|2|non
Berg Imprimerie|44.834846|-0.576869|Mairies / administrations|0|5|5|non
Bica|44.837942|-0.569663|Centres commerciaux|64|4|2|non
Bijouterie Gestour|44.860132|-0.574815|Centres commerciaux|10|4|2|non
Bimba Y Lola|44.840807|-0.57773|Centres commerciaux|38|5|2|non
"Boutique ""Sud-Ouest"""|44.83969|-0.574206|Mairies / administrations|19|5|5|non
Boutique Agatha Ex Reserve Naturelle|44.840707|-0.578922|Centres commerciaux|5|5|2|non
Boutique Baillardran|44.839046|-0.573976|Centres commerciaux|14|5|2|non
Boutique Bijou Brigitte|44.838434|-0.573875|Centres commerciaux|0|5|2|non
Boutique Cartier|44.843389|-0.578793|Centres commerciaux|18|5|2|non
Boutique Dresscode Et Salon De Coiffure|44.843943|-0.577451|Centres commerciaux|27|5|2|non
Boutique Esso Service|44.834874|-0.599012|Centres commerciaux|40|8|2|non
Boutique Flying Tiger|44.836588|-0.573575|Centres commerciaux|65|5|2|non
Boutique Harris Wilson|44.841209|-0.577308|Centres commerciaux|17|5|2|non
Boutique Montegut|44.840721|-0.579614|Centres commerciaux|28|6|2|non
Boutique Okaidi|44.840946|-0.576968|Centres commerciaux|143|5|2|non
Boutique Parfum Des Couleurs|44.842063|-0.576333|Centres commerciaux|5|5|2|non
Boutique Sfr|44.83771|-0.573757|Centres commerciaux|55|5|2|non
Burdigala Assurances Patrimoine|44.842985|-0.623837|Mairies / administrations|2|9|5|oui
Bureau De Gestion Immobilière|44.844357|-0.552473|Mairies / administrations|2|2|5|non
Bureau De Poste De Bordeaux Aquitaine|44.832208|-0.579097|Mairies / administrations|17|6|5|oui
Bureau De Poste Victoire|44.830264|-0.570396|Mairies / administrations|12|5|5|non
Bureau De Tabac Le Naja|44.835055|-0.573655|Centres commerciaux|2|5|2|non
Bureaux|44.83801|-0.572651|Mairies / administrations|12|4|5|non
Bureaux|44.834529|-0.575408|Mairies / administrations|3|5|5|non
Bureaux (Coque W5) - Zac Saint Jean Belcier - Lot 8.3 A|44.82194|-0.553941|Mairies / administrations|20|2|5|non
Bureaux Cae Protection Judiciaire De La Jeunesse|44.843779|-0.582865|Mairies / administrations|19|6|5|oui
Bureaux Du Restaurant La Tupina|44.840832|-0.577438|Mairies / administrations|5|5|5|non
C.C. Leclerc Saint Louis : Magasin Beauty Success|44.826032|-0.577327|Centres commerciaux|76|6|2|non
C.C.Auchan Lac : Boutique Chausport|44.88067|-0.570246|Centres commerciaux|9|2|2|non
C.C.Auchan Lac : Courir|44.88067|-0.570246|Centres commerciaux|34|2|2|non
C.C.Auchan Lac : Kiabi|44.88067|-0.570246|Centres commerciaux|580|2|2|non
C.C.Auchan Lac : Kiosque À Journaux|44.88067|-0.570246|Centres commerciaux|10|2|2|non
C.C.Auchan Lac : Montre Service|44.88067|-0.570246|Centres commerciaux|3|2|2|non
C.C.Auchan Lac : The Kase|44.88067|-0.570246|Centres commerciaux|13|2|2|non
C.C.Auchan Lac: Boutique Christine Laure ( Ex Comptoir  Des|44.88067|-0.570246|Centres commerciaux|10|2|2|non
C.C.Auchan Lac: Breal|44.88067|-0.570246|Centres commerciaux|26|2|2|non
C.C.Auchan Lac: Celio|44.88067|-0.570246|Centres commerciaux|38|2|2|non
C.C.Auchan Lac: Ikks Men & Women|44.88067|-0.570246|Centres commerciaux|22|2|2|non
C.C.Auchan Lac: Promod|44.88067|-0.570246|Centres commerciaux|30|2|2|non
C.C.Auchan Lac: Tresor|44.88067|-0.570246|Centres commerciaux|9|2|2|non
C.C.Leclerc St Louis : Gold Coiffure|44.862954|-0.567368|Centres commerciaux|40|2|2|non
C.C.Les Bastides: Cabinet Dr Le Hecho|44.843955|-0.542428|Hôpitaux / cliniques|8|5|9|non
C.C.Les Bastides: Dos General|44.843955|-0.542428|Centres commerciaux|160|5|2|non
C.C.Les Bastides: Pressing Chouet A Sec|44.843955|-0.542428|Centres commerciaux|7|5|2|non
C.C.Les Bastides: Toilettage Pour Chiens|44.843955|-0.542428|Centres commerciaux|11|5|2|non
C.C.Meriadeck: Chocolat De  Neuvile|44.852604|-0.57636|Centres commerciaux|3|5|2|non
C.C.Meriadeck: Etam Lingerie|44.827499|-0.611401|Centres commerciaux|0|8|2|non
C.C.Meriadeck: H & M|44.846902|-0.595528|Centres commerciaux|418|7|2|non
C.C.Meriadeck: Kiosquephoto Cite  Ex  France Loisirs|44.852604|-0.57636|Centres commerciaux|3|5|2|non
C.C.Meriadeck: Minit Solutions|44.852604|-0.57636|Centres commerciaux|2|5|2|non
C.C.Meriadeck: Photomaton|44.862132|-0.587876|Centres commerciaux|0|6|2|non
C.C.St Christoly: Non Exploite|44.839286|-0.576552|Centres commerciaux|0|5|2|non
C.C.St Christoly: Picard|44.839286|-0.576552|Centres commerciaux|23|5|2|non
C.C.St Louis Salon De Coiffure Jean-Louis David|44.826032|-0.577327|Centres commerciaux|47|6|2|non
C.E.R.D|44.834026|-0.588362|Hôpitaux / cliniques|19|7|9|non
C.F.P.A.: Batiment B|44.84602|-0.621423|Mairies / administrations|5|9|5|oui
C.F.P.A.: Batiments  K Et L|44.84602|-0.621423|Écoles / collèges / lycées|56|9|7|oui
Cabinet Avocat Mayer|44.85143|-0.575381|Mairies / administrations|0|4|5|non
Cabinet Bazeilles|44.85309|-0.569678|Mairies / administrations|0|3|5|non
Cabinet Comptable Delias|44.852059|-0.588137|Mairies / administrations|17|6|5|oui
Cabinet D'Architectes|44.839108|-0.570825|Mairies / administrations|5|4|5|non
Cabinet D'Avocats|44.833069|-0.567425|Mairies / administrations|3|4|5|non
Cabinet D'Avocats|44.835241|-0.575277|Mairies / administrations|3|5|5|non
Cabinet D'Avocats|44.835805|-0.582449|Mairies / administrations|10|6|5|oui
Cabinet D'Avocats Ex Hotel Printania|44.834565|-0.58232|Mairies / administrations|10|6|5|oui
Cabinet D'Avocats Scp Puybaraud-Levy|44.842789|-0.577315|Mairies / administrations|3|5|5|non
Cabinet D'Infirmier|44.840441|-0.555115|Mairies / administrations|2|1|5|non
Cabinet D'Osteopathie|44.840774|-0.5963|Mairies / administrations|4|7|5|oui
Cabinet D'Osteopathie|44.832011|-0.587583|Mairies / administrations|2|7|5|oui
Cabinet D'Ostéopathie Et Kinésithérapie|44.837699|-0.571132|Mairies / administrations|4|4|5|non
Cabinet D4Avocats|44.838667|-0.578006|Mairies / administrations|3|5|5|non
Cabinet Medical|44.856234|-0.591503|Mairies / administrations|0|6|5|oui
Cabinet Medical|44.842758|-0.578196|Mairies / administrations|0|5|5|non
Cabinet Médical Bernadette Julien|44.842789|-0.577315|Mairies / administrations|0|5|5|non
Cabinet Medical Destandau|44.828807|-0.610642|Hôpitaux / cliniques|22|8|9|non
Cabinet Medical Docteur Lavocat|44.841863|-0.573198|Mairies / administrations|0|5|5|non
Cabinet Medical Dr. De Ducla|44.824458|-0.582107|Mairies / administrations|0|6|5|oui
Cabinet Medical Dr. Lannot|44.853599|-0.572577|Mairies / administrations|10|4|5|non
Cabinet Medical Dr. Sampeur|44.838382|-0.611738|Mairies / administrations|0|8|5|oui
Centre De Loisirs De La S.N.C.F|44.819361|-0.54454|Écoles / collèges / lycées|50|2|7|non
Centre De Naturopathie|44.83017|-0.612379|Gymnases / sports couverts|16|8|6|oui
Centre De Post Cure Montalier|44.840706|-0.592432|Mairies / administrations|5|7|5|oui
Centre De Sante Du Ccas Du Pers Ind El Et Gaz|44.852551|-0.576329|Hôpitaux / cliniques|45|5|9|non
Centre Departemental De L'Enfance Et De La Famille|44.842252|-0.58574|Mairies / administrations|9|6|5|oui
Centre Esthetique Epilea|44.841547|-0.581741|Mairies / administrations|0|6|5|oui
Centre If Formation-Conseil|44.88302|-0.560903|Écoles / collèges / lycées|40|2|7|non
Centre Medical De La Mnef|44.840168|-0.578266|Hôpitaux / cliniques|15|5|9|non
Centre Medical Et Para Medical|44.863231|-0.566573|Hôpitaux / cliniques|0|2|9|non
Centre Norauto|44.88067|-0.570246|Centres commerciaux|0|2|2|non
Centre Regional Jean Toussaint:Eclair De Fce|44.83259|-0.5434|Salles de spectacle / conférences|182|4|4|non
Centre Social Et Culturel Le Lac: Bi Cross De Bx Lac|44.872329|-0.570182|Gymnases / sports couverts|18|3|6|non
Centre Social Et Culturel Le Lac: Centre D'Animation|44.872329|-0.570182|Écoles / collèges / lycées|40|3|7|non
Ch.Ch.Perrens : Batiment 21 - Unite De Soins Aigus Pour  Adolescents|44.823625|-0.600266|Hôpitaux / cliniques|15|8|9|non
Ch.Ch.Perrens : Batiment 47 - Pole Bordeaux Sante Mentale - Centre De Gestion Medicale|44.823625|-0.600266|Mairies / administrations|32|8|5|oui
Ch.Ch.Perrens Centre Consultations Special|44.823625|-0.600266|Hôpitaux / cliniques|80|8|9|non
Ch.Ch.Perrens Coqs Rouges|44.834143|-0.577175|Hôpitaux / cliniques|20|5|9|non
Ch.Ch.Perrens Nouvelle Creche|44.819701|-0.60225|Écoles / collèges / lycées|72|8|7|oui
Hopital De Jour De L'Association Renovation|44.851232|-0.595561|Hôpitaux / cliniques|35|7|9|non
Hostel Des Faures|44.834765|-0.56499|Hôtels / hébergements|60|3|3|non
Hôtel - Restaurant|44.835852|-0.581982|Hôtels / hébergements|231|6|3|non
Hotel Atlantic|44.825853|-0.557767|Salles de spectacle / conférences|76|2|4|non
Hotel Bouvilia|44.839745|-0.569682|Hôtels / hébergements|40|4|3|non
Hotel Campanile Bordeaux Centre Gare St Jean|44.831357|-0.600986|Hôtels / hébergements|140|8|3|non
Hotel De Police Et Centre De Retention Administrative|44.833715|-0.593571|Mairies / administrations|76|7|5|oui
Hotel Du Departement -  Immeuble Gironde|44.835364|-0.584775|Mairies / administrations|772|6|5|oui
Hotel Du Palais Gallien|44.846084|-0.584123|Hôtels / hébergements|44|6|3|non
Hotel F1|44.829896|-0.542965|Hôtels / hébergements|169|4|3|non
Hotel Ibis Budget Bordeaux Centre Gare Saint Jean|44.826062|-0.55814|Hôtels / hébergements|399|2|3|non
Hôtel Konti|44.842315|-0.57866|Hôtels / hébergements|95|5|3|non
Hotel La Madeleine|44.834226|-0.574518|Hôtels / hébergements|36|5|3|non
Hôtel La Maison Du Lierre|44.844454|-0.581078|Hôtels / hébergements|36|6|3|non
Hotel Le Quebec|44.825729|-0.557384|Hôtels / hébergements|30|2|3|non
Hotel Mercure Bordeaux Le Lac|44.889074|-0.563505|Hôtels / hébergements|580|3|3|non
Hotel Renaissance Groupe Marriott (Hotel 4 Etoiles Ilot Fourriere-Bacalan)|44.863598|-0.552298|Hôtels / hébergements|1129|3|3|non
Hotel Restaurant L'Auvergnat|44.822914|-0.580239|Hôtels / hébergements|0|6|3|non
Hotel Restaurant La Boule D Or|44.83659|-0.575299|Hôtels / hébergements|20|5|3|non
Hotel Restaurant Maktoub|44.835554|-0.572056|Hôtels / hébergements|24|4|3|non
Hotel Ste Catherine|44.838388|-0.573993|Hôtels / hébergements|42|5|3|non
Hotel Victoire|44.828166|-0.574886|Hôtels / hébergements|81|5|3|non
Idel Zen|44.845122|-0.576399|Mairies / administrations|0|5|5|non
Ikea Retrait De Marchandises|44.846693|-0.579075|Centres commerciaux|56|5|2|non
Ilot Achard-Etrangers-Blanqui|44.866325|-0.552387|Salles de spectacle / conférences|0|4|4|non
Ilot Achard-Etrangers-Blanqui Locaux Artisanaux Batiment D|44.866325|-0.552387|Centres commerciaux|0|4|2|non
Ilot O - Les Cimes Armagnac|44.851792|-0.574686|Mairies / administrations|0|4|5|non
Ilot P2 Usine Lesieur : Batiment A2 - 2Commerces|44.86203|-0.554897|Centres commerciaux|13|3|2|non
Ilot P2 Usine Lesieur : Batiment C2 - Commerce|44.86203|-0.554897|Centres commerciaux|74|3|2|non
Immeuble|44.820154|-0.598235|Mairies / administrations|0|8|5|oui
Immeuble  De Bureaux|44.852415|-0.615464|Mairies / administrations|0|8|5|oui
Immeuble 61 Quai De Paludate : Bureaux|44.852688|-0.568053|Mairies / administrations|90|3|5|non
Immeuble : Boutique D'Optique|44.844414|-0.604934|Centres commerciaux|53|8|2|non
Immeuble Avec Local Commercial Ex Restaurant Le Cameleon|44.85798|-0.559124|Centres commerciaux|19|1|2|non
Immeuble De Bureaux|44.846347|-0.596888|Mairies / administrations|7|7|5|oui
Immeuble De Bureaux|44.856188|-0.548885|Mairies / administrations|198|4|5|non
"Immeuble De Bureaux ""Vinci Promotion"""|44.888229|-0.560413|Mairies / administrations|0|3|5|non
Immeuble Du Credit Agricole D'Aquitaine|44.843715|-0.628607|Mairies / administrations|10|9|5|oui
Immeuble Fenwick : Itech Formation|44.848917|-0.571315|Écoles / collèges / lycées|140|4|7|non
Immeuble Gironde Habitat|44.821321|-0.55165|Mairies / administrations|19|1|5|non
Immeuble Le Clos De La Chartreuse : Commerce 2|44.832627|-0.596803|Centres commerciaux|58|7|2|non
Immeuble Le G5 - Bureau B4|44.835091|-0.566165|Mairies / administrations|10|3|5|non
Immeuble Turquoise|44.856268|-0.590763|Mairies / administrations|0|6|5|oui
Immeubles La Marjolaine : Commerce 1|44.858372|-0.574765|Centres commerciaux|94|4|2|non
Indivision Giscaro|44.843311|-0.578841|Mairies / administrations|0|5|5|non
Inseec|44.851775|-0.570419|Écoles / collèges / lycées|550|3|7|non
Inside Closet|44.840464|-0.575991|Centres commerciaux|12|5|2|non
Inst Des Metiers: Bat E|44.814167|-0.569961|Mairies / administrations|7|6|5|oui
Inst Europeens De L'Environnement De Bordeaux|44.856294|-0.580474|Écoles / collèges / lycées|80|5|7|non
Institut Culturel Bernard Magrez Galerie D'Art|44.853282|-0.588664|Halls d'exposition|152|6|0|non
Institut De Beaute|44.851135|-0.577317|Mairies / administrations|10|5|5|non
Institut De Beaute  Sainte Colombe|44.837354|-0.570532|Mairies / administrations|9|4|5|non
Institut De Beaute Durou|44.836444|-0.604639|Mairies / administrations|10|8|5|oui
Institut Educatif Et Pedagogique Villa Flore|44.865482|-0.622203|Écoles / collèges / lycées|12|9|7|oui
Institut Médico-Pédagogique Saint Joseph|44.861822|-0.574352|Maisons de retraite / handicapés|64|4|8|non
Institut Sisley Paris|44.843291|-0.576541|Centres commerciaux|19|5|2|non
Institution Ste Monique: Bat Principal|44.834822|-0.608211|Écoles / collèges / lycées|339|8|7|oui
Jack&Jones|44.836742|-0.5736|Centres commerciaux|82|5|2|non
Jacobs & Jacobs|44.841011|-0.576389|Centres commerciaux|0|5|2|non
Journée Professionnelle Aji|44.872645|-0.571176|Salles de spectacle / conférences|6141|3|4|non
Kidski|44.834052|-0.573152|Centres commerciaux|0|5|2|non
L Oeil Du Cyclone|44.838825|-0.571893|Gymnases / sports couverts|0|4|6|non
L'Atelier Boutique|44.862132|-0.587876|Centres commerciaux|0|6|2|non
L'Instant|44.852376|-0.570683|Mairies / administrations|0|3|5|non
L'Occitane En Provence|44.841058|-0.574711|Centres commerciaux|18|5|2|non
La Case - Medecins Du Monde|44.835632|-0.571343|Hôpitaux / cliniques|15|4|9|non
La Chausseria|44.839548|-0.574183|Centres commerciaux|0|5|2|non
La Galerie Bordelaise : Magasin Jott|44.841467|-0.574025|Centres commerciaux|40|5|2|non
La Nouvelle Acropole|44.841639|-0.581735|Salles de spectacle / conférences|50|6|4|non
La Panetiere Aux Saveurs D'Antan|44.853685|-0.571033|Centres commerciaux|5|3|2|non
La Pepiniere Sainte Croix|44.831794|-0.561456|Mairies / administrations|5|2|5|non
Laboratoire Bioffice|44.830756|-0.577944|Mairies / administrations|19|6|5|oui
Laverie Automatique|44.834744|-0.586844|Centres commerciaux|0|6|2|non
Laverie Automatique|44.85309|-0.569678|Mairies / administrations|10|3|5|non
Laverie Automatique - Sas Gasc 33|44.853123|-0.57018|Centres commerciaux|6|3|2|non
Laverie Gasc 33|44.839901|-0.571968|Centres commerciaux|0|4|2|non
Le Cogedim Store|44.835014|-0.566773|Halls d'exposition|18|4|0|non
Le Genereux|44.838749|-0.569594|Centres commerciaux|7|4|2|non
Le Grand Alcazar Ex Le Retro|44.840149|-0.559061|Centres commerciaux|940|1|2|non
Le Marigny|44.821977|-0.594015|Centres commerciaux|0|8|2|non
Le Pain D'Emmeline|44.83377|-0.574283|Centres commerciaux|0|5|2|non
Le Petit Casino De Saint Augustin|44.832514|-0.612423|Centres commerciaux|78|8|2|non
Le Petit Casino Du Jardin Public|44.852333|-0.58096|Centres commerciaux|76|5|2|non
Magasin Clark And Smith|44.842508|-0.57612|Centres commerciaux|0|5|2|non
Magasin Clippers Dock: Hangar 27 Porte 9|44.864943|-0.559972|Centres commerciaux|16|2|2|non
Magasin D'Optique|44.841897|-0.578524|Centres commerciaux|7|5|2|non
Adecco Pme Btp|44.845841|-0.58106|Mairies / administrations|0|6|5|oui
Agence Air France|44.844946|-0.577372|Mairies / administrations|31|5|5|non
Agence Aquitanis Le Petit Trianon|44.843016|-0.590765|Mairies / administrations|8|7|5|oui
Agence Assurances|44.844908|-0.575909|Mairies / administrations|10|5|5|non
Agence Axa|44.860078|-0.577126|Mairies / administrations|3|5|5|non
Agence Bancaire B.C.P|44.845829|-0.577715|Mairies / administrations|19|5|5|non
Agence Bancaire Cic|44.835056|-0.575501|Mairies / administrations|8|5|5|non
Agence Bancaire Du Credit Agricole|44.85222|-0.573718|Mairies / administrations|13|4|5|non
Agence Bancaire Et Immobiliere Du Credit Agricole Thiers|44.852871|-0.539681|Centres commerciaux|16|5|2|non
Agence Bancaire Hsbc|44.844664|-0.609688|Mairies / administrations|11|8|5|oui
Agence Bancaire Lcl|44.842423|-0.622533|Mairies / administrations|24|9|5|oui
Agence Century 21 Ax Immo|44.853221|-0.539106|Mairies / administrations|0|5|5|non
Agence Cic  Société Bordelaise|44.849968|-0.570272|Mairies / administrations|14|4|5|non
Agence Conseil Pro Btp Alsace Lorraine|44.837884|-0.56861|Mairies / administrations|7|4|5|non
Agence Crit|44.841856|-0.575509|Mairies / administrations|6|5|5|non
Agence De La Poste|44.835816|-0.567082|Mairies / administrations|14|4|5|non
Agence Habitat Caisse D'Epargne|44.844659|-0.575568|Mairies / administrations|24|5|5|non
Agence Immobiliere|44.831908|-0.57775|Mairies / administrations|8|6|5|oui
Agence Immobiliere|44.850027|-0.58606|Mairies / administrations|15|6|5|oui
Agence Immobiliere Petges Et Dufranc|44.829984|-0.581488|Mairies / administrations|0|6|5|oui
Agence Immobliere Petges Et Dufranc|44.843315|-0.58637|Mairies / administrations|0|6|5|oui
Agence Kaufman & Broad|44.84336|-0.575735|Mairies / administrations|6|5|5|non
Agence Ociane|44.834785|-0.573068|Mairies / administrations|7|5|5|non
Agence Ociane|44.840648|-0.579598|Mairies / administrations|0|6|5|oui
Agence Randstad|44.840139|-0.582022|Mairies / administrations|0|6|5|oui
Agence Square Habitat|44.849642|-0.595519|Mairies / administrations|0|7|5|oui
Ajp Immobilier|44.832361|-0.610205|Mairies / administrations|6|8|5|oui
Alimentation  Bio (Ex Le Jacobier  Nouveau  Numero 5-20373)|44.839948|-0.572093|Centres commerciaux|13|4|2|non
All Suites Appart Hotel|44.827234|-0.563453|Hôtels / hébergements|148|3|3|non
Amenagement D'Un Bungalow Point P|44.832039|-0.600108|Centres commerciaux|63|8|2|non
Annexe Du Foyer De Jeunes Travailleurs J.Ellul|44.830395|-0.566578|Centres commerciaux|67|4|2|non
Antenne Medico Sociale Conseil Général|44.8388|-0.574874|Mairies / administrations|0|5|5|non
Apdhes Formation|44.819805|-0.6002|Écoles / collèges / lycées|80|8|7|oui
Arbre De Noel Inter Ce Du 12 Au 14 Decembre 2014|44.872645|-0.571176|Salles de spectacle / conférences|6141|3|4|non
Archibald & Zoé|44.840287|-0.571388|Centres commerciaux|0|4|2|non
Archives Departementales Site Poyenne|44.857119|-0.568467|Bibliothèques / médiathèques|642|3|1|non
Assises Nationales Des Risques Naturels|44.872645|-0.571176|Salles de spectacle / conférences|6141|3|4|non
Association C.I.A.M - Ecole De Musique|44.834069|-0.569619|Salles de spectacle / conférences|155|4|4|non
Association Koryo Taekwondo Dojang|44.855459|-0.573701|Gymnases / sports couverts|15|4|6|non
Association Sport Emploi|44.829882|-0.573324|Mairies / administrations|0|5|5|non
Atelier D'Artistes (Adaec Art Cru)|44.861338|-0.561745|Salles de spectacle / conférences|20|1|4|non
Atelier Eco Solidaire|44.843603|-0.571865|Centres commerciaux|0|4|2|non
Athena Gestion|44.844051|-0.587341|Mairies / administrations|10|6|5|oui
Au Pied Du Pommier|44.855733|-0.60306|Salles de spectacle / conférences|0|8|4|non
Bassins A Flot - Ilot P9D : Commerce 3|44.864943|-0.559972|Centres commerciaux|134|2|2|non
Bassins A Flot - Ilot P9D : Commerce 4|44.864943|-0.559972|Centres commerciaux|106|2|2|non
Batiment Les Escuriales : Magasin D'Audioprothese|44.831975|-0.60253|Centres commerciaux|10|8|2|non
Bibliotheque Du Grand Parc|44.857957|-0.584107|Bibliothèques / médiathèques|250|6|1|non
Bibliotheque Du Lac Ex Aubiers|44.873191|-0.57259|Bibliothèques / médiathèques|60|3|1|non
C.C.Meriadeck: La City|44.862132|-0.587876|Centres commerciaux|22|6|2|non
C.C.Meriadeck: La Generale D'Optique|44.852604|-0.57636|Centres commerciaux|70|5|2|non
C.C.Meriadeck: Le Bar A Ongles|44.839965|-0.583197|Centres commerciaux|0|6|2|non
Cabinet D'Infirmières|44.842709|-0.608667|Mairies / administrations|8|8|5|oui
Cabinet D'Ophtalmologie|44.853685|-0.571033|Mairies / administrations|0|3|5|non
Cabinet D'Orthophonie Frouard|44.847481|-0.586027|Mairies / administrations|8|6|5|oui
Cabinet D'Orthophoniste|44.824458|-0.582107|Mairies / administrations|0|6|5|oui
Cabinet D'Osteopathie|44.856766|-0.604333|Mairies / administrations|0|8|5|oui
Cabinet De Kinesitherapie|44.838426|-0.612725|Hôpitaux / cliniques|5|8|9|non
Cabinet De Kinesitherapie|44.832478|-0.609681|Mairies / administrations|6|8|5|oui
Cabinet De Kinesitherapie Manele|44.85455|-0.614095|Mairies / administrations|16|8|5|oui
Cabinet De Pedicure|44.838941|-0.615319|Centres commerciaux|19|9|2|non
Cabinet De Podologie|44.839003|-0.615329|Mairies / administrations|3|9|5|oui
Cabinet De Psychologie|44.828048|-0.56697|Mairies / administrations|0|4|5|non
Cabinet Dentaire|44.852131|-0.613755|Mairies / administrations|0|8|5|oui
Cabinet Dentaire|44.837739|-0.570592|Hôpitaux / cliniques|0|4|9|non
Cabinet Dentaire|44.853685|-0.571033|Mairies / administrations|0|3|5|non
Cabinet Dentaire Baldy Pogam|44.847897|-0.632482|Mairies / administrations|12|9|5|oui
Cabinet Dentaire Bouanha|44.845719|-0.612391|Mairies / administrations|6|8|5|oui
Cabinet Dentaire Dr. Hussein Abdulaziz|44.835349|-0.569921|Mairies / administrations|0|4|5|non
Cabinet Dentaire Nguyen|44.840598|-0.577781|Mairies / administrations|0|5|5|non
Cabinet Dentaire Sci Bastide Ortho|44.860468|-0.609936|Mairies / administrations|14|8|5|oui
Cabinet Du Dr. Lamaurelle|44.862132|-0.587876|Mairies / administrations|0|6|5|oui
Cabinet Medical Dr. Kirsch|44.832109|-0.598737|Mairies / administrations|8|8|5|oui
Cabinet Medical Sallee-Cassat|44.840148|-0.571933|Mairies / administrations|0|4|5|non
Cabinet Medical Toledo|44.840461|-0.580711|Mairies / administrations|0|6|5|oui
Centre Commercial Europe - Magasin De Fleurs|44.839148|-0.586408|Centres commerciaux|10|6|2|non
Centre Proxima Centauri|44.852705|-0.575133|Salles de spectacle / conférences|40|4|4|non
Centre Social Bordeaux Nord|44.860228|-0.562106|Salles de spectacle / conférences|100|1|4|non
Centre Social Et Culturel Le Lac: Ferme Enfantine|44.872329|-0.570182|Écoles / collèges / lycées|30|3|7|non
Century 21|44.851566|-0.61001|Mairies / administrations|9|8|5|oui
Cfa - Institut Des Metiers De L'Artisanat De Bordeaux Lac|44.854378|-0.583872|Écoles / collèges / lycées|610|6|7|oui
Ch.Ch.Perrens La Pomme Bleue|44.815998|-0.572503|Hôpitaux / cliniques|6|6|9|non
Ch.Ch.Perrens Le Bistrot|44.838473|-0.568542|Salles de spectacle / conférences|30|4|4|non
Ch.Ch.Perrens: Bat 58|44.823625|-0.600266|Hôpitaux / cliniques|356|8|9|non
Challenges 2017 In  Laparoscopy And Robotics|44.872645|-0.571176|Salles de spectacle / conférences|6141|3|4|non
Cinema Bassins A Flot : Commerce 11|44.864943|-0.559972|Centres commerciaux|78|2|2|non
Cinema Bassins A Flot : Commerce 14|44.864943|-0.559972|Centres commerciaux|120|2|2|non
Cinema Bassins A Flot : Commerce 2|44.864943|-0.559972|Centres commerciaux|100|2|2|non
Cinema Bassins A Flot : Commerce 3|44.835091|-0.566165|Centres commerciaux|76|3|2|non
Cinema Bassins A Flot : Commerce 4|44.864943|-0.559972|Centres commerciaux|217|2|2|non
College Blanqui|44.873905|-0.550478|Écoles / collèges / lycées|300|4|7|non
College Edouard Vaillant : Gymnase|44.864812|-0.56345|Gymnases / sports couverts|135|1|6|non
College St Andre : Salle De Technologie|44.853413|-0.620225|Écoles / collèges / lycées|580|9|7|oui
College Ste Eulalie : Lycee Magendie|44.8292|-0.582234|Écoles / collèges / lycées|125|6|7|oui
Commerce|44.834926|-0.569558|Centres commerciaux|18|4|2|non
Commerce|44.835566|-0.565448|Centres commerciaux|1|3|2|non
Commerce   C1|44.847397|-0.548607|Centres commerciaux|0|4|2|non
Commerce 03 (Coque M 5)  - Zac Saint Jean Belcier - Lot 8.3 A|44.82194|-0.553941|Centres commerciaux|19|2|2|non
Commerce 2|44.844489|-0.578114|Centres commerciaux|6|5|2|non
Commerce 2 (Coque) - Zac Saint Jean Belcier - Lot 9.11 - Ilot A|44.829974|-0.581148|Centres commerciaux|77|6|2|non
Commerce 3|44.841462|-0.560858|Centres commerciaux|196|2|2|non
Commerce C.2C - Ensemble Immobilier Brienne Ilot 5.1.C - Zac Bordeaux Saint Jean Belcier|44.821271|-0.544152|Centres commerciaux|545|2|2|non
Commerce C4 - Ilot Tauzin Bethmann|44.822416|-0.604674|Centres commerciaux|38|8|2|non
Commerce Tabac Presse|44.82501|-0.578084|Centres commerciaux|10|6|2|non
Commerces|44.84039|-0.569416|Centres commerciaux|0|4|2|non
Complexe Aquitain (Ex Magasin L'Aquitain)|44.827254|-0.557089|Salles de spectacle / conférences|230|2|4|non
Comptoir De Limoges|44.840747|-0.569569|Centres commerciaux|39|4|2|non
Conference De Presse Bordeaux Rock|44.836652|-0.581094|Mairies / administrations|30|6|5|oui
Congres Aatf|44.872645|-0.571176|Salles de spectacle / conférences|6141|3|4|non
Congres D'Urologie Du 24 Au 26 Avril 2013|44.850031|-0.570868|Hôtels / hébergements|2500|4|3|non
Congres Life Cycle Management|44.872645|-0.571176|Salles de spectacle / conférences|6141|3|4|non
Convention Axa Le 11/12/2012|44.842119|-0.570945|Halls d'exposition|720|4|0|non
Cordonnerie St Michel|44.833865|-0.565563|Centres commerciaux|0|3|2|non
Cours Prives Casso Annexe|44.837569|-0.601619|Écoles / collèges / lycées|20|8|7|oui
Creasud|44.839826|-0.556284|Écoles / collèges / lycées|40|1|7|non
"Creche ""Les Petites Canailles"""|44.852137|-0.568544|Écoles / collèges / lycées|30|3|7|non
Creche Albert Barraud|44.844358|-0.586794|Écoles / collèges / lycées|90|6|7|oui
Creche Bordeaux Centre|44.832242|-0.5876|Écoles / collèges / lycées|15|7|7|oui
Creche Eden - Art People & Baby|44.833019|-0.589451|Écoles / collèges / lycées|35|7|7|oui
Creche Les Petits Chaperons Rouges|44.825979|-0.54847|Écoles / collèges / lycées|43|2|7|non
Crèche Mélodie Et Ritournelle|44.836335|-0.58167|Écoles / collèges / lycées|27|6|7|oui
Credit Agricole Cauderan|44.859103|-0.623516|Mairies / administrations|11|9|5|oui
Credit Mutuel Bordeaux St Jean|44.823896|-0.579252|Mairies / administrations|14|6|5|oui
Décocéram|44.878551|-0.561356|Centres commerciaux|112|1|2|non
Direction Generale Des Impots|44.839055|-0.601153|Mairies / administrations|19|8|5|oui
Direction Regionale De L'Insee|44.828819|-0.556877|Mairies / administrations|25|2|5|non
Distrimag|44.853995|-0.566388|Centres commerciaux|198|2|2|non
Dupaty Batiment Provisoire|44.826857|-0.590939|Écoles / collèges / lycées|0|7|7|oui
E.T.P.C.A.B. (Ex Ecole Cecile Briat)|44.843144|-0.572945|Écoles / collèges / lycées|47|4|7|non
Ecole Atouts Maths|44.857041|-0.618295|Écoles / collèges / lycées|12|8|7|oui
Ecole Bilingue|44.853693|-0.570749|Écoles / collèges / lycées|40|3|7|non
Ecole De Danse Asso Danse Animation Gironde - Adage|44.832335|-0.574689|Écoles / collèges / lycées|0|5|7|non
Ecole Des Familles Ex College Don Bosco Saint Projet|44.831599|-0.598089|Écoles / collèges / lycées|8|8|7|oui
Ecole Elementaire Alphonse Dupeux|44.831103|-0.588539|Écoles / collèges / lycées|167|7|7|oui
"Ecole Montessori L""Envol Des Papillons"""|44.861976|-0.573449|Écoles / collèges / lycées|0|4|7|non
Ecole St Ferdinand|44.864535|-0.622014|Écoles / collèges / lycées|99|9|7|oui
Ecole Superieure Des Metiers De L'Image|44.848096|-0.57182|Écoles / collèges / lycées|80|4|7|non
Eden Park Ex Boutique Sia|44.841966|-0.577594|Centres commerciaux|110|5|2|non
Eglise Saint Jean De Belcier : Local Associatif|44.824204|-0.550748|Mairies / administrations|6|1|5|non
Ehpad Le Grand Bon Pasteur :Dos General|44.848423|-0.598304|Maisons de retraite / handicapés|148|7|8|non
Ehpad Les Fleurs De Gambetta|44.858032|-0.614637|Hôpitaux / cliniques|102|8|9|non
Ehpad Residence Vermeil|44.842423|-0.622533|Hôpitaux / cliniques|60|9|9|non
Elementaire Albert Schweitzer|44.862746|-0.581171|Écoles / collèges / lycées|317|5|7|non
Elementaire Nuyens|44.844342|-0.561216|Écoles / collèges / lycées|179|2|7|non
Elena Miro|44.843538|-0.57678|Centres commerciaux|0|5|2|non
English Com' Eddy|44.851618|-0.574525|Écoles / collèges / lycées|38|4|7|non
Ens St Seurin: Dos General|44.843574|-0.589158|Écoles / collèges / lycées|296|6|7|oui
Ensemble Immobilier - Batiment D : Local Commercial 3|44.851891|-0.541279|Centres commerciaux|106|5|2|non
Epicerie 56|44.843523|-0.581495|Centres commerciaux|12|6|2|non
Escape Yourself|44.84698|-0.584272|Gymnases / sports couverts|60|6|6|oui
Espace D'Accueil|44.847953|-0.574996|Mairies / administrations|10|5|5|non
Espace Dizabo|44.841496|-0.574011|Centres commerciaux|3|5|2|non
Espace Ds|44.885435|-0.544425|Salles de spectacle / conférences|625|5|4|non
"Espace Famille ""La Parentele"""|44.837384|-0.588572|Salles de spectacle / conférences|134|7|4|non
Espace Kine Sante Des Bassins|44.872566|-0.549986|Mairies / administrations|13|4|5|non
Espace Solidarite : Batiments 1 Et 2|44.847859|-0.543233|Salles de spectacle / conférences|166|5|4|non
Galerie Tourny|44.846757|-0.577137|Centres commerciaux|0|5|2|non
Gare Saint Jean : Boutique Baillardran|44.847898|-0.61382|Centres commerciaux|0|8|2|non
Gedimat|44.832754|-0.548279|Centres commerciaux|185|3|2|non
Gestionnaire De Biens|44.841405|-0.587519|Mairies / administrations|0|6|5|oui
Ginko Ilot C2.2 Commerce Lot 6.01|44.878852|-0.570495|Centres commerciaux|1965|3|2|non
Ginko: Zac De La Berge Du Lac Local Commercial L-F.2|44.838677|-0.576652|Centres commerciaux|55|5|2|non
Goethe Institut Annexe|44.846474|-0.576292|Écoles / collèges / lycées|49|5|7|non
Gonko Commerce N°1  Ilot A 2-5 Berge Du Lac|44.822208|-0.599848|Centres commerciaux|141|8|2|non
Grand Lebrun : Batiment C - Gymnase|44.850371|-0.605994|Gymnases / sports couverts|120|8|6|oui
Grand Lebrun : Batiment N Technologie|44.850371|-0.605994|Écoles / collèges / lycées|37|8|7|oui
Groupe Scolaire  Barbey|44.827524|-0.563006|Écoles / collèges / lycées|375|3|7|non
Groupe Scolaire Andre Meunier Dos General|44.830196|-0.564276|Écoles / collèges / lycées|390|3|7|non
Groupe Scolaire Charles Martin|44.87444|-0.552571|Écoles / collèges / lycées|459|4|7|non
Groupe Scolaire Raymond Poincare:Maternelle|44.84953|-0.602084|Écoles / collèges / lycées|150|8|7|oui
Iufm Dos General|44.842519|-0.609594|Écoles / collèges / lycées|0|8|7|oui
Jl International Vente Entrepot Du 1 Au 13 Juin 2015|44.82968|-0.574753|Centres commerciaux|670|5|2|non
Joueclub Salon Masterclass 9 Et 10 Février 2014|44.856355|-0.568436|Halls d'exposition|5619|3|0|non
Kiloutou|44.861343|-0.635126|Centres commerciaux|16|9|2|non
L Decors|44.853263|-0.5769|Centres commerciaux|4|5|2|non
L'Artisane|44.841866|-0.578074|Centres commerciaux|1|5|2|non
L'En-Cas Bordelais Ex Le Jacobar  N2.19)|44.839948|-0.572093|Centres commerciaux|17|4|2|non
L'Heritage De Robert|44.837037|-0.572814|Centres commerciaux|18|5|2|non
La Centrale De Financement|44.84439|-0.576022|Centres commerciaux|0|5|2|non
La Chimere|44.845334|-0.578395|Centres commerciaux|4|5|2|non
La Maison Gabin|44.85353|-0.572853|Centres commerciaux|20|4|2|non
La Manufacture|44.839453|-0.579273|Centres commerciaux|0|5|2|non
La Manufacture Atlantique|44.812529|-0.558|Salles de spectacle / conférences|400|4|4|non
La Part Des Anges|44.837451|-0.607853|Centres commerciaux|0|8|2|non
La Petite Epicerie|44.832513|-0.612052|Centres commerciaux|0|8|2|non
La Semaine Digitale Du 13 Au 18 Octobre 2014|44.856355|-0.568436|Halls d'exposition|5619|3|0|non
Laboratoire Anarev|44.835783|-0.568111|Mairies / administrations|0|4|5|non
Laboratoire D'Analyses Medicales Exalab|44.844681|-0.609231|Mairies / administrations|14|8|5|oui
Laboratoire Exalab|44.844918|-0.5467|Mairies / administrations|10|4|5|non
Laboratoire Exalab|44.838293|-0.576278|Mairies / administrations|20|5|5|non
Laboratoires D'Analyses Medicales Exalab|44.860272|-0.635782|Mairies / administrations|4|9|5|oui
Laverie Gasc 33|44.83511|-0.566805|Centres commerciaux|7|3|2|non
Lcl Credit Lyonnais Bordeaux Palais De Justice|44.841112|-0.621446|Mairies / administrations|13|9|5|oui
Lcl Le Credit Lyonnais|44.835041|-0.564523|Mairies / administrations|13|3|5|non
Le Boutique Hotel|44.843054|-0.579558|Hôtels / hébergements|24|5|3|non
Le Maryland|44.833328|-0.573167|Centres commerciaux|0|5|2|non
Le Petit Casino|44.832704|-0.593879|Centres commerciaux|0|7|2|non
Le Petit Casino De Fondaudege Ex-Superette  Spar|44.84854|-0.582604|Centres commerciaux|68|6|2|non
Le Salon De Cauderan|44.832791|-0.606177|Centres commerciaux|0|8|2|non
Leclerc Relais|44.851846|-0.573555|Centres commerciaux|7|4|2|non
Les Bassins À Flots - Commerce 2|44.85847|-0.607336|Centres commerciaux|95|8|2|non
Les Coiffeurs L'Autre Salon|44.838284|-0.590876|Centres commerciaux|6|7|2|non
Les Coquin'Ours|44.850717|-0.612238|Écoles / collèges / lycées|12|8|7|oui
Lycee M.Montaigne:Bat Transitoire|44.834845|-0.571889|Écoles / collèges / lycées|560|4|7|non
Magasin  Coccimarket|44.82507|-0.589978|Centres commerciaux|143|7|2|non
Magasin  Le Jardin Des Fleurs|44.840194|-0.580817|Centres commerciaux|26|6|2|non
Magasin  Reserve Naturelle|44.833079|-0.572999|Centres commerciaux|96|5|2|non
Magasin 1 2 3|44.840887|-0.577652|Centres commerciaux|64|5|2|non
Mam|44.822416|-0.604674|Centres commerciaux|0|8|2|non
Marche Des Capucins-Halle A-|44.830671|-0.567738|Centres commerciaux|0|4|2|non
Marche Des Capucins-Halle A- Banc 7C  Lim Koung|44.838714|-0.596208|Centres commerciaux|0|7|2|non
Marche Des Capucins-Halle A-Banc 13 C|44.830671|-0.567738|Centres commerciaux|0|4|2|non
Marche Des Capucins-Halle A-Banc 15 Ab|44.830671|-0.567738|Centres commerciaux|0|4|2|non
Maternelle Albert Schweitzer|44.862746|-0.581171|Écoles / collèges / lycées|140|5|7|non
Maternelle Carle Vernet|44.817149|-0.550367|Écoles / collèges / lycées|90|1|7|non
Maternelle Nuyens|44.844363|-0.561264|Écoles / collèges / lycées|144|2|7|non
Maternelle Pas Saint Georges|44.838348|-0.571931|Écoles / collèges / lycées|126|4|7|non
Maternelle Stehelin|44.856997|-0.624467|Écoles / collèges / lycées|150|9|7|oui
Maverick Motors|44.852952|-0.569353|Centres commerciaux|0|3|2|non
Meriadeck Tours A - B - C - Hotel Alboran (Tours Allianz)|44.837815|-0.583746|Hôtels / hébergements|1257|6|3|non
Mfc Restauration Rapide|44.852704|-0.568796|Centres commerciaux|9|3|2|non
Micro Creche Croix De Seguey|44.851207|-0.589011|Écoles / collèges / lycées|10|6|7|oui
Micro-Creche S4U|44.868619|-0.551425|Écoles / collèges / lycées|10|4|7|non
Micromania|44.83878|-0.575112|Centres commerciaux|0|5|2|non
Mutuelle Mae|44.837327|-0.572872|Mairies / administrations|6|5|5|non
Mutuelle Mfa|44.834794|-0.575037|Mairies / administrations|0|5|5|non
Mutuelle Nationale Des Etudiants De France|44.834826|-0.573909|Mairies / administrations|20|5|5|non
Mutuelle Uneo (Ex Casden)|44.826073|-0.590156|Mairies / administrations|7|7|5|oui
Mutuelles De Poitiers Assurances|44.842454|-0.556664|Mairies / administrations|5|1|5|non
Naos Hotel Bordeaux Gare  Hilton Garden Inn Bordeaux Centre|44.84039|-0.569416|Hôtels / hébergements|1192|4|3|non
Nouvelles Frontieres Et Agence Immobiliere B2P|44.844873|-0.576691|Mairies / administrations|8|5|5|non
Nuit Des Fignos 2019 Le 2 Fevrier 2019 Au Hangar 14|44.840747|-0.569569|Halls d'exposition|3200|4|0|non
Nyx Professional Makeup|44.840387|-0.574321|Centres commerciaux|46|5|2|non
Palais Des Congres|46.327502|-0.471609|Salles de spectacle / conférences|6141|9|4|non
Parcours-Formations|44.848155|-0.588914|Écoles / collèges / lycées|15|6|7|oui
"Parfumerie Et Institut De Beauté ""Nocibé"""|44.840232|-0.574295|Centres commerciaux|105|5|2|non
Patinoire Bordeaux Meriadeck|44.83489|-0.587663|Salles de spectacle / conférences|7212|7|4|non
Patisserie Chocolaterie Luc Dorin|44.844789|-0.609629|Centres commerciaux|12|8|2|non
Pavillon Prevoyance|44.834674|-0.566639|Mairies / administrations|0|4|5|non
Pharmacie Bel Air|44.843715|-0.628607|Centres commerciaux|19|9|2|non
Pharmacie Cazauran Jacob|44.860165|-0.612788|Centres commerciaux|0|8|2|non
Pharmacie De La Benauge|44.843458|-0.54246|Centres commerciaux|0|5|2|non
Pharmacie De La Croix Blanche|44.846171|-0.593944|Centres commerciaux|0|7|2|non
Pharmacie De La Victoire|44.830893|-0.573521|Centres commerciaux|48|5|2|non
Pharmacie Fayon|44.82526|-0.589611|Centres commerciaux|0|7|2|non
Pharmacie Goudet|44.840327|-0.596844|Centres commerciaux|0|7|2|non
Pouponniere Du Centre|44.832013|-0.59188|Écoles / collèges / lycées|16|7|7|oui
Pressing 52|44.853977|-0.572342|Centres commerciaux|9|4|2|non
Retouch'Heure|44.842987|-0.58649|Mairies / administrations|0|6|5|oui
S.A.V.S Insercite|44.829579|-0.600633|Mairies / administrations|12|8|5|oui
S.C.I  La Gabare|44.864328|-0.5498|Salles de spectacle / conférences|410|4|4|non
S.I.A.S.O. Bastide|44.851891|-0.541279|Halls d'exposition|95|5|0|non
Saint Genez Presse Tabac|44.838997|-0.571916|Centres commerciaux|10|4|2|non
Saison Liberte - Gn 6 - Chapelle Du C.R.O.U.S.|44.851257|-0.577109|Salles de spectacle / conférences|195|5|4|non
Salambo|44.841613|-0.582073|Centres commerciaux|0|6|2|non
Salle De Culture Physique California|44.83485|-0.575362|Gymnases / sports couverts|20|5|6|non
Salle Jean Dauguet|44.840824|-0.551675|Gymnases / sports couverts|2571|3|6|non
Salle Polyvalente|44.8413|-0.582884|Salles de spectacle / conférences|130|6|4|non
Salle Polyvalente De L'Agja|44.856407|-0.618128|Salles de spectacle / conférences|170|8|4|non
"Salon ""Bonjour Sneakers"""|44.856355|-0.568436|Halls d'exposition|5619|3|0|non
Salon De Coiffure De M. Koulakian|44.847603|-0.627528|Centres commerciaux|4|9|2|non
Salon De Coiffure Eric Stipa|44.837773|-0.571964|Centres commerciaux|24|4|2|non
Trocathlon|44.861225|-0.576496|Centres commerciaux|3654|4|2|non
Trocathlon Du 17 Au 26 Octobre 2013|44.88067|-0.570246|Centres commerciaux|3754|2|2|non
Week End Des Grands Crus 18 Mai 2013|44.856355|-0.568436|Halls d'exposition|5619|3|0|non
Woody'S & Tim|44.839492|-0.570609|Centres commerciaux|19|4|2|non
Youpi Parc|44.883691|-0.541669|Gymnases / sports couverts|38|6|6|oui
Zac Des Chartrons : Ilot B|44.85677|-0.568967|Mairies / administrations|19|3|5|non
Zen Bushido Renmei|44.857754|-0.572115|Écoles / collèges / lycées|0|3|7|non
8Eme Rencontre Emploi Handicap 19 Novembre 2014|44.856355|-0.568436|Halls d'exposition|5619|3|0|non
A L'Ombre Des Marques|44.835563|-0.573406|Centres commerciaux|196|5|2|non
Accueil Negoce Services|44.842993|-0.575807|Mairies / administrations|99|5|5|non
Aed|44.843715|-0.628607|Mairies / administrations|0|9|5|oui
Agence Bancaire Bnp Paribas|44.832045|-0.596553|Mairies / administrations|15|7|5|oui
Agence Bancaire Credit Lyonnais|44.839739|-0.559732|Mairies / administrations|19|1|5|non
Agence Caisse D Epargne Bordeaux Clemenceau (Ex Credit Foncier De France)|44.842822|-0.579452|Mairies / administrations|12|5|5|non
Agence Cic Societe Bordelaise (Hangar 16)|44.84039|-0.569416|Mairies / administrations|14|4|5|non
Agence Conseil Didier Tamarelle|44.848998|-0.573102|Mairies / administrations|0|4|5|non
Agence Deutsche Bank|44.84316|-0.578934|Mairies / administrations|8|5|5|non
Agence Du Credit Agricole|44.844582|-0.552406|Mairies / administrations|15|2|5|non
Agence Immobiliere|44.844107|-0.57768|Mairies / administrations|6|5|5|non
Agence Immobiliere|44.838728|-0.579139|Centres commerciaux|2|5|2|non
Agence Immobiliere Era|44.829928|-0.595907|Mairies / administrations|29|7|5|oui
Agence Maaf Assurances|44.841217|-0.557893|Mairies / administrations|7|1|5|non
Agence Matmut|44.831685|-0.602904|Mairies / administrations|13|8|5|oui
Agence Provisoire Du Credit Agricole|44.843715|-0.628607|Mairies / administrations|4|9|5|oui
Aldi Marche|44.852941|-0.539565|Centres commerciaux|496|5|2|non
Alice Delice|44.838742|-0.575536|Centres commerciaux|97|5|2|non
Allianz|44.841661|-0.58145|Mairies / administrations|9|6|5|oui
Alternitival 12 Septembre 2015|44.831191|-0.572331|Écoles / collèges / lycées|5480|5|7|non
American Car Wash Et Rapid Pare Brise|44.852171|-0.570671|Centres commerciaux|7|3|2|non
Anne Lassalle Coiffure|44.819728|-0.597639|Centres commerciaux|9|8|2|non
Anne O²|44.854983|-0.577236|Centres commerciaux|0|5|2|non
Antenne Sportive S1|44.903561|-0.574971|Gymnases / sports couverts|250|7|6|oui
Antoine Et Lili|44.840369|-0.578237|Centres commerciaux|0|5|2|non
Appart Hotel Victoria Garden Bati B|44.853685|-0.571033|Salles de spectacle / conférences|220|3|4|non
Arbre De Noel Cmcas Gironde|44.882912|-0.550513|Gymnases / sports couverts|1390|4|6|non
Archives Municipales|44.837951|-0.574903|Bibliothèques / médiathèques|40|5|1|non
Assedic Sud Ouest|44.860132|-0.574815|Mairies / administrations|156|4|5|non
Assemblée Générale Des Experts-Comptables D'Aquitaine|44.856355|-0.568436|Halls d'exposition|5619|3|0|non
Association Cos : Maison Relais|44.827404|-0.585764|Salles de spectacle / conférences|15|7|4|non
Atelier Des Artiste|44.830796|-0.603878|Centres commerciaux|0|8|2|non
Atol Opticiens|44.840404|-0.560585|Centres commerciaux|56|1|2|non
Autre Ambiance|44.848107|-0.5717|Salles de spectacle / conférences|49|4|4|non
Avecterrasse.Com|44.840074|-0.579989|Mairies / administrations|0|6|5|oui
Avril A Paris|44.841589|-0.575385|Centres commerciaux|14|5|2|non
Bambino|44.840727|-0.57954|Centres commerciaux|0|5|2|non
Banque De France|44.843207|-0.572267|Mairies / administrations|50|4|5|non
Banque Populaire Centre Atlantique|44.827822|-0.575362|Mairies / administrations|19|5|5|non
Bassins A Flot - Lot P9C : Commerce 4|44.864943|-0.559972|Centres commerciaux|141|2|2|non
Bassins A Flot Ilot C5 - Lf2 Local Commercial 3|44.862132|-0.587876|Centres commerciaux|0|6|2|non
Bassins Aflot - Ilot P9D : Commerce 5|44.864943|-0.559972|Centres commerciaux|104|2|2|non
Batiment Bibliotheque Sncf|44.823019|-0.55876|Bibliothèques / médiathèques|0|3|1|non
Bâtiment Habitation|44.848656|-0.592053|Écoles / collèges / lycées|110|7|7|oui
Batiment Les Escuriales : Dossier General|44.831975|-0.60253|Centres commerciaux|0|8|2|non
Batiments Provisoires Nuyens|44.844847|-0.546893|Écoles / collèges / lycées|150|4|7|non
Belle Etoile Coiffure|44.8359|-0.573226|Centres commerciaux|7|5|2|non
Bijouterie Art Et Or|44.83536|-0.571416|Centres commerciaux|0|4|2|non
Bijouterie Horlogerie Leymerigie|44.860468|-0.609936|Centres commerciaux|0|8|2|non
Bijouterie Ozencia (Ex Megalithes)|44.841043|-0.575812|Centres commerciaux|28|5|2|non
Bordeaux Centre De Formation|44.887217|-0.557338|Écoles / collèges / lycées|0|4|7|non
Bordeaux International School|44.840339|-0.596697|Écoles / collèges / lycées|77|7|7|oui
Bordeaux Metropole 2050|44.856355|-0.568436|Halls d'exposition|5619|3|0|non
Bordeaux Services Solidarité|44.831923|-0.60073|Mairies / administrations|0|8|5|oui
Boulangerie Le Duffour|44.836514|-0.575661|Centres commerciaux|5|5|2|non
Boulangerie Patisserie Chez Poulou|44.848535|-0.592089|Centres commerciaux|3|7|2|non
Boulangerie Patisserie Farine § Cacao|44.856818|-0.618577|Centres commerciaux|5|8|2|non
Boulangerie Patisserie Fournil Du Centre|44.835046|-0.572905|Centres commerciaux|5|5|2|non
Boulangerie Patisserie Halloumi|44.837477|-0.566928|Centres commerciaux|9|3|2|non
Boulangerie Sarl Ceut|44.851178|-0.571765|Centres commerciaux|0|4|2|non
Bureau 1|44.831413|-0.598777|Mairies / administrations|8|8|5|oui
Bureau 2|44.831413|-0.598777|Mairies / administrations|9|8|5|oui
Bureau De Poste Cauderan|44.837406|-0.609953|Mairies / administrations|15|8|5|oui
Bureau De Poste Des Chartrons|44.855313|-0.571718|Mairies / administrations|15|4|5|non
Bureaux|44.828323|-0.561718|Mairies / administrations|20|3|5|non
Bureaux|44.837838|-0.571069|Mairies / administrations|0|4|5|non
Bureaux D'Experts Comptables|44.84139|-0.55506|Mairies / administrations|2|2|5|non
Bureaux Ex Commerce De Materiaux De Construction|44.854165|-0.581858|Mairies / administrations|0|5|5|non
Bureaux Fidergec|44.825582|-0.589413|Mairies / administrations|11|7|5|oui
Bureaux Fiducial|44.887708|-0.563745|Mairies / administrations|60|3|5|non
Bureaux Sa Le Foyer|44.84039|-0.569416|Mairies / administrations|13|4|5|non
C. C. Leclerc Saint Louis : Magasin Krys|44.862954|-0.567368|Centres commerciaux|30|2|2|non
C.C. Leclerc Saint Louis : Esthetic Center|44.826032|-0.577327|Centres commerciaux|7|6|2|non
C.C.Auchan Lac : Andre|44.88067|-0.570246|Centres commerciaux|28|2|2|non
C.C.Auchan Lac : Minelli|44.88067|-0.570246|Centres commerciaux|23|2|2|non
C.C.Auchan Lac: Boutique Tamaris|44.88067|-0.570246|Centres commerciaux|9|2|2|non
C.C.Auchan Lac: Camaieu|44.88067|-0.570246|Centres commerciaux|24|2|2|non
C.C.Auchan Lac: Etam Lingerie|44.88067|-0.570246|Centres commerciaux|28|2|2|non
C.C.Leclerc St Louis: Brasserie Albagnac|44.862132|-0.587876|Centres commerciaux|89|6|2|non
C.C.Leclerc St Louis: Photomaton|44.826032|-0.577327|Centres commerciaux|0|6|2|non
C.C.Les Bastides: Legumes|44.843955|-0.542428|Centres commerciaux|7|5|2|non
C.C.Meriadeck :Boutique Belros|44.837959|-0.584904|Centres commerciaux|0|6|2|non
C.C.Meriadeck: Kiosque D Food&Beverage|44.838926|-0.583142|Centres commerciaux|0|6|2|non
C.C.Meriadeck: Restaurant 02|44.838926|-0.583142|Centres commerciaux|0|6|2|non
C.C.Meriadeck: Vide|44.852604|-0.57636|Centres commerciaux|35|5|2|non
C.C.St Christoly: Acuitis|44.839286|-0.576552|Centres commerciaux|0|5|2|non
C.C.St Christoly: Naf-Naf|44.839286|-0.576552|Centres commerciaux|0|5|2|non
C.D.A.F.: Bat.C|44.842252|-0.58574|Écoles / collèges / lycées|12|6|7|oui
C.F.P.A.: Batiment  V|44.84602|-0.621423|Écoles / collèges / lycées|90|9|7|oui
C.F.P.A.: Batiments C Et D|44.84602|-0.621423|Écoles / collèges / lycées|28|9|7|oui
Cabinet Avocats|44.831997|-0.573602|Mairies / administrations|6|5|5|non
Cabinet Avocats|44.836428|-0.581374|Mairies / administrations|0|6|5|oui
Cabinet Conseil Et Investissements|44.83832|-0.58087|Mairies / administrations|0|6|5|oui
Cabinet D'Avocats|44.837699|-0.571132|Mairies / administrations|0|4|5|non
Cabinet D'Avocats Dubarry|44.836623|-0.581199|Mairies / administrations|0|6|5|oui
Cabinet D'Infirmieres Et Medical Dr. Smirani|44.833627|-0.57438|Mairies / administrations|1|5|5|non
Cabinet D'Orthodontie|44.824022|-0.586974|Mairies / administrations|2|7|5|oui
Cabinet D'Osteopathe|44.850518|-0.571081|Mairies / administrations|0|4|5|non
Cabinet D'Osthéopathie/Energetique|44.853942|-0.566458|Mairies / administrations|0|2|5|non
Cabinet De Consultation De Chirurgie|44.843836|-0.57744|Mairies / administrations|14|5|5|non
Cabinet De Dermatologie|44.855734|-0.602786|Centres commerciaux|124|8|2|non
Cabinet De Gynecologie|44.843894|-0.58155|Mairies / administrations|6|6|5|oui
Cabinet De Kinésithérapie|44.835188|-0.600287|Mairies / administrations|6|8|5|oui
Cabinet De Kinesitherapie|44.839014|-0.573097|Mairies / administrations|6|4|5|non
Cabinet De Kinesitherapie|44.831308|-0.611002|Hôpitaux / cliniques|40|8|9|non
Cabinet De Kinesitherapie Mme Guennou|44.846857|-0.58248|Mairies / administrations|8|6|5|oui
Cabinet De Psychiatre|44.854138|-0.591301|Mairies / administrations|5|6|5|oui
Cabinet De Psychologue|44.842162|-0.572863|Hôpitaux / cliniques|4|4|9|non
Cabinet De Psychotherapie|44.857007|-0.608015|Mairies / administrations|1|8|5|oui
Cabinet De Soins D'Esthetique|44.84186|-0.602978|Mairies / administrations|2|8|5|oui
Cabinet Dentaire|44.826563|-0.587532|Mairies / administrations|8|7|5|oui
Cabinet Dentaire|44.847919|-0.587503|Hôpitaux / cliniques|9|6|9|non
Cabinet Dentaire|44.842804|-0.579932|Mairies / administrations|8|5|5|non
Cabinet Dentaire|44.842744|-0.594833|Mairies / administrations|5|7|5|oui
Café De La Bourse|44.832122|-0.578054|Centres commerciaux|0|6|2|non
Carhartt Shop|44.837548|-0.571737|Centres commerciaux|0|4|2|non
Carpip|44.822463|-0.595783|Mairies / administrations|5|8|5|oui
Carrefour City|44.849421|-0.544518|Centres commerciaux|85|5|2|non
Carrefour City|44.853665|-0.571003|Centres commerciaux|199|3|2|non
Carrefour Proximite|44.830642|-0.578381|Centres commerciaux|114|6|2|non
Caserne De Gendarmerie De La Bastide|44.848638|-0.562594|Mairies / administrations|0|2|5|non
Cc Meriadeck : Magasin Intersport|44.823913|-0.614008|Centres commerciaux|820|9|2|non
Centre Commercial Europe - Salon De Coiffure Hang|44.85168|-0.576851|Centres commerciaux|10|5|2|non
Centre Commercial Europe Du Gd Parc : Ilot E - Auchan Et Cpam|44.859865|-0.579867|Centres commerciaux|940|5|2|non
Centre Commercial Europe Du Gd Parc Auto Ecole Marie-Jeanne|44.879751|-0.55089|Mairies / administrations|15|4|5|non
Centre Commercial Grand Parc Ilot Counord Batiment 1 : Lot 1B - Location Video|44.836806|-0.579934|Centres commerciaux|60|6|2|non
Centre Commercial Grand Parc Ilot Counord Batiment 1 : Lot 1E - Espace De Vente|44.862132|-0.587876|Centres commerciaux|0|6|2|non
Centre D'Accueil Boutique|44.832691|-0.570427|Mairies / administrations|19|4|5|non
Centre D'Animation St Pierre : Batiment A|44.839587|-0.572861|Écoles / collèges / lycées|121|4|7|non
Centre De Dynamisme Corporelleca|44.843715|-0.628607|Gymnases / sports couverts|2|9|6|oui
Centre De Formation - Medical Sciences|44.833527|-0.602052|Écoles / collèges / lycées|93|8|7|oui
Centre De Formation Insermedia - Entree A|44.853792|-0.588511|Écoles / collèges / lycées|46|6|7|oui
Centre De Formation Professionelle Bordeaux Nord Aquitaine|44.863378|-0.580677|Écoles / collèges / lycées|45|5|7|non
Centre De Masseurs Kine Et Ostheo|44.851824|-0.587025|Mairies / administrations|0|6|5|oui
Centre De Remise En Forme|44.835388|-0.564769|Gymnases / sports couverts|91|3|6|non
Centre De Yoga|44.854783|-0.624003|Gymnases / sports couverts|0|9|6|oui
Centre Medical|44.829326|-0.609092|Hôpitaux / cliniques|0|8|9|non
Centre Medico Educatif|44.826134|-0.563885|Hôpitaux / cliniques|0|4|9|non
Centre Medico-Social Des Aubiers|44.873317|-0.571714|Hôpitaux / cliniques|16|3|9|non
Centre Pastoral Du Noviciat|44.851632|-0.577013|Salles de spectacle / conférences|180|5|4|non
Centre Secondaire De Medecine Du Travail|44.843888|-0.570792|Hôpitaux / cliniques|0|4|9|non
Centre Therapeutique|44.854068|-0.581505|Mairies / administrations|8|5|5|non
Ch.Ch. Perrens : Batiment 49|44.823625|-0.600266|Hôpitaux / cliniques|208|8|9|non
Ch.Ch.Perrens : Batiment 46|44.823625|-0.600266|Hôpitaux / cliniques|9|8|9|non
Ch.Ch.Perrens : Batiment 48|44.823625|-0.600266|Hôpitaux / cliniques|35|8|9|non
Ch.Ch.Perrens Cmp Montesquieu|44.851106|-0.579073|Hôpitaux / cliniques|20|5|9|non
Ch.Ch.Perrens: Bat 59|44.823625|-0.600266|Hôpitaux / cliniques|40|8|9|non
Chambre Fnaim De La Gironde|44.842601|-0.571217|Mairies / administrations|19|4|5|non
Championnat Du Monde De Billard 3 Bandes|44.842119|-0.570945|Salles de spectacle / conférences|0|4|4|non
Chapiteau Maison De La Literie|44.877098|-0.559811|Centres commerciaux|58|2|2|non
Chiropracteur|44.841171|-0.581879|Mairies / administrations|0|6|5|oui
Chu Bordeaux : Unité De Soins Normalisés (Usn)|44.830385|-0.603262|Hôpitaux / cliniques|148|8|9|non
Chu Bordeaux:O.R.L.Bat P,Q,R|44.830385|-0.603262|Hôpitaux / cliniques|-100|8|9|non
Ci33|44.822112|-0.594826|Mairies / administrations|0|8|5|oui
Classes De Nature|44.894578|-0.554037|Écoles / collèges / lycées|60|5|7|non
Clinique Anouste:Accueil De Jour|44.828863|-0.610475|Hôpitaux / cliniques|35|8|9|non
Clinique St Augustin:Batiment Ceccv - Centre De Cardiologie|44.820154|-0.598235|Hôpitaux / cliniques|170|8|9|non
Clinique Tivoli|44.857398|-0.587108|Hôpitaux / cliniques|480|6|9|non
Clinique Veterinaire|44.8554|-0.628927|Mairies / administrations|10|9|5|oui
Clinique Veterinaire|44.862951|-0.566746|Centres commerciaux|11|2|2|non
Clinique Veterinaire Docteur Brun|44.849769|-0.596183|Mairies / administrations|0|7|5|oui
Clinique Veterinaire Pailley-Santamaria|44.843715|-0.628607|Mairies / administrations|12|9|5|oui
Club House Du Cam Foot-Ball|44.855299|-0.627177|Salles de spectacle / conférences|49|9|4|non
Club Senior Cite Lumineuse|44.873224|-0.546275|Salles de spectacle / conférences|92|5|4|non
Club Senior Des Aubiers|44.872948|-0.570723|Salles de spectacle / conférences|40|3|4|non
Coiffure Art Et Nature|44.833277|-0.574258|Centres commerciaux|0|5|2|non
College Blanqui: Salle De Sports|44.873905|-0.550478|Écoles / collèges / lycées|58|4|7|non
College Emile Combes|44.834821|-0.609898|Écoles / collèges / lycées|410|8|7|oui
College Grand Parc:Annexe|44.858478|-0.583996|Écoles / collèges / lycées|96|6|7|oui
College Grand Parc:Batiment A|44.856304|-0.583204|Écoles / collèges / lycées|600|5|7|non
College Grand Parc:Batiment B|44.856304|-0.583204|Écoles / collèges / lycées|360|5|7|non
College Jacques Ellul (Nouveau College) Site Mayaudon|44.819706|-0.597826|Écoles / collèges / lycées|850|8|7|oui
College Monsejour:Batiment Principal|44.855537|-0.630725|Écoles / collèges / lycées|550|9|7|oui
College St Andre : Dossier General|44.855364|-0.617194|Écoles / collèges / lycées|669|8|7|oui
College Ste Clotilde : Bat Prefabrique|44.848084|-0.595729|Écoles / collèges / lycées|50|7|7|oui
College Ste Clotilde : Cathechese|44.848084|-0.595729|Écoles / collèges / lycées|30|7|7|oui
Commerce|44.851964|-0.58973|Centres commerciaux|0|6|2|non
Commerce|44.851036|-0.569686|Centres commerciaux|64|3|2|non
Commerce ( Ex Hotel Bar Le Club )|44.839669|-0.55849|Centres commerciaux|0|1|2|non
Commerce C.2E - Ensemble Immobilier Brienne Ilot 5.1.C - Zac Bordeaux Saint Jean Belcier|44.823623|-0.544283|Centres commerciaux|307|2|2|non
Concert Daddy Yankee Le 10/07/2015|44.83489|-0.587663|Salles de spectacle / conférences|7212|7|4|non
Concession Daf Et Vw|44.869044|-0.548023|Halls d'exposition|20|4|0|non
Congres Euro-Pharmat|44.872645|-0.571176|Salles de spectacle / conférences|6141|3|4|non
Congres Nebopan|44.856355|-0.568436|Halls d'exposition|5619|3|0|non
Congres Sfetd Au Palais Des Congres|44.842119|-0.570945|Salles de spectacle / conférences|0|4|4|non
Congres Wcsb7|44.850031|-0.570868|Hôtels / hébergements|2500|4|3|non
Consultoires De Psychanalyse|44.852178|-0.571732|Mairies / administrations|0|4|5|non
Copies Chartrons|44.85245|-0.572941|Centres commerciaux|0|4|2|non
Copropriete Immeuble Le Tivoli|44.853854|-0.588523|Mairies / administrations|0|6|5|oui
Creche - Villa Pia|44.825161|-0.583356|Écoles / collèges / lycées|35|6|7|oui
Creche Babilou|44.840573|-0.55311|Écoles / collèges / lycées|36|2|7|non
Creche Les Enfants D'Osiris - Groupement D'Établissement|44.846171|-0.593944|Écoles / collèges / lycées|9|7|7|oui
Creche People And Baby|44.851614|-0.569939|Écoles / collèges / lycées|15|3|7|non
Creche Pitchoun' Rue De Nuits|44.842571|-0.553932|Écoles / collèges / lycées|75|2|7|non
Credit Agricole|44.835091|-0.574079|Mairies / administrations|32|5|5|non
Credit Agricole Nansouty|44.820271|-0.572492|Mairies / administrations|19|5|5|non
Credit Foncier De France|44.848143|-0.575564|Mairies / administrations|0|5|5|non
Credit Mutuel Du Sud-Ouest|44.842382|-0.574742|Mairies / administrations|30|5|5|non
Cresus Bordeaux|44.842428|-0.579383|Centres commerciaux|9|5|2|non
Curiosite Design|44.844708|-0.579839|Centres commerciaux|24|5|2|non
Depot Vente|44.839439|-0.581908|Centres commerciaux|0|6|2|non
Ecole De Sophrologie|44.838335|-0.576973|Mairies / administrations|0|5|5|non
Ecole Du Cirque|44.871985|-0.561368|Écoles / collèges / lycées|662|2|7|non
Ecole Maternelle Alphonse Dupeux|44.831288|-0.58872|Écoles / collèges / lycées|111|7|7|oui
Ecole Notre Dame : Maternelle Et Elementaire|44.840206|-0.580133|Écoles / collèges / lycées|358|6|7|oui
Ecole St Gabriel: Batiment  Maternelle|44.846355|-0.589325|Écoles / collèges / lycées|473|6|7|oui
Ecole St Michel|44.84632|-0.588074|Écoles / collèges / lycées|80|6|7|oui
Ecole Supérieure Du Digital|44.842442|-0.563226|Écoles / collèges / lycées|80|2|7|non
Ecv  Aquitaine|44.856469|-0.590741|Écoles / collèges / lycées|158|6|7|oui
Eglise Notre Dame Des Anges : Batiment Acte|44.825865|-0.588245|Mairies / administrations|2|7|5|oui
Eglise Notre Dame Des Anges : Batiment Annexe|44.825865|-0.588245|Salles de spectacle / conférences|105|7|4|non
Ehpad Korian Clos Serena|44.833458|-0.584856|Maisons de retraite / handicapés|140|6|8|non
Ehpad Le Platane Du Grand Parc|44.857508|-0.581513|Maisons de retraite / handicapés|131|5|8|non
Ehpad Terre Negre Administration Communaute|44.85097|-0.592184|Mairies / administrations|19|7|5|oui
Elementaire Stehelin|44.843937|-0.613784|Écoles / collèges / lycées|210|8|7|oui
Ens St Seurin: Ec Bat Lachassaigne|44.843581|-0.589284|Écoles / collèges / lycées|42|6|7|oui
Ensemble Résidentiel Avec Commerces|44.858352|-0.624281|Centres commerciaux|64|9|2|non
Ensemble Résidentiel Avec Commerces|44.858352|-0.624281|Centres commerciaux|34|9|2|non
Epicerie De La Chapelle|44.844675|-0.601702|Centres commerciaux|10|8|2|non
Épicerie Un Jour Vert|44.832909|-0.570885|Centres commerciaux|19|4|2|non
Eram Ex Boutique Staggy|44.838096|-0.57382|Centres commerciaux|104|5|2|non
Escales Du Design 13,14&15/12/2012|44.852746|-0.566354|Halls d'exposition|3000|2|0|non
Espace Danet|44.8731|-0.562998|Halls d'exposition|0|1|0|non
Espace Orthopedie|44.833136|-0.603638|Mairies / administrations|4|8|5|oui
Espace Petite Enfance Et Familles Noviciat|44.850876|-0.577476|Écoles / collèges / lycées|51|5|7|non
Espace Tregey: Dossier General|44.847859|-0.543233|Salles de spectacle / conférences|250|5|4|non
Essca|44.843406|-0.573307|Écoles / collèges / lycées|0|4|7|non
Essca|44.835364|-0.567501|Écoles / collèges / lycées|300|4|7|non
Etablissement D'Enseignement Superieur Bernom|44.852658|-0.594506|Écoles / collèges / lycées|155|7|7|oui
"Exposition ""Mai 1968 En Gironde"""|44.857119|-0.568467|Bibliothèques / médiathèques|338|3|1|non
Exposition De Mobilier De Jardin Du 10/02 Au 31/08/2014|44.88067|-0.570246|Centres commerciaux|5866|2|2|non
Foncia|44.845585|-0.578747|Mairies / administrations|11|5|5|non
Forum Sante Avenir|44.849752|-0.570368|Hôtels / hébergements|2471|4|3|non
Foyer Monsejour|44.855424|-0.632593|Maisons de retraite / handicapés|56|9|8|non
Foyer Solidarite Jeunesse|44.830351|-0.612411|Salles de spectacle / conférences|35|8|4|non
Foyer Wilson|44.843016|-0.590765|Salles de spectacle / conférences|11|7|4|non
France 3 Aquitaine|44.851551|-0.592131|Salles de spectacle / conférences|170|7|4|non
Francel Sas|44.832336|-0.612844|Centres commerciaux|0|8|2|non
Gal Grands Hommes: Etal 21 Fromagerie La Basco Bearnaise|44.842816|-0.577589|Centres commerciaux|0|5|2|non
Gal Grands Hommes: Etal 5 Olivier Brasserie|44.842816|-0.577589|Centres commerciaux|0|5|2|non
Gala De Boxe Muay Thai - Championnat De France|44.840824|-0.551675|Gymnases / sports couverts|2571|3|6|non
Gala De Boxe Thai Du 11 Janvier 2014|44.839846|-0.553339|Gymnases / sports couverts|300|2|6|non
Galerie Tatry - Magasin Esteban|44.863147|-0.572986|Centres commerciaux|85|4|2|non
Galerie Tatry - Sas The Wall Bordeaux|44.863147|-0.572986|Gymnases / sports couverts|130|4|6|non
Gaz De Bordeaux Annexe|44.839444|-0.576573|Mairies / administrations|10|5|5|non
Ginko Commerces Ilot A2-4 Berge Du Lac|44.822208|-0.599848|Centres commerciaux|0|8|2|non
Ginko Ilot C2.2 Commerce|44.878852|-0.570495|Centres commerciaux|0|3|2|non
Ginko Pole Sante Ilot B3.1A|44.846871|-0.575865|Hôpitaux / cliniques|196|5|9|non
Goethe Institut Et Consulat D'Allemagne|44.850231|-0.574987|Écoles / collèges / lycées|167|4|7|non
Graduate Store|44.838439|-0.57185|Centres commerciaux|0|4|2|non
Grand Lebrun : Batiment G - Restauration|44.850371|-0.605994|Écoles / collèges / lycées|400|8|7|oui
Groupe Scolaire Andre Meunier : Elementaire|44.831233|-0.563103|Écoles / collèges / lycées|212|3|7|non
Groupe Scolaire Bassins A Flot N°2|44.866069|-0.549156|Écoles / collèges / lycées|609|4|7|non
Groupe Scolaire Carle Vernet|44.816107|-0.555613|Écoles / collèges / lycées|240|3|7|non
Groupe Scolaire Charles Martin : Clsh|44.87444|-0.552571|Écoles / collèges / lycées|92|4|7|non
Gymnase Thiers|44.846826|-0.549538|Gymnases / sports couverts|260|3|6|non
Hall D'Exposition Et Bureaux Du Conseil Regional|44.843077|-0.571095|Salles de spectacle / conférences|199|4|4|non
Halle Debat-Ponsan Commerce 2 Pb' Entre Bat B Et Bat C|44.84039|-0.569416|Centres commerciaux|0|4|2|non
Halle Neuve - Ilot 9.20 - Zac Saint Jean Belcier|44.829974|-0.581148|Centres commerciaux|0|6|2|non
Hotel Bar Chez Juliette|44.829906|-0.565405|Hôtels / hébergements|42|4|3|non
Hotel De Biarritz|44.83801|-0.572651|Hôtels / hébergements|25|4|3|non
Hotel Du Parc|44.849696|-0.574153|Hôtels / hébergements|15|4|3|non
Hotel Ibis Et Ibis Budget Bordeaux Meriadeck|44.83619|-0.583185|Hôtels / hébergements|1436|6|3|non
Hotel La Maison Bord'Eaux|44.844051|-0.587341|Hôtels / hébergements|28|6|3|non
Hotel Le Chantry|44.83904|-0.588434|Hôtels / hébergements|267|6|3|non
Hotel Le Tartarin|44.830655|-0.569789|Hôtels / hébergements|15|4|3|non
Hotel Le Tramway|44.846994|-0.549265|Hôtels / hébergements|110|3|3|non
Hotel Meininger|44.827192|-0.552159|Hôtels / hébergements|493|1|3|non
Hotel Meuble Traversanne|44.832104|-0.566195|Hôtels / hébergements|20|4|3|non
Hotel Restaurant Les Retaillons|44.842199|-0.5976|Hôtels / hébergements|50|7|3|non
Hotel Restaurant Nord Sud|44.840127|-0.569305|Hôtels / hébergements|40|4|3|non
Hotel Studio Annexe (67 Rue Huguerie)|44.844398|-0.581429|Hôtels / hébergements|18|6|3|non
I.B.M. - Supinfo (Ecole Superieure D'Informatique)|44.883368|-0.570635|Mairies / administrations|80|2|5|non
Ilot Lucien Faure C5 - Lf1 Commerce 3|44.835154|-0.567124|Centres commerciaux|98|4|2|non
Ilot Lucien Faure C5 - Lf3 Commerce 2 : Banque Bnp Paribas|44.864943|-0.559972|Mairies / administrations|46|2|5|non
Immeuble De Bureaux ( Batiment 1 )|44.833721|-0.59226|Mairies / administrations|50|7|5|oui
Immeuble H33 - Whoorks : Ecole Vatel (Campus Des Halles) Et Bureaux (Betclic)|44.876166|-0.550789|Écoles / collèges / lycées|585|4|7|non
Immeuble Inox (Ex Onyx)|44.840878|-0.571718|Salles de spectacle / conférences|150|4|4|non
Immeuble Le Clos De La Chartreuse : Cabinets Medicaux|44.832419|-0.595265|Centres commerciaux|69|7|2|non
Immeuble Le G5 - Bureau B3|44.835091|-0.566165|Mairies / administrations|9|3|5|non
Immeuble Plaza Boulevard:Dos General|44.829412|-0.595759|Mairies / administrations|476|7|5|oui
Immeuble Raulet|44.8731|-0.562998|Mairies / administrations|0|1|5|non
Immeuble Scvv De Serr : Commerce 1|44.82506|-0.58529|Centres commerciaux|0|7|2|non
Immeuble Viala-Wilson :Dos General|44.852105|-0.594915|Mairies / administrations|0|7|5|oui
Immobiliari Borgia|44.833672|-0.580214|Mairies / administrations|21|6|5|oui
Institut Bordelais De Stylisme Modelisme|44.845561|-0.57609|Écoles / collèges / lycées|50|5|7|non
Institut De Beaute Spa In The City|44.84408|-0.575589|Mairies / administrations|5|5|5|non
Institut Medico Pedagogique Saint Joseph|44.834365|-0.575634|Maisons de retraite / handicapés|86|5|8|non
"Institut Mixte Esthetique ""Bulle 2 Beaute"""|44.841427|-0.622177|Mairies / administrations|0|9|5|oui
Institution Sevigne : Ecole Maternelle/Elementaire Et Creche|44.836918|-0.577196|Écoles / collèges / lycées|297|5|7|non
International Market Of Art - Heritage|44.852202|-0.571636|Centres commerciaux|0|4|2|non
Itep Stehelin: Bat Service|44.844737|-0.608021|Écoles / collèges / lycées|0|8|7|oui
Jdsports|44.836696|-0.573652|Centres commerciaux|164|5|2|non
Joaillerie Espina|44.842305|-0.57632|Centres commerciaux|8|5|2|non
Jour De Reve|44.841639|-0.581735|Centres commerciaux|0|6|2|non
Kone N'Clo Aristide|44.839374|-0.581887|Centres commerciaux|0|6|2|non
L'Atelier Des Dames|44.838619|-0.579103|Centres commerciaux|6|5|2|non
L'Atelier Du Serti|44.841923|-0.575883|Centres commerciaux|10|5|2|non
L'Auberge Musicale|44.836082|-0.570458|Salles de spectacle / conférences|0|4|4|non
L'Autre Salon|44.845427|-0.578257|Centres commerciaux|0|5|2|non
L'Heure Indienne|44.838342|-0.575074|Mairies / administrations|0|5|5|non
L'Ile Aux Oursons|44.854949|-0.58282|Écoles / collèges / lycées|8|5|7|non
La Boutik'|44.839961|-0.571969|Centres commerciaux|0|4|2|non
La Compagnie De Formation Pigier|44.82929|-0.555105|Écoles / collèges / lycées|130|1|7|non
Residence Autonomie Ozanam|44.861992|-0.562801|Mairies / administrations|8|1|5|non
Residence Etudiants|44.833019|-0.589451|Salles de spectacle / conférences|77|7|4|non
Residence La Sabliere : Cdi|44.829532|-0.576752|Bibliothèques / médiathèques|0|6|1|non
Restaurant Il Gusto - Ex La Pataterie|44.879032|-0.560236|Centres commerciaux|912|2|2|non
Restaurant La Couscousserie|44.842718|-0.579634|Centres commerciaux|128|5|2|non
Les Bassins À Flots - Commerce 1|44.85847|-0.607336|Centres commerciaux|119|8|2|non
Les Compagnons Du Devoir:Bat Sud|44.852282|-0.585369|Écoles / collèges / lycées|0|6|7|oui
Trocathlon 14 Au 21 Mars 2014|44.88067|-0.570246|Centres commerciaux|3754|2|2|non
Union Saint Bruno|44.838752|-0.591063|Salles de spectacle / conférences|593|7|4|non
Univ V.Segalen : Ecole De Psychomotricite An Broca|44.831609|-0.571144|Écoles / collèges / lycées|130|5|7|non
Univ V.Segalen:Bibliotheque Universite Bx 2|44.825173|-0.607774|Bibliothèques / médiathèques|931|8|1|non
Univ V.Segalen:Maison Des Etudiants|44.825173|-0.607774|Salles de spectacle / conférences|318|8|4|non
Vente De Vélos, Scooters, Motos|44.838733|-0.571383|Centres commerciaux|125|4|2|non
Villa Primrose : Pavillon D'Entrainements Sportifs|44.842517|-0.604489|Gymnases / sports couverts|0|8|6|oui
Villas Palladines 1-Espace Bureaux|44.831896|-0.583117|Mairies / administrations|9|6|5|oui
Vivons Salons 2013 07- 11 Novembre 2013|44.829192|-0.599982|Halls d'exposition|-30536|8|0|non
Volcom Retail|44.838589|-0.573901|Centres commerciaux|48|5|2|non
Vtc Formation|44.872465|-0.562802|Écoles / collèges / lycées|20|1|7|non
W.A.N|44.841068|-0.572369|Centres commerciaux|0|4|2|non
Wolnic Deco|44.843538|-0.57678|Centres commerciaux|0|5|2|non
Zac Coeur De Bastide - Ilot G - Institut Vatel|44.846512|-0.561652|Mairies / administrations|150|1|5|non
Zac Coeur De Bastide : Maison Polyvalente De Quartier|44.845487|-0.562919|Salles de spectacle / conférences|792|2|4|non
Zac Saint Jean Belcier - Ilot 9.12 - Commerce 5|44.829974|-0.581148|Centres commerciaux|30|6|2|non
Zara Home (  Ex Disney Store)|44.840972|-0.575772|Centres commerciaux|129|5|2|non
Zolpan Sud Ouest Pyrenees|44.837815|-0.58662|Centres commerciaux|199|6|2|non
Auto Ecole Ecbb|44.847209|-0.581009|Mairies / administrations|0|5|5|non
Auto Ecole Fondaudege|44.850339|-0.585834|Mairies / administrations|19|6|5|oui
Auto Ecole La Nouvelle|44.840428|-0.555225|Écoles / collèges / lycées|0|1|7|non
Auto Ecole Omega Stalingrad|44.85085|-0.607122|Mairies / administrations|19|8|5|oui
Auto Ecole Permigo|44.835091|-0.574079|Mairies / administrations|19|5|5|non
Basic-Fit Bordeaux Bastide|44.843597|-0.558302|Gymnases / sports couverts|138|1|6|non
Bijouterie Mauboussin|44.84087|-0.576974|Centres commerciaux|15|5|2|non
Bocage (Ex France Arno)|44.841059|-0.574308|Centres commerciaux|57|5|2|non
Bonnet|44.832234|-0.609692|Centres commerciaux|18|8|2|non
Bord'O Veto|44.859955|-0.55485|Mairies / administrations|0|3|5|non
Bordeaux Aquitaine Bridge Club|44.847889|-0.580928|Salles de spectacle / conférences|200|5|4|non
Bordeaux International School|44.853189|-0.583957|Écoles / collèges / lycées|30|6|7|oui
Bordeaux Ordinateur|44.837232|-0.577016|Centres commerciaux|0|5|2|non
Boucherie|44.840195|-0.580493|Centres commerciaux|6|6|2|non
Boucherie L'Ecuyer Tranchant|44.840167|-0.598896|Centres commerciaux|11|8|2|non
Boucherie Sanzot|44.840568|-0.572595|Centres commerciaux|5|4|2|non
Boulangerie Chocolaterie Le 48|44.832208|-0.547158|Centres commerciaux|113|3|2|non
Boulangerie De La Place|44.848162|-0.587427|Centres commerciaux|10|6|2|non
Boulangerie Le Ble En Herbe|44.841046|-0.589277|Centres commerciaux|0|7|2|non
Bourse C.F.D.T|44.841972|-0.582882|Salles de spectacle / conférences|100|6|4|non
Boutique  Fossil ( Voir Aussi Dossier Calzedonia 5-20-00721-000 )|44.83781|-0.573898|Centres commerciaux|44|5|2|non
Boutique Baillardran|44.840721|-0.579824|Centres commerciaux|12|6|2|non
Boutique Bizzbee|44.840424|-0.574204|Centres commerciaux|147|5|2|non
Boutique Faguo|44.839226|-0.574131|Centres commerciaux|24|5|2|non
Boutique Fraicheur 24|44.864343|-0.579577|Centres commerciaux|98|5|2|non
Boutique Maille|44.841787|-0.577727|Centres commerciaux|15|5|2|non
Boutique Minelli|44.841774|-0.574548|Centres commerciaux|25|5|2|non
Boutique Minelli|44.840874|-0.577811|Centres commerciaux|0|5|2|non
Boutique Orcanta|44.84105|-0.574799|Centres commerciaux|95|5|2|non
Boutique The Phone House Ex Fnac Telecom|44.840162|-0.574161|Centres commerciaux|16|5|2|non
Bureau|44.851526|-0.578216|Mairies / administrations|10|5|5|non
Bureau De Police|44.837989|-0.571595|Mairies / administrations|0|4|5|non
Bureau De Police|44.832029|-0.599163|Mairies / administrations|25|8|5|oui
Bureau Sci Maro|44.833593|-0.581047|Mairies / administrations|4|6|5|oui
C.C St Christoly : Bruno Flaujac Coiffure Mixte (Ex Les Filles A L'Ouest)|44.839286|-0.576552|Centres commerciaux|8|5|2|non
C.C. Meriadeck : Espace Services Photomaton Niveau 0|44.862132|-0.587876|Centres commerciaux|0|6|2|non
C.C.Auchan Lac : Jules|44.88067|-0.570246|Centres commerciaux|25|2|2|non
C.C.Auchan Lac : L'Occitane En Provence|44.88067|-0.570246|Centres commerciaux|9|2|2|non
C.C.Auchan Lac : Undiz|44.88067|-0.570246|Centres commerciaux|17|2|2|non
C.C.Auchan Lac: Boutique Lolly'S|44.88067|-0.570246|Centres commerciaux|10|2|2|non
C.C.Auchan Lac: Dos General|44.88067|-0.570246|Centres commerciaux|23619|2|2|non
C.C.Auchan Lac: Micromania|44.88067|-0.570246|Centres commerciaux|31|2|2|non
C.C.Auchan Lac: Morgan|44.88067|-0.570246|Centres commerciaux|13|2|2|non
C.C.Meriadeck: Bouygues Telecom|44.837959|-0.584904|Centres commerciaux|12|6|2|non
C.C.St Christoly : Ko-Moda (Ex Mim)|44.839286|-0.576552|Centres commerciaux|0|5|2|non
Cabinet D'Orthodontie|44.843638|-0.576122|Mairies / administrations|15|5|5|non
Cabinet De Kine|44.85315|-0.567438|Mairies / administrations|0|3|5|non
Cabinet De Kinesitherapie|44.824132|-0.579017|Hôpitaux / cliniques|10|6|9|non
Cabinet De Kinesitherapie/Podologie|44.846981|-0.584138|Mairies / administrations|0|6|5|oui
Cabinet De Podologie|44.833937|-0.574438|Mairies / administrations|0|5|5|non
Cabinet De Psychiatrie Dr. Brungs|44.846304|-0.549603|Mairies / administrations|0|3|5|non
Cabinet De Psychologie Espas-Iddees|44.84621|-0.578918|Mairies / administrations|0|5|5|non
Cabinet De Psychomotricite|44.845799|-0.59772|Mairies / administrations|0|7|5|oui
Cabinet De Radiologie Dos Santos, Grenier-Defforges, Boudon|44.843069|-0.607275|Mairies / administrations|10|8|5|oui
Cabinet Dentaire|44.837662|-0.57348|Mairies / administrations|4|5|5|non
Cabinet Dentaire Delord|44.843698|-0.573872|Mairies / administrations|4|4|5|non
Cabinet Dentaire Verdalle|44.839225|-0.577977|Mairies / administrations|12|5|5|non
Cabinet Dr Lacoste|44.849599|-0.584064|Mairies / administrations|0|6|5|oui
Cabinet Expertise Comptable Delage|44.833274|-0.587347|Mairies / administrations|0|7|5|oui
Cabinet Kiinesitherapie Debieuvre|44.846796|-0.580544|Mairies / administrations|0|5|5|non
Cabinet Kinesitherapie|44.852675|-0.606771|Mairies / administrations|0|8|5|oui
Cabinet Marguery|44.842011|-0.577013|Mairies / administrations|0|5|5|non
Cabinet Medecin Psy|44.848902|-0.59484|Mairies / administrations|0|7|5|oui
Cabinet Medical|44.853855|-0.610076|Mairies / administrations|8|8|5|oui
Cabinet Medical|44.853777|-0.571264|Mairies / administrations|0|4|5|non
Cabinet Medical|44.862313|-0.567145|Mairies / administrations|15|2|5|non
Cabinet Medical|44.850736|-0.574676|Mairies / administrations|0|4|5|non
Cabinet Medical|44.840403|-0.595871|Mairies / administrations|0|7|5|oui
Cabinet Medical|44.825682|-0.589565|Mairies / administrations|0|7|5|oui
Cabinet Medical|44.843713|-0.583333|Mairies / administrations|0|6|5|oui
Cabinet Medical|44.84586|-0.577262|Hôpitaux / cliniques|-20|5|9|non
Cabinet Medical|44.856652|-0.629985|Mairies / administrations|2|9|5|oui
Cabinet Medical|44.820869|-0.575798|Mairies / administrations|4|6|5|oui
Cabinet Medical|44.832111|-0.595924|Mairies / administrations|0|7|5|oui
Cabinet Medical (Psychiatre)|44.845369|-0.59184|Mairies / administrations|3|7|5|oui
Cabinet Medical De La Victoire|44.831501|-0.573121|Mairies / administrations|7|5|5|non
Cabinet Médical Delorme|44.844813|-0.61037|Mairies / administrations|6|8|5|oui
Cabinet Medical Dogliani|44.851354|-0.583338|Mairies / administrations|7|6|5|oui
Cabinet Medical Dr Picoulet|44.842166|-0.608142|Mairies / administrations|6|8|5|oui
Cabinet Medical Dr Vignonde|44.831923|-0.60073|Mairies / administrations|0|8|5|oui
Cabinet Medical Dr. Carrera|44.846418|-0.584561|Mairies / administrations|15|6|5|oui
Cabinet Medical Dr. Laghrani|44.843011|-0.579025|Mairies / administrations|0|5|5|non
Cabinet Medical Dr. Malgouyat|44.849558|-0.595294|Mairies / administrations|0|7|5|oui
Cabinet Medical Dr. Mathet|44.843715|-0.628607|Mairies / administrations|0|9|5|oui
Cabinet Medical Le Neel|44.837939|-0.575572|Mairies / administrations|0|5|5|non
Cabinet Medical Sebag|44.851077|-0.573918|Mairies / administrations|0|4|5|non
Cabinet Paramedical|44.830933|-0.596982|Mairies / administrations|0|8|5|oui
Cabinet Sampeur|44.820154|-0.598235|Mairies / administrations|0|8|5|oui
Cafe Theatre La Drole De Scene|44.853983|-0.577123|Salles de spectacle / conférences|49|5|4|non
Caisse D'Epargne Aquitaine Nord|44.822062|-0.582047|Mairies / administrations|19|6|5|oui
Caisse Locale Du Cmso|44.87346|-0.546447|Mairies / administrations|8|5|5|non
Caixabank|44.843271|-0.578548|Mairies / administrations|10|5|5|non
Calisto Gym|44.85287|-0.575311|Gymnases / sports couverts|15|4|6|non
Cap Associations|44.856355|-0.568436|Halls d'exposition|5619|3|0|non
Carrefour City|44.822416|-0.604674|Centres commerciaux|147|8|2|non
Carrefour City Ex Marche Plus ( Ex Moderne ).|44.845383|-0.594733|Centres commerciaux|168|7|2|non
Carrefour Market Bordeaux Cauderan : Presto Pizza|44.861159|-0.634271|Centres commerciaux|10|9|2|non
Caserne Carayon Latour : Magasin Et Bureaux|44.825093|-0.594287|Centres commerciaux|36|7|2|non
Cauderan Presse|44.844869|-0.610128|Centres commerciaux|34|8|2|non
Cc Les Passages Cmk: Meilleurs Taux Lot N°17|44.82043|-0.599487|Mairies / administrations|0|8|5|oui
Centre D'Animation Queyries|44.84706|-0.560587|Salles de spectacle / conférences|95|1|4|non
Centre De Formation De La Poste:Cidref|44.821132|-0.573088|Écoles / collèges / lycées|32|6|7|oui
Centre Europeen De Formation|44.845614|-0.578512|Écoles / collèges / lycées|18|5|7|non
Centre Médical|44.841856|-0.575509|Mairies / administrations|32|5|5|non
Chateau Descas -Bureaux Media Hand- Treprise|44.830633|-0.557702|Mairies / administrations|38|1|5|non
Club Senior Nuits|44.841588|-0.552557|Salles de spectacle / conférences|36|2|4|non
Coiffeur Barbier Tristan|44.84278|-0.580226|Centres commerciaux|4|6|2|non
Coiffure Patrick Luxey|44.837348|-0.571833|Centres commerciaux|10|4|2|non
Colisee|44.851154|-0.577866|Mairies / administrations|0|5|5|non
College Alienor D'Aquitaine Site Dom Devienne|44.829367|-0.5606|Écoles / collèges / lycées|800|2|7|non
College Grand Parc:Batiment C|44.856304|-0.583204|Mairies / administrations|100|5|5|non
College Grand Parc:Batiment F|44.856304|-0.583204|Écoles / collèges / lycées|286|5|7|non
Collège International De Bordeaux - Bordeaux Mba|44.845161|-0.583817|Écoles / collèges / lycées|18|6|7|oui
College Ste Clotilde : Dos General|44.848084|-0.595729|Écoles / collèges / lycées|750|7|7|oui
Commerce|44.823943|-0.591911|Centres commerciaux|0|7|2|non
Commerce|44.834883|-0.570932|Centres commerciaux|67|4|2|non
"Commerce ""Le Boudoir Du Regard"""|44.839815|-0.57245|Centres commerciaux|15|4|2|non
Commerce 1 Bassins A Flot Ilot P11|44.835091|-0.566165|Centres commerciaux|1008|3|2|non
Commerce 3 Bassins A Flot Ilot P11|44.835091|-0.566165|Centres commerciaux|277|3|2|non
Commerce 3 Ilot C13B Lucien Faure|44.835091|-0.566165|Centres commerciaux|111|3|2|non
Etude Notariale|44.84963|-0.602443|Mairies / administrations|12|8|5|oui
Eurocave|44.862132|-0.587876|Centres commerciaux|0|6|2|non
Evento 2012 Concert Conservatoire|44.862132|-0.587876|Salles de spectacle / conférences|0|6|4|non
Ex Cabaret Le Chat Bleu|44.857639|-0.562759|Salles de spectacle / conférences|0|1|4|non
Familles En Gironde|44.841923|-0.575883|Mairies / administrations|9|5|5|non
Faur'Mation|44.83212|-0.599313|Écoles / collèges / lycées|0|8|7|oui
Fauvel Formation|44.832171|-0.538453|Écoles / collèges / lycées|120|5|7|non
Federation Compagnonnique:Dos General|44.824255|-0.564566|Salles de spectacle / conférences|182|4|4|non
Feeling Tattoo|44.83698|-0.572454|Centres commerciaux|19|4|2|non
Fete Annuelle 14 Juin 2013|44.838752|-0.591063|Salles de spectacle / conférences|593|7|4|non
Fete De La Section Basket|44.828496|-0.612598|Gymnases / sports couverts|207|8|6|oui
First Uefa Euro 2016 Broadcast Partner Workshop|44.872645|-0.571176|Salles de spectacle / conférences|6141|3|4|non
Foire Aux Seconds Vins|44.84039|-0.569416|Halls d'exposition|0|4|0|non
Foire Aux Seconds Vins|44.856355|-0.568436|Halls d'exposition|5619|3|0|non
Foire Internationale De Bordeaux 2013|44.862132|-0.587876|Halls d'exposition|0|6|0|non
Forum Des Pros Dompro|44.856355|-0.568436|Halls d'exposition|5619|3|0|non
Forum Social - 24 Novembre 2012|44.856355|-0.568436|Halls d'exposition|5619|3|0|non
Foyer De Jeunes|44.815153|-0.554818|Salles de spectacle / conférences|80|3|4|non
Free Spirit Concept Store (Ex Boutique Scherer)|44.850631|-0.572009|Centres commerciaux|0|4|2|non
Futbol Futbol Bordeaux|44.831522|-0.545839|Gymnases / sports couverts|84|3|6|non
Galerie Tatry - Fitness Park|44.863147|-0.572986|Gymnases / sports couverts|150|4|6|non
Galerie Tatry - L'Eclat De Verre|44.847382|-0.575319|Centres commerciaux|17|5|2|non
Ginko :Magasin 2(Ilot B2.1)|44.860468|-0.609936|Centres commerciaux|0|8|2|non
Ginko Ilot C2.2 Commerce Lot 3.02|44.878852|-0.570495|Centres commerciaux|619|3|2|non
Ginko Ilot C2.2 Commerce Lot 3.05|44.878852|-0.570495|Centres commerciaux|301|3|2|non
Glacier Sci Smicali|44.840562|-0.57229|Centres commerciaux|5|4|2|non
Golf Bordelais,Domaine De Kater|44.860477|-0.609928|Gymnases / sports couverts|0|8|6|oui
Grands Crus De Bordeaux 2014 Le 20 Mars 2014|44.856355|-0.568436|Halls d'exposition|5619|3|0|non
Groupama|44.853599|-0.572577|Mairies / administrations|14|4|5|non
Groupe  Bernard : Batiment Factory|44.826483|-0.549486|Écoles / collèges / lycées|92|2|7|non
Groupe Medical De Bacalan|44.824642|-0.587948|Mairies / administrations|0|7|5|oui
Groupe Medical Thiers|44.846052|-0.550014|Mairies / administrations|25|3|5|non
Groupe Scolaire Achard|44.841015|-0.596031|Écoles / collèges / lycées|20|7|7|oui
Groupe Scolaire Aristide Sousa Mendes|44.863165|-0.569303|Écoles / collèges / lycées|325|3|7|non
Groupe Scolaire Hortense|44.849128|-0.561957|Écoles / collèges / lycées|470|1|7|non
Groupe Scolaire Jean Monnet Lac I|44.872697|-0.574826|Écoles / collèges / lycées|311|4|7|non
Groupe Scolaire Saint Genes: College (Batiment Historique - Aile Nord)|44.824956|-0.581336|Écoles / collèges / lycées|705|6|7|oui
Groupe Scolaire Thiers|44.850104|-0.543403|Écoles / collèges / lycées|229|5|7|non
Groupe Videlot|44.837286|-0.579058|Mairies / administrations|21|5|5|non
Groupement Des Intellectuels Aveugles Ou Amblyopes|44.822282|-0.56653|Mairies / administrations|0|4|5|non
Groupement Etablissement  Salle De Spectacle Et Restaurant|44.852746|-0.566354|Salles de spectacle / conférences|669|2|4|non
Histoire De Pains - Centre Commercial Europe Du Gd Parc|44.852889|-0.584773|Centres commerciaux|39|6|2|non
Hotel - Residence Tourisme - Snc Les Ecuries|44.841856|-0.575509|Hôtels / hébergements|144|5|3|non
Hotel 1Ere Classe|44.887428|-0.557618|Hôtels / hébergements|133|4|3|non
Hotel Bar Le Stalingrad|44.840222|-0.558941|Hôtels / hébergements|48|1|3|non
Hotel Bayonne|44.842269|-0.57594|Hôtels / hébergements|80|5|3|non
Hotel Brasserie La Maison Blanche|44.843866|-0.583514|Hôtels / hébergements|22|6|3|non
Hotel De La Boetie|44.839467|-0.580021|Hôtels / hébergements|43|6|3|non
Hotel De La Presse|44.84105|-0.574799|Hôtels / hébergements|49|5|3|non
Hotel De Saige Ex-Prefecture D'Aquitaine|44.842987|-0.572908|Mairies / administrations|0|4|5|non
Hotel Des Societes Savantes|44.848261|-0.580323|Salles de spectacle / conférences|180|5|4|non
Hotel Du Vieux Bordeaux|44.839669|-0.57169|Hôtels / hébergements|20|4|3|non
Hotel Foch|44.847314|-0.575407|Hôtels / hébergements|48|5|3|non
Hotel Grill Campanile Annexe|44.889074|-0.563505|Hôtels / hébergements|173|3|3|non
Hotel Hilton-Canopy|44.853889|-0.566531|Hôtels / hébergements|774|2|3|non
Hotel Ibis Bordeaux Centre Gare Saint Jean Euratlantique|44.826536|-0.55687|Hôtels / hébergements|134|2|3|non
Hotel Ibis Style Bordeaux Centre Bastide|44.843081|-0.559129|Hôtels / hébergements|194|1|3|non
Hotel Majestic|44.843407|-0.57316|Hôtels / hébergements|99|4|3|non
Hotel Moxy Groupe Marriott (Hotel 3 Etoiles Ilot Fourriere - Bacalan)|44.863598|-0.552298|Hôtels / hébergements|565|3|3|non
Hotel Restaurant Les Trois Cardinaux|44.887418|-0.558335|Hôtels / hébergements|304|3|3|non
Hotel Seeko'O|44.858929|-0.557034|Hôtels / hébergements|90|2|3|non
Hotel Stars|44.829398|-0.558866|Hôtels / hébergements|130|2|3|non
I.N.S.E.R.M. Bat Principal|44.838137|-0.622801|Écoles / collèges / lycées|40|9|7|oui
I.S.U.P. Bernom|44.852254|-0.59931|Écoles / collèges / lycées|180|7|7|oui
Iconcept Bordeaux|44.847459|-0.571343|Centres commerciaux|40|4|2|non
Ideth|44.844259|-0.576987|Écoles / collèges / lycées|5|5|7|non
Ilot Achard-Etrangers-Blanqui Locaux Artisanaux Batiment A|44.866325|-0.552387|Centres commerciaux|0|4|2|non
Ilot Lucien Faure C5 - Lf1 Commerce 1|44.835154|-0.567124|Centres commerciaux|88|4|2|non
Ilot Lucien Faure C5 - Lf2  Local D'Activite|44.835154|-0.567124|Centres commerciaux|48|4|2|non
Ilot P2 Usine Lesieur : Batiment C3 - Bureaux|44.86203|-0.554897|Centres commerciaux|60|3|2|non
Ilot Serpolet:Commerce 1|44.838698|-0.572493|Centres commerciaux|95|4|2|non
Ilot Serpolet:Commerce 2|44.838362|-0.572428|Centres commerciaux|42|4|2|non
Immeuble|44.841104|-0.573621|Centres commerciaux|0|5|2|non
Immeuble|44.833029|-0.59276|Mairies / administrations|80|7|5|oui
Immeuble|44.847253|-0.573507|Centres commerciaux|0|4|2|non
Immeuble Avec 2 Commerces|44.849478|-0.60154|Centres commerciaux|0|8|2|non
Immeuble Bureaux Et Logements|44.833834|-0.610818|Mairies / administrations|0|8|5|oui
Immeuble Burotel|44.888229|-0.560413|Mairies / administrations|30|3|5|non
Immeuble Capri|44.846866|-0.621323|Mairies / administrations|0|9|5|oui
Immeuble De Bureaux - Îlot G4|44.864943|-0.559972|Mairies / administrations|112|2|5|non
Immeuble De Bureaux Pierre 1Er|44.890668|-0.544351|Mairies / administrations|50|6|5|oui
Immeuble De L'Agep|44.830063|-0.580612|Mairies / administrations|15|6|5|oui
Immeuble De La Sca Camelia :Dos General|44.862298|-0.582823|Mairies / administrations|0|5|5|non
Immeuble La Preservatrice|44.856896|-0.570735|Mairies / administrations|0|3|5|non
Immeuble Ravezies 1 : Bureaux|44.860132|-0.574815|Mairies / administrations|15|4|5|non
Immeuble Richelieu Intendance:Dos General|44.841913|-0.577243|Centres commerciaux|0|5|2|non
Immeuble Societe Bull|44.858468|-0.565311|Mairies / administrations|20|2|5|non
Inauguration De L'Agence Credit Mutuel Albret|44.836652|-0.581094|Mairies / administrations|0|6|5|oui
Institut Bergonie : Batiment A - Pole Josy Reiffers (Pole Chirurgical/Radiologie Interventionnelle)|44.823582|-0.579795|Hôpitaux / cliniques|430|6|9|non
Institut Christina|44.851566|-0.61001|Mairies / administrations|0|8|5|oui
Institut Consulaire De Formation En Alternance Aux Metiers De La Restauration : Bat C|44.876343|-0.5751|Écoles / collèges / lycées|1107|4|7|non
Institut De Beaute Milena Lashes|44.835041|-0.564523|Mairies / administrations|4|3|5|non
Institut Fondaudege|44.847337|-0.58092|Mairies / administrations|3|5|5|non
Institut National De La Formation A La Securite|44.872055|-0.546819|Écoles / collèges / lycées|44|5|7|non
Institution Sevigne : Creche Des Petits Bouchons|44.836918|-0.577196|Écoles / collèges / lycées|270|5|7|non
Iseg (Institut Superieur Europeen De Gestion)|44.855093|-0.575767|Écoles / collèges / lycées|219|4|7|non
Journee Portes Ouvertes|44.858614|-0.56703|Mairies / administrations|12|2|5|non
Jumping International Du 7 Au 10/02/2013|44.830254|-0.592429|Gymnases / sports couverts|8000|7|6|oui
Kiki|44.840597|-0.573013|Centres commerciaux|0|4|2|non
L'Alchimiste Torrefacteur|44.841258|-0.579503|Centres commerciaux|0|5|2|non
L'Atelier Du Cheveu|44.862636|-0.560631|Centres commerciaux|18|1|2|non
L'Atelier Micro|44.838552|-0.578449|Centres commerciaux|0|5|2|non
L'Atelier Micro|44.838552|-0.578449|Mairies / administrations|0|5|5|non
La Case : Association Des Angolais De Bordeaux|44.833721|-0.571019|Salles de spectacle / conférences|48|4|4|non
Les Bassins A Flots Local Commercial 1 Ilot Lucien Faure|44.856921|-0.588765|Centres commerciaux|115|6|2|non
Les Compagnons Du Devoir:Dos General|44.852282|-0.585369|Écoles / collèges / lycées|125|6|7|oui
Les Jardins De Gambetta|44.839794|-0.585576|Mairies / administrations|0|6|5|oui
Magasin|44.84632|-0.588074|Centres commerciaux|1387|6|2|non
Magasin|44.84632|-0.588074|Centres commerciaux|169|6|2|non
Magasin|44.839502|-0.579289|Centres commerciaux|0|5|2|non
Magasin  Courir|44.839358|-0.574028|Centres commerciaux|39|5|2|non
"Magasin ""La Petite Epicerie"""|44.848029|-0.58189|Centres commerciaux|12|6|2|non
Magasin (Coque)|44.841738|-0.577384|Centres commerciaux|288|5|2|non
Marche Des Capucins-Halle A-Banc 31|44.830671|-0.567738|Centres commerciaux|0|4|2|non
Pharmacie|44.833434|-0.610584|Centres commerciaux|0|8|2|non
Pharmacie Des Landes|44.828368|-0.579563|Centres commerciaux|6|6|2|non
Pharmacie Du Cypressat|44.852436|-0.540392|Centres commerciaux|10|5|2|non
Pharmacie Monge Ex-Magasin Jennyfer|44.838492|-0.573885|Centres commerciaux|448|5|2|non
Pharmacie Niel|44.818229|-0.548987|Centres commerciaux|0|1|2|non
Pharmacie Persinet|44.827992|-0.584751|Centres commerciaux|5|6|2|non
Pharmacie St Augustin|44.832144|-0.610812|Centres commerciaux|8|8|2|non
Pimms Ex-Librairie Les Beaux Arts|44.827531|-0.55882|Mairies / administrations|49|2|5|non
Restaurant Indiana Cafe - Halle Debat Ponsan - Groupement D'Établissements 1|44.84039|-0.569416|Centres commerciaux|1450|4|2|non
Salon De Coiffure Et Boutique De Vetements|44.84096|-0.575919|Centres commerciaux|39|5|2|non
Salon De Coiffure F. Provost|44.862132|-0.587876|Centres commerciaux|0|6|2|non
Salon De Coiffure J.C.Biguine|44.839276|-0.574139|Centres commerciaux|25|5|2|non
Salon De Coiffure Le Salon Musset|44.849765|-0.603259|Centres commerciaux|6|8|2|non
Salon De Coiffure Marine Ruggiero|44.835178|-0.567191|Centres commerciaux|16|4|2|non
Salon De L'Alternance 9 Avril 2014|44.856355|-0.568436|Halls d'exposition|5619|3|0|non
Salon Defi Creation Entreprise|44.850031|-0.570868|Hôtels / hébergements|2500|4|3|non
Salon Des Antiquaires Du 26/01 Au 03/02/2013|44.830254|-0.592429|Halls d'exposition|0|7|0|non
Salon Des Formations Artistiques & Communication Et Salon Sante, Social, Sport Et Paramedical|44.872645|-0.571176|Salles de spectacle / conférences|6141|3|4|non
Salon Dulou|44.844055|-0.577836|Mairies / administrations|13|5|5|non
Tv7 Wifilm|44.84039|-0.569416|Mairies / administrations|0|4|5|non
U.F.C.V. Aquitaine|44.836682|-0.578273|Écoles / collèges / lycées|15|5|7|non
Unedic|44.839433|-0.607507|Mairies / administrations|0|8|5|oui
Univ.Bordeaux : Pole Juridique Et Judiciaire  Immeuble Pey Berland|44.837133|-0.578021|Écoles / collèges / lycées|833|5|7|non
Villa Primrose : Pavillon Musculation/Fitness|44.842517|-0.604489|Gymnases / sports couverts|90|8|6|oui
Vinexpo Academy|44.872645|-0.571176|Salles de spectacle / conférences|6141|3|4|non
10Èmes Rencontres Emploi Handicap|44.856355|-0.568436|Halls d'exposition|5619|3|0|non
17Ème Journée Echo-Dopler Cardio-Vascumaire|44.872645|-0.571176|Salles de spectacle / conférences|6141|3|4|non
6Eme Congres International De La Myologie|44.872645|-0.571176|Salles de spectacle / conférences|6141|3|4|non
Agence Blot Immobilier|44.832507|-0.611304|Mairies / administrations|0|8|5|oui
Agence Caisse D'Epargne Saint-Augustin|44.832179|-0.610635|Mairies / administrations|18|8|5|oui
Agence Club Med|44.844178|-0.578735|Centres commerciaux|10|5|2|non
Agence De La Poste Bordeaux Saint Remi|44.841171|-0.573411|Mairies / administrations|17|5|5|non
Agence De La Poste Bordeaux Wilson|44.851964|-0.58973|Mairies / administrations|5|6|5|oui
Agence De La Poste Louis Barthou|44.836599|-0.60111|Mairies / administrations|18|8|5|oui
Agence Du Credit Agricole|44.832493|-0.61125|Mairies / administrations|6|8|5|oui
Agence Du Credit Agricole Bx Victoire Ex Restaurant El Mondo|44.831453|-0.573613|Mairies / administrations|14|5|5|non
Agence Gironde Habitat|44.837395|-0.571036|Mairies / administrations|0|4|5|non
Agence Immobiliere|44.846819|-0.580194|Mairies / administrations|0|5|5|non
Aquitaine Beaute - Institut De Beaute|44.851813|-0.574751|Centres commerciaux|1|4|2|non
Arbre De Noel - Palais Des Congres|44.872645|-0.571176|Salles de spectacle / conférences|6141|3|4|non
Association Artis : Atelier|44.825257|-0.593269|Écoles / collèges / lycées|10|7|7|oui
Association Bordeaux Echecs|44.835587|-0.570329|Salles de spectacle / conférences|40|4|4|non
Association Des Bassins A Flot|44.866435|-0.574872|Mairies / administrations|19|4|5|non
Association Supimage|44.849663|-0.561249|Centres commerciaux|574|1|2|non
Atelier D'Architecture Perrein- Chauliac|44.846152|-0.558329|Mairies / administrations|8|1|5|non
Atelier D'Informatique|44.838422|-0.613437|Centres commerciaux|1|8|2|non
Athenee Municipal|44.839667|-0.577492|Salles de spectacle / conférences|1103|5|4|non
Auditorium / Parking Dulac|44.849357|-0.595931|Salles de spectacle / conférences|0|7|4|non
Aumonerie|44.831374|-0.578159|Salles de spectacle / conférences|150|6|4|non
Auto-Ecole Solidaire|44.839906|-0.558113|Écoles / collèges / lycées|0|1|7|non
Autoecolevirtuelle.Fr|44.849873|-0.543777|Écoles / collèges / lycées|17|5|7|non
Aux Merveilleux De Fred Aquitaine|44.843334|-0.570947|Centres commerciaux|51|4|2|non
B.N.P. Paribas : Ag Bordeaux Chapeau Rouge|44.842148|-0.573108|Mairies / administrations|60|4|5|non
B.N.P. Paribas : Ag Bordeaux-Tourny|44.842997|-0.575236|Mairies / administrations|164|5|5|non
Baillardran|44.841472|-0.58122|Centres commerciaux|29|6|2|non
Banque Casden|44.826073|-0.590156|Mairies / administrations|6|7|5|oui
Banque Hypothecaire Europeenne|44.843549|-0.576007|Mairies / administrations|6|5|5|non
Banque Lcl Locaux Temporaires|44.851001|-0.574079|Mairies / administrations|2|4|5|non
Banque Pelletier|44.844298|-0.578661|Mairies / administrations|7|5|5|non
Banque Populaire Du Sud Ouest|44.852239|-0.573422|Mairies / administrations|18|4|5|non
Bar Hotel La Route Du Rhum|44.828034|-0.557088|Hôtels / hébergements|0|2|3|non
Bassins A Flot - Lot P9C : Commerce 2|44.864943|-0.559972|Centres commerciaux|112|2|2|non
Bassins A Flot - Lot P9C : Commerce 7|44.864943|-0.559972|Centres commerciaux|56|2|2|non
Biarritz Shop|44.840883|-0.576828|Centres commerciaux|0|5|2|non
Big Mamma|44.838915|-0.573578|Centres commerciaux|280|5|2|non
Biocoop|44.832963|-0.573867|Centres commerciaux|0|5|2|non
Bordeaux Rock Au Credit Mutuel|44.836652|-0.581094|Mairies / administrations|0|6|5|oui
Boucherie Charcuterie Volaille Carriou|44.843896|-0.587387|Centres commerciaux|6|6|2|non
Boulangerie Le 48 Gare St Jean|44.828983|-0.564439|Centres commerciaux|13|3|2|non
Boulangerie Patisserie Perrin|44.846864|-0.580257|Centres commerciaux|19|5|2|non
Boutique (Mme Bibes)|44.852615|-0.614731|Centres commerciaux|9|8|2|non
Boutique Andre|44.840784|-0.578004|Centres commerciaux|19|5|2|non
Boutique Baillardran 3 Conils|44.838761|-0.57614|Centres commerciaux|3|5|2|non
Boutique Bijoux Cailloux|44.838903|-0.574663|Centres commerciaux|37|5|2|non
Boutique Boggi Milano|44.84171|-0.578738|Centres commerciaux|74|5|2|non
Boutique Jeff De Bruges Ex Point Gourmand|44.836014|-0.573482|Centres commerciaux|5|5|2|non
Boutique Mademoiselle Bio|44.839497|-0.571955|Centres commerciaux|39|4|2|non
Boutique Mango / Mango Man|44.840721|-0.574253|Centres commerciaux|447|5|2|non
Boutique Orange|44.838388|-0.573993|Centres commerciaux|150|5|2|non
Boutique Phildar|44.840446|-0.581483|Centres commerciaux|13|6|2|non
Boutique S.N.C.F Ste  Catherine|44.838817|-0.573938|Mairies / administrations|45|5|5|non
Boutique Shell|44.887418|-0.558335|Centres commerciaux|2|3|2|non
Boutique Teen Factory|44.838482|-0.575748|Centres commerciaux|12|5|2|non
Boutique Ulla Popken|44.836178|-0.573509|Centres commerciaux|49|5|2|non
Bureau Vallee|44.840149|-0.559061|Centres commerciaux|82|1|2|non
Bureaux|44.847421|-0.571742|Mairies / administrations|24|4|5|non
Bureaux Bd Jj Bosc|44.842993|-0.575807|Mairies / administrations|60|5|5|non
Bureaux De L Ordre Des Experts Comptables|44.847998|-0.573582|Mairies / administrations|188|4|5|non
Bureaux Humanis|44.865532|-0.574756|Mairies / administrations|30|4|5|non
C 3 Consultants Groupe Sud Ouest|44.877363|-0.559814|Écoles / collèges / lycées|50|2|7|non
C.C.Auchan Lac : Boutique Acuitis|44.88067|-0.570246|Centres commerciaux|15|2|2|non
C.C.Auchan Lac: Douglas|44.88067|-0.570246|Centres commerciaux|76|2|2|non
C.C.Auchan Lac: Portrex|44.88067|-0.570246|Centres commerciaux|0|2|2|non
C.C.Leclerc St Louis: Studio Espace White|44.862954|-0.567368|Centres commerciaux|5|2|2|non
C.C.Meriadeck : La Banque Postale|44.83787|-0.58924|Centres commerciaux|11720|7|2|non
C.C.Meriadeck: Alicia Thomas|44.862132|-0.587876|Centres commerciaux|17|6|2|non
C.C.Meriadeck: Boutique Ephemere Createurs Ex-Jennyfer|44.852604|-0.57636|Centres commerciaux|15|5|2|non
C.C.Meriadeck: Kiosque Montre Service|44.852604|-0.57636|Centres commerciaux|0|5|2|non
C.C.St Christoly: Boutique Trois Par Trois|44.839286|-0.576552|Centres commerciaux|0|5|2|non
C.F.P.A.: Dossier General|44.84602|-0.621423|Écoles / collèges / lycées|350|9|7|oui
C.G.F.T.E. Locaux Securite Sociale|44.834265|-0.598959|Mairies / administrations|20|8|5|oui
Cabinet Avocat Dupuy|44.832185|-0.581946|Mairies / administrations|0|6|5|oui
Cabinet Bedin|44.851191|-0.608329|Mairies / administrations|0|8|5|oui
Cabinet Cecile Authier|44.840617|-0.587974|Mairies / administrations|0|6|5|oui
Cabinet De Kinesitherapie Bazin Bessieres|44.835114|-0.569851|Mairies / administrations|0|4|5|non
Cabinet De Kinesitherapie Kinost|44.838575|-0.598191|Mairies / administrations|10|7|5|oui
Cabinet De Medecins Esthetique|44.843836|-0.57744|Mairies / administrations|12|5|5|non
Cabinet De Medecins Esthetique Charavel|44.843836|-0.57744|Mairies / administrations|16|5|5|non
Cabinet Dentaire|44.853456|-0.593057|Mairies / administrations|3|7|5|oui
Cabinet Dentaire|44.856458|-0.591338|Mairies / administrations|0|6|5|oui
Cabinet Dentaire|44.836778|-0.570599|Mairies / administrations|0|4|5|non
Cabinet Dentaire|44.834638|-0.587207|Hôpitaux / cliniques|0|6|9|non
Cabinet Dentaire Aumain|44.847248|-0.582503|Mairies / administrations|0|6|5|oui
Cabinet Dentaire Barre Lemee De Montgrand|44.822917|-0.564178|Mairies / administrations|9|4|5|non
Cabinet Dentaire Beylot|44.856995|-0.586312|Mairies / administrations|8|6|5|oui
Cabinet Dentaire Dr Duboy|44.841176|-0.581216|Mairies / administrations|0|6|5|oui
Cabinet Dentaire Dr Lavergne|44.86257|-0.560723|Hôpitaux / cliniques|6|1|9|non
Cabinet Dentaire Porte Dijeaux Gambetta|44.840791|-0.578813|Mairies / administrations|4|5|5|non
Cabinet Dentaire Salier|44.822024|-0.603824|Mairies / administrations|5|8|5|oui
Cabinet Dentaire Sarthou|44.846272|-0.585113|Mairies / administrations|0|6|5|oui
Cabinet Dentaire Scm Vital Carles|44.840023|-0.578159|Mairies / administrations|7|5|5|non
Cabinet Gynecologique|44.849184|-0.594218|Mairies / administrations|5|7|5|oui
Cc Les Passages Cmk : Vide (Ex Magasin Optic 2000) Lot N° 2|44.841134|-0.583628|Centres commerciaux|11|6|2|non
Centre Commercial Europe Du Gd Parc : Ilot G|44.880207|-0.550137|Centres commerciaux|0|4|2|non
Centre Commercial Europe Du Gd Parc : Ilot J - Boulangerie|44.859865|-0.579867|Centres commerciaux|39|5|2|non
Centre Commercial Grand Parc Ilot Counord Batiment 1 : Lot 1C - Tabac Presse La Rose Des Sables|44.862132|-0.587876|Centres commerciaux|0|6|2|non
Centre Culturel Israelite Bordelais|44.833288|-0.575066|Salles de spectacle / conférences|646|5|4|non
Centre D'Accueil Information Orientation|44.831204|-0.562732|Mairies / administrations|60|3|5|non
Centre D'Animation Argonne Nansouty St Genes|44.833851|-0.567772|Salles de spectacle / conférences|276|4|4|non
Centre D'Animation Monsejour|44.85419|-0.629665|Salles de spectacle / conférences|150|9|4|non
Centre De Creation Theatrale|44.832785|-0.584059|Salles de spectacle / conférences|45|6|4|non
Centre De Formation De La Chambre De Commerce Bat A|44.876343|-0.5751|Écoles / collèges / lycées|1000|4|7|non
Centre De Formation Du Personnels De Clinique|44.834334|-0.606707|Écoles / collèges / lycées|50|8|7|oui
Centre De Guidance Infantile|44.834352|-0.574583|Hôpitaux / cliniques|15|5|9|non
Centre De Guidance Infantile De L'Oreag|44.836322|-0.577533|Mairies / administrations|15|5|5|non
Centre De Loisirs Chateau Tauzin|44.820512|-0.601926|Salles de spectacle / conférences|200|8|4|non
Centre De Loisirs Sablonat|44.847818|-0.585565|Écoles / collèges / lycées|80|6|7|oui
Centre De Medecine Sociale Batiment C|44.848855|-0.599313|Mairies / administrations|20|7|5|oui
Centre De Readaptation - Foyer De Post Cure Pasteur|44.844703|-0.601294|Hôpitaux / cliniques|18|8|9|non
Centre De Remise En Forme|44.846059|-0.584244|Hôpitaux / cliniques|18|6|9|non
"Centre De Remise En Forme ""Keep Cool"""|44.84062|-0.572764|Gymnases / sports couverts|87|4|6|non
Centre De Selection Et D Orientation Des Arme|44.817875|-0.566233|Hôtels / hébergements|160|5|3|non
Centre International Des Affaires|44.846248|-0.560752|Halls d'exposition|4880|1|0|non
Centre Medical Examen Permis De Conduire|44.861827|-0.616612|Hôpitaux / cliniques|90|8|9|non
Centre Medico Psycho Pedagogique Apajh|44.855697|-0.584374|Hôpitaux / cliniques|10|6|9|non
Centre Medico-Dentaire Sainte Catherine (Ex So Good-N1-235)|44.836757|-0.573725|Mairies / administrations|31|5|5|non
Centre Simone Noailles|44.822218|-0.573282|Hôtels / hébergements|100|6|3|non
Ch.Ch.Perrens : Batiment 02 - Centre Technique Medical|44.823625|-0.600266|Hôpitaux / cliniques|64|8|9|non
Ch.Ch.Perrens : Batiment 07 - Morel|44.823625|-0.600266|Hôpitaux / cliniques|37|8|9|non
Ch.Ch.Perrens : Batiment 34 - Galeries Techniques I Et Ii|44.823625|-0.600266|Hôpitaux / cliniques|0|8|9|non
Chapiteau Foire Aux Vins Du 2 Septembre Au 3 Octobre 2013|44.843007|-0.605567|Centres commerciaux|272|8|2|non
Cinema Bassins A Flot : Commerce 12|44.864943|-0.559972|Centres commerciaux|98|2|2|non
Cinema Bassins A Flot : Commerce 15|44.864943|-0.559972|Centres commerciaux|188|2|2|non
Cinema Bassins A Flot : Commerce 5|44.864943|-0.559972|Centres commerciaux|190|2|2|non
Commerce 1 Teneo|44.839923|-0.584892|Centres commerciaux|83|6|2|non
Commerce 1A (Coque) - Zac Saint Jean Belcier - Lot 9.11 - Ilot A|44.856947|-0.566401|Centres commerciaux|25|2|2|non
Commerce 2|44.83773|-0.572547|Centres commerciaux|14|4|2|non
Commerce 2 Ilot C13B Lucien Faure|44.835091|-0.566165|Centres commerciaux|49|3|2|non
Denver Beauty - Sci Fonciere Loubet|44.828019|-0.575085|Centres commerciaux|12|5|2|non
Ecole Privee Montessori|44.848902|-0.59484|Écoles / collèges / lycées|96|7|7|oui
Ecole Saint Gabriel: Dossier General|44.846355|-0.589325|Écoles / collèges / lycées|475|6|7|oui
Ecole St Louis Ste Therese Ecole Maternelle|44.852209|-0.574367|Écoles / collèges / lycées|262|4|7|non
Ecotec Bordeaux|44.837525|-0.573516|Écoles / collèges / lycées|90|5|7|non
Elementaire Achard|44.871729|-0.547868|Écoles / collèges / lycées|135|5|7|non
Elementaire Deyries Sablieres|44.826068|-0.574092|Écoles / collèges / lycées|190|5|7|non
Elementaire Du Vieux Bordeaux - Bâtiment 1|44.841784|-0.57131|Écoles / collèges / lycées|150|4|7|non
Elementaire Franc Sanson|44.830687|-0.544232|Écoles / collèges / lycées|60|3|7|non
Elementaire Lac Ii|44.872329|-0.570182|Écoles / collèges / lycées|140|3|7|non
Elementaire Menuts|44.832852|-0.56735|Écoles / collèges / lycées|175|4|7|non
Ell'S|44.840682|-0.579211|Centres commerciaux|0|5|2|non
Ellipse Avocats|44.842334|-0.619327|Mairies / administrations|3|9|5|oui
English Insiders|44.853241|-0.57508|Mairies / administrations|0|4|5|non
Ens Sport Stehelin: Club House Du Tennis|44.856997|-0.624467|Salles de spectacle / conférences|30|9|4|non
Ens St Seurin: Ec Bat Monselet|44.843581|-0.589284|Écoles / collèges / lycées|175|6|7|oui
Ensemble Résidentiel Avec Commerces|44.858352|-0.624281|Centres commerciaux|0|9|2|non
Ensemble Résidentiel Avec Commerces|44.858352|-0.624281|Centres commerciaux|50|9|2|non
Epicerie Fine Laurent|44.842594|-0.622931|Centres commerciaux|10|9|2|non
Espace Bacchus|44.859089|-0.56932|Salles de spectacle / conférences|120|3|4|non
Esprit|44.841038|-0.575|Centres commerciaux|96|5|2|non
Formathemes Aquitaine|44.835613|-0.582413|Écoles / collèges / lycées|8|6|7|oui
Forum Du Patrimoine|44.872645|-0.571176|Salles de spectacle / conférences|6141|3|4|non
Fournil Saint Seurin|44.844149|-0.589261|Centres commerciaux|0|6|2|non
Foyer Agdal|44.856089|-0.588718|Hôtels / hébergements|22|6|3|non
Foyer Labarthe|44.821726|-0.604297|Salles de spectacle / conférences|30|8|4|non
Galerie Bordelaise : Boutique Ma Libre Service|44.841713|-0.573813|Centres commerciaux|7|5|2|non
Galerie Le Troisieme Oeil|44.840141|-0.579601|Halls d'exposition|0|6|0|non
Galerie Tatry|44.863147|-0.572986|Salles de spectacle / conférences|2824|4|4|non
Galerie Tatry - Boesner|44.863147|-0.572986|Centres commerciaux|148|4|2|non
Galerie Tatry - Cafe Theatre Des Chartrons|44.863147|-0.572986|Salles de spectacle / conférences|130|4|4|non
Galerie Tatry : Centre Logistique/Showroom Bluecub|44.863147|-0.572986|Halls d'exposition|11|4|0|non
Ginko - Ilot C2.2 - Lot 1.09 - Magasin C'Bastiane|44.846871|-0.575865|Centres commerciaux|16|5|2|non
Ginko : Magasins|44.848724|-0.575627|Centres commerciaux|0|5|2|non
Ginko Commerce N° 3  Ilot 2-5 Berge Du Lac|44.822208|-0.599848|Centres commerciaux|144|8|2|non
Ginko: Zac De La Berge Du Lac  Local Commercial L-D.1|44.838677|-0.576652|Centres commerciaux|48|5|2|non
"Grand Hotel Francais ""Best Western"""|44.841256|-0.577953|Hôtels / hébergements|94|5|3|non
Grand Lebrun : Batiment M|44.850371|-0.605994|Écoles / collèges / lycées|120|8|7|oui
Groupe Bernard : Batiment Damoy|44.826483|-0.549486|Mairies / administrations|169|2|5|non
Groupe Scolaire Alfred Daney|44.866746|-0.567676|Écoles / collèges / lycées|63|2|7|non
Groupe Scolaire Henri Iv|44.832259|-0.574861|Écoles / collèges / lycées|325|5|7|non
Groupe Scolaire Saint Genes:Bat Lycee|44.824956|-0.581336|Écoles / collèges / lycées|600|6|7|oui
Ilot Lucien Faure C5 - Lf4 Commerce 2|44.835154|-0.567124|Centres commerciaux|0|4|2|non
Ilot Mably|44.843463|-0.576905|Mairies / administrations|0|5|5|non
Immeuble Cogedim Paul Mateu : Commerce 3|44.84791|-0.547771|Centres commerciaux|121|4|2|non
Immeuble De Bureaux|44.852604|-0.57636|Mairies / administrations|0|5|5|non
Immeuble De Bureaux - Îlot G4|44.864943|-0.559972|Mairies / administrations|222|2|5|non
Immeuble De La D.R.I.R.|44.83885|-0.60142|Mairies / administrations|0|8|5|oui
Immeuble Le Concorde: Les Delices Du Fournil|44.857765|-0.559814|Centres commerciaux|44|1|2|non
Immeuble Wilson 1|44.851824|-0.595123|Mairies / administrations|0|7|5|oui
Immeubles De Bureaux|44.833019|-0.589451|Mairies / administrations|19|7|5|oui
Immobiliere Sud Atlantique : Showroom|44.834834|-0.566143|Halls d'exposition|30|3|0|non
Impacts Fight Night 3 Soiree De Boxe Premium Series Du 17 Mai 2013|44.843081|-0.54493|Gymnases / sports couverts|2571|4|6|non
Inseec Ecole De Commerce Europeenne|44.862132|-0.587876|Écoles / collèges / lycées|280|6|7|oui
Institut Bordelais  De La Vision|44.865178|-0.62178|Hôpitaux / cliniques|2|9|9|non
Institut Consulaire De Formation En Alternance Bat D Bordeaux Ecole Superieure De La Table|44.876343|-0.5751|Écoles / collèges / lycées|109|4|7|non
Institut De Beaute Univers Elles|44.831495|-0.602212|Mairies / administrations|10|8|5|oui
Institut Saint Nicolas|44.854514|-0.590235|Écoles / collèges / lycées|41|6|7|oui
Institut Technique De Banque: Dos General|44.842682|-0.582988|Écoles / collèges / lycées|60|6|7|oui
Institution Notre-Dame : Batiment E|44.842619|-0.582227|Écoles / collèges / lycées|0|6|7|oui
Institution Notre-Dame : Batiment F|44.842619|-0.582227|Écoles / collèges / lycées|110|6|7|oui
Insup|44.852846|-0.590274|Écoles / collèges / lycées|80|6|7|oui
Inter Hotel Apolonia|44.889074|-0.563505|Hôtels / hébergements|269|3|3|non
La Halle Ferroviaire - Ilot 9.19 - Zac Saint Jean Belcier|44.829974|-0.581148|Centres commerciaux|0|6|2|non
La Pouponniere Du Centre|44.829999|-0.593788|Écoles / collèges / lycées|14|7|7|oui
Laboratoire Anabio|44.854965|-0.577369|Mairies / administrations|0|5|5|non
Laboratoire D'Analyses Medicales Anabio|44.840319|-0.582204|Mairies / administrations|0|6|5|oui
Laverie Automatique|44.823372|-0.600311|Centres commerciaux|0|8|2|non
Laverie Gasc 33|44.842799|-0.581505|Mairies / administrations|5|6|5|oui
Lcl Bordeaux Victoire|44.852758|-0.568607|Mairies / administrations|12|3|5|non
Lcr Salle De Reunion|44.854661|-0.590215|Salles de spectacle / conférences|160|6|4|non
Le Boudoir De Mini Pinson|44.846605|-0.580457|Centres commerciaux|10|5|2|non
Le Coupe-Chou|44.836554|-0.570661|Centres commerciaux|5|4|2|non
Le Debit D'Hugo|44.836077|-0.567186|Centres commerciaux|9|4|2|non
Le Jardin Des Fleurs|44.853236|-0.573018|Centres commerciaux|0|4|2|non
Le Lieu Sans Nom|44.832847|-0.599553|Écoles / collèges / lycées|34|8|7|oui
Le Salon De Beatrice|44.843715|-0.628607|Centres commerciaux|0|9|2|non
Le Salon De Charlotte|44.851216|-0.573945|Centres commerciaux|0|4|2|non
Le Salon De Marie|44.845248|-0.577208|Centres commerciaux|0|5|2|non
Le Trireme : Dos General|44.86342|-0.580129|Hôtels / hébergements|48|5|3|non
Les Bassins À Flots - Local D'Activités 2|44.85847|-0.607336|Mairies / administrations|18|8|5|oui
Les Bassins A Flots Local Commercial 3 Ilot Lucien Faure|44.856921|-0.588765|Centres commerciaux|86|6|2|non
Les Bureaux Saint Jean|44.826566|-0.556587|Mairies / administrations|0|2|5|non
Les Capucins - Saint Michel Fetent Le Pays Basque|44.830671|-0.567738|Centres commerciaux|2901|4|2|non
Les Cent Ciels - Sas Oblis|44.862132|-0.587876|Gymnases / sports couverts|85|6|6|oui
Les Halles De Bacalan|44.857172|-0.560936|Centres commerciaux|1284|1|2|non
Les Jardins Des Quais : H 16 Dos Gen|44.8604|-0.555823|Centres commerciaux|6746|3|2|non
Les Jardins Des Quais : Hangar 19 (Dossier Général)|44.8604|-0.555823|Centres commerciaux|2369|3|2|non
Les Portes De Cauderan : Adapei - Savs|44.842724|-0.608604|Écoles / collèges / lycées|49|8|7|oui
Little Marcel|44.832245|-0.576623|Centres commerciaux|41|5|2|non
Local Commercial|44.839457|-0.570199|Centres commerciaux|0|4|2|non
Local Commercial|44.837295|-0.567245|Centres commerciaux|15|3|2|non
Local Commercial|44.838402|-0.578701|Mairies / administrations|0|5|5|non
Local Commercial|44.840743|-0.579362|Centres commerciaux|17|5|2|non
Local Commercial|44.840291|-0.569749|Centres commerciaux|0|4|2|non
Local Commercial|44.835602|-0.572929|Centres commerciaux|60|5|2|non
Local Commercial|44.84327|-0.581453|Mairies / administrations|4|6|5|oui
Local Commercial|44.856439|-0.571019|Centres commerciaux|32|3|2|non
"Local Commercial ""Atelier B"""|44.844539|-0.578512|Centres commerciaux|0|5|2|non
Local Commercial 1 Altae (Coque)|44.851748|-0.613472|Centres commerciaux|0|8|2|non
Local Commercial 2 Bassin A Flots Lot A|44.852746|-0.566354|Centres commerciaux|114|2|2|non
Local Commercial Autosur|44.829166|-0.594749|Centres commerciaux|10|7|2|non
Local Commercial Jj Bosc|44.81563|-0.551503|Centres commerciaux|40|2|2|non
Local Commercial Rue Peyronnet|44.829542|-0.559814|Centres commerciaux|46|2|2|non
Local Commercial Societe Y.C.M.A.|44.838994|-0.573387|Centres commerciaux|0|5|2|non
Local D'Activites|44.837006|-0.570698|Centres commerciaux|0|4|2|non
Local Professionnel De Me Rassinoux|44.847628|-0.575114|Mairies / administrations|0|5|5|non
Local Vide En Vente|44.837232|-0.577016|Centres commerciaux|0|5|2|non
Locaux Collectifs|44.874246|-0.575207|Salles de spectacle / conférences|197|4|4|non
Locaux Commerciaux|44.835091|-0.566165|Centres commerciaux|0|3|2|non
Locaux Commerciaux Sci Delmas|44.840903|-0.576585|Centres commerciaux|0|5|2|non
Locaux Judo Club Girondins|44.840626|-0.560221|Gymnases / sports couverts|15|1|6|non
Locaux Professionnels Ex Squash Des Quinconces|44.847421|-0.571742|Mairies / administrations|0|4|5|non
Loisirs Auto Public C.2B - Ensemble Immobilier Brienne Ilot 5.1.C - Zac Bordeaux Saint Jean Belcier|44.823623|-0.544283|Gymnases / sports couverts|11|2|6|non
Lou La Belle|44.838143|-0.575692|Centres commerciaux|5|5|2|non
Lycee M.Montaigne:Batiment Gallia|44.834845|-0.571889|Écoles / collèges / lycées|1051|4|7|non
Lycee N.Bremontier Annexe|44.824405|-0.571352|Écoles / collèges / lycées|150|5|7|non
Lycee Professionnel Tregey : Salle De Musculation|44.82506|-0.58529|Gymnases / sports couverts|30|7|6|oui
Lycee Technologique Arts Appliques Le Mirail|44.83141|-0.569701|Écoles / collèges / lycées|462|4|7|non
Macif Sud Ouest|44.84473|-0.575696|Mairies / administrations|15|5|5|non
Madame Fromage|44.839492|-0.559678|Centres commerciaux|10|1|2|non
Magasin|44.840196|-0.572627|Centres commerciaux|19|4|2|non
Magasin|44.838971|-0.579218|Centres commerciaux|0|5|2|non
Magasin|44.84632|-0.588074|Centres commerciaux|1129|6|2|non
Magasin|44.843715|-0.628607|Centres commerciaux|215|9|2|non
"Magasin ""Du Pareil Au Même"""|44.840853|-0.578081|Centres commerciaux|43|5|2|non
Magasin Auchan Supermarche Bordeaux Cauderan Ex-Simply|44.85857|-0.606484|Centres commerciaux|1173|8|2|non
Magasin Badie|44.844686|-0.57772|Centres commerciaux|23|5|2|non
Magasin Bricorama (Hangar 19)|44.862132|-0.587876|Centres commerciaux|1908|6|2|non
Magasin Camaieu  Femmes|44.840273|-0.574179|Centres commerciaux|250|5|2|non
Magasin Camaieu Enfants|44.840273|-0.574179|Centres commerciaux|126|5|2|non
Magasin Carrefour Market|44.843007|-0.605567|Centres commerciaux|98|8|2|non
Magasin Carrefour Market Saint Jean|44.82981|-0.556214|Centres commerciaux|1345|1|2|non
Magasin Carrefour Market Saint Jean : Pharmacie|44.82981|-0.556214|Centres commerciaux|12|1|2|non
Magasin Claire'S|44.838315|-0.573856|Centres commerciaux|14|5|2|non
Magasin D'Exposition|44.851885|-0.581725|Centres commerciaux|84|5|2|non
"Magasin D'Optique ""Bordopticien"""|44.84097|-0.559657|Centres commerciaux|37|1|2|non
"Magasin De Couture ""Popeline"""|44.847949|-0.581777|Centres commerciaux|38|6|2|non
Magasin De Materiel De Paintball|44.814669|-0.565146|Centres commerciaux|7|5|2|non
Magasin De Vente De Chocolat Yves Thuries|44.838648|-0.576548|Centres commerciaux|17|5|2|non
Magasin Decathlon City|44.837064|-0.573652|Centres commerciaux|621|5|2|non
Magasin Ere Edox|44.824386|-0.566208|Centres commerciaux|15|4|2|non
Magasin Heyraud|44.841728|-0.574419|Centres commerciaux|87|5|2|non
Magasin Inter Produits|44.830378|-0.580182|Centres commerciaux|47|6|2|non
Magasin Interama Et Poltronesofa|44.876126|-0.559654|Centres commerciaux|135|2|2|non
Magasin Intermarche|44.842772|-0.555361|Centres commerciaux|225|1|2|non
Magasin Jm Weston|44.841885|-0.578677|Centres commerciaux|0|5|2|non
Magasin L'Entrepot Maritime Ex Mothes|44.835091|-0.566165|Centres commerciaux|120|3|2|non
Magasin L'Or C'Est L'Or|44.843558|-0.579679|Centres commerciaux|11|5|2|non
Magasin La Civette|44.842165|-0.57496|Centres commerciaux|15|5|2|non
Magasin Lapeyre|44.879315|-0.559229|Centres commerciaux|54|2|2|non
Magasin Miele|44.887418|-0.558335|Centres commerciaux|40|3|2|non
Magasin Optical Center|44.877095|-0.561486|Centres commerciaux|96|1|2|non
Magasin Partedis|44.814857|-0.552953|Centres commerciaux|671|2|2|non
Magasin Point Cadres|44.841118|-0.574055|Centres commerciaux|15|5|2|non
Magasin Servi'Sun|44.875813|-0.555705|Centres commerciaux|19|3|2|non
Magasin Six Seven (Ex City Proteines)|44.833176|-0.573017|Centres commerciaux|0|5|2|non
Magasin Sports Aventure|44.834897|-0.576259|Centres commerciaux|0|5|2|non
Magasin Superdry|44.83717|-0.57367|Centres commerciaux|326|5|2|non
Magasin Swatch Store|44.840842|-0.577313|Centres commerciaux|17|5|2|non
Magasin Zen Ethic|44.836981|-0.573176|Centres commerciaux|0|5|2|non
Mairie Annexe De Cauderan|44.837406|-0.609953|Mairies / administrations|190|8|5|oui
Maison Cantonale|44.841482|-0.5519|Salles de spectacle / conférences|407|3|4|non
Maison Chaminade|44.834741|-0.574762|Hôtels / hébergements|10|5|3|non
"Maison D'Assistantes Maternelles ""A Petits Pas"""|44.838384|-0.600381|Écoles / collèges / lycées|8|8|7|oui
"Maison D'Assistantes Maternelles ""La Petite Paluche"""|44.852733|-0.576353|Écoles / collèges / lycées|12|5|7|non
Maison De Quartier Union St Jean:Dos General|44.824832|-0.563654|Salles de spectacle / conférences|438|4|4|non
Maison De Retraite Du  Sablonat : Bat Principal|44.814512|-0.571972|Hôpitaux / cliniques|30|6|9|non
Maison De Retraite Terre Negre : Pole Medical General|44.85097|-0.592184|Maisons de retraite / handicapés|6|7|8|non
Maison Koti|44.820775|-0.552908|Salles de spectacle / conférences|119|2|4|non
Maison Relais Saint Fort|44.843851|-0.589139|Salles de spectacle / conférences|0|6|4|non
Makadam Fitness|44.859508|-0.565322|Centres commerciaux|436|2|2|non
Mam|44.838967|-0.597141|Écoles / collèges / lycées|8|7|7|oui
Manpower|44.855468|-0.571072|Mairies / administrations|4|3|5|non
Marche De Lerme|44.847397|-0.585613|Salles de spectacle / conférences|250|6|4|non
Marche Des Capucins Hall A Banc 2 B|44.838714|-0.596208|Centres commerciaux|0|7|2|non
Marche Des Capucins-Halle A|44.830671|-0.567738|Centres commerciaux|2901|4|2|non
Marche Des Capucins-Halle A-Banc 1 Cd|44.830671|-0.567738|Centres commerciaux|0|4|2|non
Marche Des Capucins-Halle A-Banc 11 Cd|44.830671|-0.567738|Centres commerciaux|0|4|2|non
Marche Des Capucins-Halle A-Banc 12 Acd|44.830671|-0.567738|Centres commerciaux|0|4|2|non
Marche Des Capucins-Halle A-Banc 20 B|44.830671|-0.567738|Centres commerciaux|0|4|2|non
Marche Des Capucins-Halle A-Banc 30|44.830671|-0.567738|Centres commerciaux|0|4|2|non
Marche Victor Hugo Etal Poisonnerie|44.835607|-0.570493|Centres commerciaux|0|4|2|non
Marche Victor Hugo Etal Volailles N° 17|44.835607|-0.570493|Centres commerciaux|0|4|2|non
Marie Chiffon|44.85245|-0.619281|Centres commerciaux|0|9|2|non
Master Class Du Professeur Giovanni Zucchelli|44.850031|-0.570868|Hôtels / hébergements|2500|4|3|non
Maternelle Beck|44.823742|-0.550978|Écoles / collèges / lycées|125|1|7|non
Maternelle Lac Iii|44.875832|-0.575308|Écoles / collèges / lycées|128|4|7|non
Maternelle Naujac|44.847734|-0.585008|Écoles / collèges / lycées|115|6|7|oui
Mgen Bordeaux|44.829412|-0.595759|Mairies / administrations|10|7|5|oui
Micro Creche Centre Little|44.854966|-0.58004|Écoles / collèges / lycées|25|5|7|non
Mission Emploi Mairie De Bordeaux|44.837985|-0.572328|Mairies / administrations|12|4|5|non
Moneygram Transfert D'Argent|44.835265|-0.570334|Mairies / administrations|19|4|5|non
Mutuelle 403|44.84004|-0.579467|Mairies / administrations|6|5|5|non
Mutuelle Ociane|44.840905|-0.559186|Mairies / administrations|9|1|5|non
N'Guyen|44.860477|-0.609928|Centres commerciaux|0|8|2|non
Nikita Bis|44.844755|-0.578638|Centres commerciaux|0|5|2|non
Nouvelle Clinique Bel Air|44.846495|-0.628776|Hôpitaux / cliniques|540|9|9|non
Nuit Des Fignos|44.856355|-0.568436|Halls d'exposition|5619|3|0|non
Nuit Des Fignos 24 Janvier 2015|44.856355|-0.568436|Halls d'exposition|3500|3|0|non
O A R E I L|44.843525|-0.571179|Mairies / administrations|133|4|5|non
Central Hostel|44.838493|-0.574273|Hôtels / hébergements|191|5|3|non
Patisserie Antoine|44.852849|-0.573257|Centres commerciaux|55|4|2|non
Sarl Phenix 314 (Local Commercial)|44.835066|-0.566689|Centres commerciaux|0|3|2|non
30 Ans De La Maison De Quartier Des Jsa|44.831769|-0.610832|Gymnases / sports couverts|1000|8|6|oui
30Eme Congres Jules Gonin|44.872645|-0.571176|Salles de spectacle / conférences|6141|3|4|non
45E Congres De La Federation Des Promoteurs Immobiliers|44.872645|-0.571176|Salles de spectacle / conférences|6141|3|4|non
Agence De La  Poste Fondaudege Agence Provisoire.|44.850926|-0.586395|Mairies / administrations|8|6|5|oui
Agence De La Francophonie|44.847953|-0.571068|Bibliothèques / médiathèques|80|4|1|non
Agence De La Poste|44.840913|-0.59019|Mairies / administrations|0|7|5|oui
Agence De La Poste Bordeaux St Jean|44.853685|-0.571033|Mairies / administrations|18|3|5|non
Agence De La Poste Gambetta|44.841731|-0.580547|Mairies / administrations|19|6|5|oui
Agence De Voyages Thomascook|44.844259|-0.576987|Mairies / administrations|8|5|5|non
Agence Des Docks|44.839893|-0.56935|Mairies / administrations|0|4|5|non
Agence Immobiliere|44.84391|-0.572214|Mairies / administrations|4|4|5|non
Agence Immobiliere - Stephane Plaza Immobilier|44.842223|-0.571821|Mairies / administrations|8|4|5|non
Agence Landes Mutualité|44.842462|-0.555866|Mairies / administrations|15|1|5|non
Agence Locale De L'Anpe Furtado|44.825182|-0.561955|Centres commerciaux|71|3|2|non
Agence Matmut Gallieni|44.824997|-0.590119|Mairies / administrations|19|7|5|oui
Agence Notariale Gillain|44.843077|-0.571095|Mairies / administrations|19|4|5|non
Agence Orpi|44.847456|-0.581087|Mairies / administrations|0|5|5|non
Agence Pichet Immobilier|44.823259|-0.608709|Mairies / administrations|0|8|5|oui
Agences Bnp Et Gmf|44.83705|-0.581224|Mairies / administrations|0|6|5|oui
Agora Conduite|44.841546|-0.6205|Salles de spectacle / conférences|15|9|4|non
Alienor Conduite Ex Auto Ecole Bieri|44.834919|-0.570691|Salles de spectacle / conférences|17|4|4|non
Amenagements Pour Manifestations Temporaires|44.843521|-0.583398|Salles de spectacle / conférences|30|6|4|non
Antenne De Dialyse Aurad Aquitaine|44.838719|-0.589434|Hôpitaux / cliniques|10|7|9|non
Apajh Gironde|44.849585|-0.596781|Mairies / administrations|0|7|5|oui
Appart Hotel Citadines Centre Meriadeck, Bureaux Sofap|44.836622|-0.584329|Mairies / administrations|0|6|5|oui
Assises De L Energie Du 27 Au 29 Janvier 2015|44.872645|-0.571176|Salles de spectacle / conférences|6141|3|4|non
Association Mana|44.829882|-0.573324|Mairies / administrations|0|5|5|non
Association Pour La Readaptation Et L'Integration|44.853473|-0.541717|Mairies / administrations|14|5|5|non
Attijariwafa Bank Europe|44.835739|-0.568311|Mairies / administrations|13|4|5|non
Auto Ecole Goncourt|44.8376|-0.574322|Mairies / administrations|19|5|5|non
Auto-Ecole City Zen|44.842423|-0.622533|Mairies / administrations|0|9|5|oui
Bio C'Bon|44.851955|-0.571149|Centres commerciaux|100|4|2|non
Bio C'Bon Ex : Franprix|44.835862|-0.580949|Centres commerciaux|190|6|2|non
Bordeaux Ynov Campus Annexe|44.856355|-0.568436|Mairies / administrations|19|3|5|non
Boulangerie Ben Smaini|44.843603|-0.571865|Centres commerciaux|0|4|2|non
Boulangerie Patisserie Sarl Dime|44.862132|-0.587876|Centres commerciaux|10|6|2|non
Boulodrome|44.812717|-0.559791|Gymnases / sports couverts|0|4|6|non
Boutique Aigle|44.842083|-0.576071|Centres commerciaux|45|5|2|non
Boutique Cos|44.840992|-0.576601|Centres commerciaux|265|5|2|non
Boutique Geox|44.839242|-0.574009|Centres commerciaux|46|5|2|non
Boutique Linvosges|44.839547|-0.578202|Centres commerciaux|42|5|2|non
Boutique Ludivine Passion|44.840723|-0.57873|Centres commerciaux|0|5|2|non
Boutique Maisons Du Monde|44.836239|-0.573518|Centres commerciaux|4|5|2|non
Boutique Marionnaud|44.841961|-0.575376|Centres commerciaux|60|5|2|non
Boutique Mornier|44.842458|-0.578483|Centres commerciaux|5|5|2|non
Boutique Paule Ka|44.856482|-0.564888|Centres commerciaux|43|2|2|non
Boutique Rezane|44.822504|-0.559671|Centres commerciaux|0|3|2|non
Boutique Tbs|44.837443|-0.573839|Centres commerciaux|84|5|2|non
Boutiques|44.844564|-0.610046|Centres commerciaux|42|8|2|non
Bouygues Immobilier|44.852807|-0.580379|Mairies / administrations|28|5|5|non
Boxing Club Bordelais|44.814086|-0.55687|Gymnases / sports couverts|19|3|6|non
Bureau De Vote Malleret|44.848645|-0.585987|Gymnases / sports couverts|199|6|6|oui
Bureaux|44.846226|-0.576093|Mairies / administrations|0|5|5|non
Bureaux|44.852791|-0.573293|Mairies / administrations|0|4|5|non
Bureaux Cidff|44.847192|-0.585808|Mairies / administrations|6|6|5|oui
Bureaux Et Logements Jardin Public|44.853632|-0.574836|Mairies / administrations|88|4|5|non
Bureaux In Cite|44.835162|-0.571061|Mairies / administrations|11|4|5|non
Bureaux Residence Novaparc Site Du Petit Trianon|44.843016|-0.590765|Mairies / administrations|15|7|5|oui
C.A.D.|44.836581|-0.566395|Centres commerciaux|14|3|2|non
C.C. Leclerc Saint Louis - Toilettage Canin|44.862954|-0.567368|Centres commerciaux|12|2|2|non
C.C.Auchan Lac : Bnp Paribas Dab|44.88067|-0.570246|Mairies / administrations|0|2|5|non
C.C.Auchan Lac : Boutique Nocibe|44.88067|-0.570246|Centres commerciaux|86|2|2|non
C.C.Auchan Lac : Kaporal|44.88067|-0.570246|Centres commerciaux|17|2|2|non
C.C.Auchan Lac: Bijouterie Boyer|44.88067|-0.570246|Centres commerciaux|21|2|2|non
C.C.Auchan Lac: Caneles Baillardran|44.88067|-0.570246|Centres commerciaux|3|2|2|non
C.C.Auchan Lac: Leonidas|44.88067|-0.570246|Centres commerciaux|5|2|2|non
C.C.Auchan Lac: Lino|44.88067|-0.570246|Centres commerciaux|15|2|2|non
C.C.Leclerc St Louis: Mag Presse|44.862954|-0.567368|Centres commerciaux|10|2|2|non
C.C.Les Bastides: Kinesitherapeute|44.843955|-0.542428|Mairies / administrations|8|5|5|non
C.C.Les Bastides: Pause Coiffure|44.843955|-0.542428|Centres commerciaux|27|5|2|non
C.C.Les Bastides: Supermarche Auchan  La Benauge-Pharmacie-Kine|44.843955|-0.542428|Centres commerciaux|498|5|2|non
C.C.Les Bastides: Toute La Presse|44.843955|-0.542428|Centres commerciaux|47|5|2|non
C.C.Meriadeck:  Ad'Hauc Ex Resonances|44.852604|-0.57636|Centres commerciaux|241|5|2|non
C.C.Meriadeck: Auchan ( M72-94 A Et D)|44.846902|-0.595528|Centres commerciaux|5048|7|2|non
C.C.Meriadeck: Boutique New Yorker|44.839965|-0.583197|Centres commerciaux|0|6|2|non
C.C.Meriadeck: Kiosque Accueil|44.852604|-0.57636|Centres commerciaux|0|5|2|non
C.C.Meriadeck: Kiosque Yogurt Factory|44.837959|-0.584904|Centres commerciaux|41|6|2|non
C.C.Meriadeck: Parfumerie Ambre-Marionnaud|44.852604|-0.57636|Centres commerciaux|16|5|2|non
C.C.Meriadeck: Promovacances (Ex-Louis Pion)|44.852604|-0.57636|Centres commerciaux|5|5|2|non
C.C.St Christoly:|44.839286|-0.576552|Centres commerciaux|17|5|2|non
C.C.St Christoly: Dos General|44.839286|-0.576552|Centres commerciaux|2559|5|2|non
C.C.St Christoly: Fabio Salsa|44.839286|-0.576552|Centres commerciaux|0|5|2|non
C.C.St Christoly: Monoprix|44.839286|-0.576552|Centres commerciaux|1069|5|2|non
C.C.St Christoly: Naturalia|44.839286|-0.576552|Centres commerciaux|0|5|2|non
C.E.S.D.A. Richard Chapon : Batiment B|44.843006|-0.598178|Maisons de retraite / handicapés|241|7|8|non
C.F.P.A.: Batiment E|44.84602|-0.621423|Écoles / collèges / lycées|181|9|7|oui
C.F.P.A.: Batiments P1 Et P2|44.845964|-0.623913|Écoles / collèges / lycées|56|9|7|oui
C.F.P.A.: Batiments T - U - S1|44.845964|-0.623913|Écoles / collèges / lycées|14|9|7|oui
C.R.O.U.S.|44.851257|-0.577109|Mairies / administrations|84|5|5|non
Cabinet D'Architecte|44.853816|-0.574722|Mairies / administrations|4|4|5|non
Cabinet D'Audiologie|44.845339|-0.577114|Mairies / administrations|8|5|5|non
Cabinet D'Avocats Pastor-Brunet|44.840121|-0.580854|Mairies / administrations|0|6|5|oui
Cabinet D'Infirmier|44.87659|-0.550805|Mairies / administrations|1|4|5|non
Cabinet D'Orthodontie|44.840514|-0.585867|Centres commerciaux|13|6|2|non
Cabinet D'Orthophonie Dr. Thiriet|44.841077|-0.55468|Mairies / administrations|0|2|5|non
Cabinet D'Orthophoniste Et De Psychologue|44.852222|-0.576027|Mairies / administrations|0|4|5|non
Cabinet De Juristes|44.847187|-0.579333|Mairies / administrations|0|5|5|non
Cabinet De Kine|44.822755|-0.580522|Mairies / administrations|0|6|5|oui
Cabinet De Kinesitherapeutre|44.853685|-0.571033|Mairies / administrations|0|3|5|non
Cabinet De Kinesitherapie|44.827033|-0.561577|Mairies / administrations|5|3|5|non
Cabinet De Kinesitherapie|44.858496|-0.624219|Mairies / administrations|16|9|5|oui
Cabinet De Kinesitherapie|44.853346|-0.575849|Mairies / administrations|0|4|5|non
Cabinet De Kinésithérapie|44.854028|-0.586328|Mairies / administrations|8|6|5|oui
Cabinet De Lerme|44.847598|-0.586208|Mairies / administrations|0|6|5|oui
Cabinet De Pedicurie Et Podologie|44.850014|-0.586495|Mairies / administrations|5|6|5|oui
Cabinet De Psychologue Clinicienne|44.840903|-0.576585|Mairies / administrations|0|5|5|non
Cabinet De Reeducation Paris - Berton - Thepenier|44.849802|-0.575253|Mairies / administrations|4|5|5|non
Cabinet Dentaire|44.837839|-0.592607|Hôpitaux / cliniques|0|7|9|non
Cabinet Dentaire|44.843894|-0.58155|Mairies / administrations|0|6|5|oui
Cabinet Dentaire|44.813631|-0.565173|Mairies / administrations|8|5|5|non
Cabinet Dentaire|44.856458|-0.591338|Mairies / administrations|0|6|5|oui
Cabinet Dentaire|44.823564|-0.582098|Mairies / administrations|8|6|5|oui
Cabinet Dentaire|44.832162|-0.578233|Mairies / administrations|0|6|5|oui
Cabinet Dentaire Dr Nacher|44.832022|-0.599383|Mairies / administrations|0|8|5|oui
Cabinet Dentaire Ornano|44.83222|-0.595949|Mairies / administrations|10|7|5|oui
Cabinet Goutal Et Associes|44.835607|-0.575459|Mairies / administrations|3|5|5|non
Cabinet Gynecologie Dr. Ussel|44.84539|-0.576188|Mairies / administrations|0|5|5|non
Cabinet Gynecologique|44.849184|-0.594218|Mairies / administrations|0|7|5|oui
Cabinet Gynecologique|44.853685|-0.571033|Mairies / administrations|5|3|5|non
Cabinet Medical|44.84967|-0.574904|Mairies / administrations|0|4|5|non
Cabinet Medical|44.829357|-0.575633|Hôpitaux / cliniques|0|5|9|non
Cabinet Medical|44.858289|-0.626155|Hôpitaux / cliniques|34|9|9|non
Cabinet Medical|44.860383|-0.56911|Mairies / administrations|3|3|5|non
Cabinet Medical|44.842993|-0.575807|Mairies / administrations|8|5|5|non
Cabinet Medical|44.815953|-0.575196|Hôpitaux / cliniques|10|6|9|non
Cabinet Medical|44.838904|-0.613614|Mairies / administrations|0|8|5|oui
Cabinet Medical|44.83256|-0.567346|Mairies / administrations|0|4|5|non
Cabinet Medical|44.857268|-0.577565|Mairies / administrations|0|5|5|non
Cabinet Medical|44.831755|-0.603122|Mairies / administrations|6|8|5|oui
Cabinet Medical Busnel|44.851199|-0.578026|Hôpitaux / cliniques|8|5|9|non
Cabinet Medical Dr. Fabre|44.83939|-0.569259|Mairies / administrations|5|4|5|non
Cabinet Medical Revol|44.827479|-0.589914|Mairies / administrations|7|7|5|oui
Chambre De Metiers Et De L'Artisanat De La Gironde|44.833082|-0.597784|Mairies / administrations|163|8|5|oui
Championnat Du Monde De Billard 3 Bandes|44.872645|-0.571176|Salles de spectacle / conférences|6141|3|4|non
"Hotel ""Auberge Hostel 20"""|44.853991|-0.568595|Hôtels / hébergements|31|3|3|non
Hotel Des Quinconces|44.847538|-0.575097|Hôtels / hébergements|24|5|3|non
Hotel Issys|44.82945|-0.564543|Hôtels / hébergements|30|3|3|non
Hotel Novotel Le Lac|44.872645|-0.571176|Hôtels / hébergements|346|3|3|non
Hotel Restaurant L'Orchidee Blanc|44.840462|-0.583367|Hôtels / hébergements|36|6|3|non
Hotel Restaurant Le Provencal|44.889074|-0.563505|Hôtels / hébergements|305|3|3|non
Hotel-Restaurant  Le Porto|44.867489|-0.537859|Hôtels / hébergements|77|6|3|non
I.T.E.P Les Clarines : Bâtiments 90, 92 Et 94|44.818925|-0.578976|Écoles / collèges / lycées|63|6|7|oui
Ilot Achard-Etrangers-Blanqui Rotonde Batiment B1|44.866325|-0.552387|Salles de spectacle / conférences|592|4|4|non
Ilot Achard-Etrangers-Blanqui Rpa Batiment C1|44.866325|-0.552387|Salles de spectacle / conférences|382|4|4|non
Ilot Cursol : Ecole Nationale De Procedure|44.834418|-0.577956|Centres commerciaux|0|5|2|non
Ilot Lucien Faure C5 - Lf1 Commerce 6|44.835154|-0.567124|Mairies / administrations|88|4|5|non
Immeuble|44.828535|-0.570552|Salles de spectacle / conférences|19|5|4|non
Immeuble 61 Quai De Paludate : Local Commercial 1|44.852688|-0.568053|Centres commerciaux|160|3|2|non
Immeuble Aquitaine|44.836584|-0.586938|Mairies / administrations|5|6|5|oui
Immeuble Arc En Ciel|44.832083|-0.611477|Mairies / administrations|57|8|5|oui
Immeuble Cogedim Paul Mateu : Commerce 2|44.84791|-0.547771|Centres commerciaux|76|4|2|non
Immeuble Croix Du Palais|44.836584|-0.586938|Mairies / administrations|115|6|5|oui
Immeuble De Bureaux|44.846949|-0.592897|Mairies / administrations|0|7|5|oui
Immeuble De Bureaux De La Cub Laure Gatet|44.835972|-0.581668|Mairies / administrations|124|6|5|oui
Immeuble De Bureaux Delmas|44.848347|-0.574241|Mairies / administrations|34|4|5|non
Immeuble De Bureaux Erp/Logements|44.844259|-0.576987|Mairies / administrations|0|5|5|non
Immeuble De Bureaux Le Semaphore Ilot C13B Lucien Faure|44.835091|-0.566165|Mairies / administrations|198|3|5|non
Immeuble De Formation : Amtv - Mps - Imc|44.827232|-0.551028|Écoles / collèges / lycées|75|1|7|non
Immeuble De Formation : Batiment Annexe|44.827232|-0.551028|Écoles / collèges / lycées|84|1|7|non
Immeuble De La Compagnie Du Jardin Des Plantes|44.82981|-0.556214|Écoles / collèges / lycées|390|1|7|non
Immeuble De La Sci Borie|44.853673|-0.567803|Salles de spectacle / conférences|452|3|4|non
Immeuble Le Concorde|44.857923|-0.559733|Mairies / administrations|99|1|5|non
Immeuble Le Phenix : M.D.P.H.|44.852935|-0.594842|Mairies / administrations|62|7|5|oui
Immeuble Les Miroirs Du Lac|44.888229|-0.560413|Mairies / administrations|238|3|5|non
Immeuble Porte De Bordeaux Batiment A|44.832927|-0.598219|Mairies / administrations|68|8|5|oui
Immeuble Tour 2000|44.838067|-0.588191|Mairies / administrations|0|6|5|oui
Inauguration Des Archives Municipales|44.845478|-0.556507|Bibliothèques / médiathèques|204|1|1|non
Inseec (Nord)|44.869044|-0.548023|Écoles / collèges / lycées|620|4|7|non
Inst De L'Assomption  Batiment C   B.T.S Et Primaire|44.849597|-0.592062|Écoles / collèges / lycées|850|7|7|oui
Inst Des Metiers: Bat I|44.814167|-0.569961|Écoles / collèges / lycées|47|6|7|oui
Installation Sportive - Ilot Dunant (Df1.1)|44.862132|-0.587876|Gymnases / sports couverts|139|6|6|oui
Institut Cervantes|44.841885|-0.578677|Écoles / collèges / lycées|99|5|7|non
Institut Des Eleves Europeens|44.852|-0.591472|Écoles / collèges / lycées|71|7|7|oui
Institut Du Docteur Pierre Ricaud|44.840657|-0.5795|Centres commerciaux|26|5|2|non
Iufm Bat 1 Espace Kergomard|44.842519|-0.609594|Écoles / collèges / lycées|250|8|7|oui
Iufm Bat 2 Espace Aime Cesaire|44.842519|-0.609594|Écoles / collèges / lycées|350|8|7|oui
Jardin D'Ulysse|44.844022|-0.578832|Centres commerciaux|157|5|2|non
Jeff De Bruges|44.838806|-0.5756|Centres commerciaux|8|5|2|non
Jo Benita|44.841264|-0.572293|Centres commerciaux|0|4|2|non
Journées Des Infirmiers|44.855285|-0.588633|Salles de spectacle / conférences|976|6|4|non
Journees Sfspm|44.872645|-0.571176|Salles de spectacle / conférences|6141|3|4|non
Jumping International De Bordeaux 2018|44.843016|-0.590765|Gymnases / sports couverts|0|7|6|oui
Juris Formatio|44.845503|-0.577015|Écoles / collèges / lycées|15|5|7|non
Juris-Formatio|44.847972|-0.572769|Écoles / collèges / lycées|50|4|7|non
L' Envol D'Aquitaine|44.830626|-0.566205|Gymnases / sports couverts|100|4|6|non
L'Armoire À Livres|44.834477|-0.566862|Centres commerciaux|39|4|2|non
L'Encadr'Heure|44.840515|-0.580574|Centres commerciaux|70|6|2|non
L'Onglerie M Doublecourt|44.853537|-0.572615|Centres commerciaux|19|4|2|non
L.M.D.E|44.842561|-0.571645|Mairies / administrations|46|4|5|non
L.T.P.Ste Famille Saintonge Atel Electrotechnique|44.832133|-0.580664|Écoles / collèges / lycées|270|6|7|oui
La Boutique Olfactive|44.839842|-0.579828|Centres commerciaux|6|6|2|non
La Cave A Nico|44.84408|-0.575589|Centres commerciaux|0|5|2|non
La Chocolaterie De Bordeaux|44.843622|-0.576872|Centres commerciaux|0|5|2|non
Les Vivres De L'Art Pavillon 1 (Galerie)|44.869044|-0.548023|Salles de spectacle / conférences|374|4|4|non
Les Vivres De L'Art Pavillon 2 (Atelier)|44.869044|-0.548023|Salles de spectacle / conférences|780|4|4|non
Librairie Michele Masson|44.839371|-0.570546|Centres commerciaux|26|4|2|non
Librairie Mollat|44.840775|-0.578996|Centres commerciaux|1293|5|2|non
Life Academy|44.823743|-0.610682|Gymnases / sports couverts|97|8|6|oui
Lindt|44.852807|-0.580379|Centres commerciaux|32|5|2|non
Local Aquitanis 17 Crs Des Aubiers|44.829882|-0.573324|Salles de spectacle / conférences|0|5|4|non
Local Associatif|44.839176|-0.570762|Écoles / collèges / lycées|20|4|7|non
Local Commercial|44.848001|-0.58621|Centres commerciaux|10|6|2|non
Local Commercial|44.854766|-0.565335|Centres commerciaux|0|2|2|non
Local Commercial|44.830539|-0.569399|Centres commerciaux|16|4|2|non
Local Commercial|44.840596|-0.560269|Centres commerciaux|19|1|2|non
Local Commercial  (C2)|44.824997|-0.590119|Centres commerciaux|0|7|2|non
"Local Commercial "" Tutti Pizza """|44.832525|-0.611775|Centres commerciaux|5|8|2|non
Local Commercial A Bassins A Flots Ilot B3 Lot 4|44.822742|-0.597104|Centres commerciaux|534|8|2|non
Local Commercial Cef|44.872603|-0.564089|Centres commerciaux|5|1|2|non
Local Commercial Et Professionnel|44.858188|-0.55864|Centres commerciaux|0|2|2|non
Local Commercial N°2|44.835091|-0.566165|Centres commerciaux|74|3|2|non
Local Commercial Sixt France|44.844133|-0.578334|Mairies / administrations|6|5|5|non
Local Commercial(C1)|44.82193|-0.596205|Centres commerciaux|0|8|2|non
Local Commercialn°1 ( Voir Y 12 )|44.82814|-0.583822|Centres commerciaux|18|6|2|non
Local Coque 01 - Quartier Armagnac Sud - Ilot 8.12|44.846704|-0.598669|Centres commerciaux|27|7|2|non
Local D'Activité|44.83498|-0.56616|Centres commerciaux|19|3|2|non
Local D'Activites  Avenue De La Republique|44.843715|-0.628607|Mairies / administrations|0|9|5|oui
Locaux Associatifs - Groupement D'Établissements|44.861404|-0.558824|Écoles / collèges / lycées|92|2|7|non
Locaux Commerciaux - Gironde Habitat - Commerce C|44.822709|-0.552729|Centres commerciaux|154|1|2|non
Locaux D'Activites|44.82502|-0.576796|Centres commerciaux|0|6|2|non
Locaux Du Service D'Hygiene De La Ville De Bx|44.82674|-0.550736|Centres commerciaux|19|1|2|non
Lodeon, Le Comptoir Des Pates|44.821668|-0.565905|Centres commerciaux|0|4|2|non
Loding|44.842717|-0.579206|Centres commerciaux|0|5|2|non
Lycee Camille Jullian:Bat A-B-C-I|44.844575|-0.590137|Écoles / collèges / lycées|1200|7|7|oui
Lycee Gustave Eiffel: C.F.A.|44.828963|-0.564593|Écoles / collèges / lycées|0|3|7|non
Lycee M.Montaigne:Bt Externats 3-4 (N-S)|44.834845|-0.571889|Écoles / collèges / lycées|1173|4|7|non
Made In|44.83164|-0.601568|Mairies / administrations|5|8|5|oui
Magasin|44.846832|-0.587255|Centres commerciaux|10|6|2|non
"Magasin ""Et Pates Et Vous"""|44.853444|-0.572972|Centres commerciaux|7|4|2|non
"Magasin ""Le Refuge"""|44.838771|-0.572579|Centres commerciaux|23|4|2|non
Magasin Amorino|44.841012|-0.577279|Centres commerciaux|0|5|2|non
Magasin Avril Cosmetiques|44.840968|-0.57686|Centres commerciaux|33|5|2|non
Magasin Bio C' Bon|44.835162|-0.571061|Centres commerciaux|19|4|2|non
Magasin Boulanger|44.88067|-0.570246|Centres commerciaux|1187|2|2|non
Magasin Brandy Melville|44.841971|-0.575182|Centres commerciaux|222|5|2|non
Magasin Bricorelais|44.8351|-0.571803|Centres commerciaux|283|4|2|non
Magasin Casino|44.83951|-0.623599|Centres commerciaux|1113|9|2|non
Magasin Corfias|44.853105|-0.573099|Centres commerciaux|19|4|2|non
Magasin Couture/Retoucherie|44.832491|-0.571319|Centres commerciaux|0|5|2|non
Magasin Darty|44.879032|-0.560236|Centres commerciaux|912|2|2|non
Magasin De Chaussures  Parenthese|44.841408|-0.577998|Centres commerciaux|15|5|2|non
Magasin De Graphisme Et Communication|44.839044|-0.570413|Centres commerciaux|15|4|2|non
Magasin De Meubles|44.839865|-0.568984|Centres commerciaux|19|4|2|non
Magasin De Vente Video Lounge|44.824495|-0.570104|Centres commerciaux|46|5|2|non
Magasin Etam|44.839047|-0.574101|Centres commerciaux|119|5|2|non
Magasin Etam Lingerie|44.840738|-0.578548|Centres commerciaux|105|5|2|non
Magasin Home By Asa|44.839221|-0.579198|Centres commerciaux|0|5|2|non
Magasin K-Way|44.842453|-0.578219|Centres commerciaux|0|5|2|non
Magasin Kookai|44.840825|-0.577515|Centres commerciaux|168|5|2|non
Magasin L'Atelier Du Chocolat Ex Princesse Tam-Tam|44.840883|-0.576828|Centres commerciaux|7|5|2|non
Magasin La Maison Des Pains|44.832514|-0.612246|Centres commerciaux|10|8|2|non
Magasin Lacoste|44.840928|-0.576303|Centres commerciaux|59|5|2|non
Magasin Mephisto|44.842645|-0.577583|Centres commerciaux|42|5|2|non
Magasin Monceau Fleurs|44.844869|-0.610128|Centres commerciaux|19|8|2|non
Magasin Picard|44.852708|-0.573345|Centres commerciaux|66|4|2|non
Magasin Point P-Asturienne-Cedeo|44.823623|-0.544283|Centres commerciaux|180|2|2|non
Magasin Sex Shop|44.838323|-0.573123|Centres commerciaux|45|5|2|non
Magasin Stylistik|44.836499|-0.571556|Centres commerciaux|15|4|2|non
Magasin Tezenis|44.838717|-0.573922|Centres commerciaux|59|5|2|non
Magasin Vans Ex Be.You # K.|44.838321|-0.573982|Centres commerciaux|48|5|2|non
Magic Makers|44.853777|-0.571264|Écoles / collèges / lycées|40|4|7|non
Maison D'Assistantes Familiales Les P'Tits Loups|44.828581|-0.576617|Écoles / collèges / lycées|8|6|7|oui
Maison D'Assistantes Maternelles Les Histoires De Doudous|44.85036|-0.625952|Écoles / collèges / lycées|8|9|7|oui
Maison De La Nature|44.830514|-0.56106|Mairies / administrations|39|2|5|non
Maison De Quartier|44.858404|-0.564938|Écoles / collèges / lycées|55|1|7|non
"Maison De Quartier Union Saint Jean : Bâtiment ""1989"""|44.824832|-0.563654|Salles de spectacle / conférences|150|4|4|non
Maison De Retraite L'Eau Vive|44.838912|-0.602862|Hôpitaux / cliniques|90|8|9|non
Maison Departementale De La Solidarite|44.828701|-0.5592|Mairies / administrations|74|2|5|non
Maison Departementale De La Solidarite Et De L'Insertion|44.834076|-0.574369|Mairies / administrations|50|5|5|non
Maison Des Cinq Sens Jsa|44.831684|-0.6108|Salles de spectacle / conférences|45|8|4|non
Maison Du Projet Brazza|44.840747|-0.569569|Salles de spectacle / conférences|57|4|4|non
Maison Relais Et Logements Familiaux|44.866958|-0.537962|Salles de spectacle / conférences|56|6|4|non
Mam - Association Les Pinsons|44.84251|-0.559016|Écoles / collèges / lycées|0|1|7|non
Mam Bababulles|44.871465|-0.550624|Écoles / collèges / lycées|12|4|7|non
Mam My Little|44.846541|-0.590004|Écoles / collèges / lycées|6|6|7|oui
Manifestation The Kub Presentation De Vehicules 10 Septembre 2015|44.83027|-0.565011|Salles de spectacle / conférences|439|3|4|non
Manufacture Atlantique Ex Tnt : Bibliotheque|44.812529|-0.558|Bibliothèques / médiathèques|18|4|1|non
Marche De La Poesie Les 16 Et 17 Mars 2013|44.852282|-0.572488|Halls d'exposition|600|4|0|non
Marche Des Capucins-Halle A- Banc 8 C Restauration|44.838714|-0.596208|Centres commerciaux|0|7|2|non
Marche Des Capucins-Halle A-Banc 14 Ab|44.838714|-0.596208|Centres commerciaux|0|7|2|non
Marche Des Capucins-Halle A-Banc 14 Cd|44.830671|-0.567738|Centres commerciaux|0|4|2|non
Marche Des Capucins-Halle A-Banc 17 C Tortill'Art|44.830671|-0.567738|Centres commerciaux|0|4|2|non
Marche Des Capucins-Halle A-Banc 19 Abcd|44.830671|-0.567738|Centres commerciaux|0|4|2|non
Marche Des Capucins-Halle A-Banc 20 Acd|44.830671|-0.567738|Centres commerciaux|0|4|2|non
Marche Des Capucins-Halle A-Banc 23|44.830671|-0.567738|Centres commerciaux|0|4|2|non
Marche Des Capucins-Halle A-Banc 32|44.830671|-0.567738|Centres commerciaux|0|4|2|non
Marche Des Capucins-Halle A-Banc 33|44.830671|-0.567738|Centres commerciaux|0|4|2|non
Marche Des Capucins-Halle A-Banc 36|44.830671|-0.567738|Centres commerciaux|0|4|2|non
Marche Des Capucins-Halle A-Banc 40 B|44.830671|-0.567738|Centres commerciaux|0|4|2|non
Marche Des Capucins-Halle A-Banc 42|44.830671|-0.567738|Centres commerciaux|0|4|2|non
Marche Des Capucins-Halle A-Banc 9 Ab|44.830671|-0.567738|Centres commerciaux|0|4|2|non
Maternelle Jules Ferry|44.843007|-0.605567|Écoles / collèges / lycées|142|8|7|oui
Maternelle Nuits|44.841981|-0.553043|Écoles / collèges / lycées|165|2|7|non
Maternelle Paul Berthelot|44.856427|-0.572132|Écoles / collèges / lycées|175|4|7|non
Math 1Er|44.8397|-0.577662|Écoles / collèges / lycées|15|5|7|non
Matmut Ex-Mutuelle Ociane|44.840648|-0.579598|Mairies / administrations|16|6|5|oui
Medical Science|44.825267|-0.59835|Écoles / collèges / lycées|84|8|7|oui
Medical Sciences|44.825588|-0.597854|Écoles / collèges / lycées|147|8|7|oui
Meilleur Taux.Com|44.835091|-0.566165|Mairies / administrations|0|3|5|non
Mimi Cosmetics|44.837656|-0.573563|Centres commerciaux|0|5|2|non
Misako|44.839272|-0.572046|Centres commerciaux|10|4|2|non
Niceberry|44.836809|-0.573733|Centres commerciaux|0|5|2|non
O Sorbet D'Amour|44.840713|-0.579911|Centres commerciaux|4|6|2|non
O Sorbet D'Amour|44.841038|-0.575|Centres commerciaux|45|5|2|non
On Hair Studio|44.839416|-0.559358|Écoles / collèges / lycées|30|1|7|non
Open Space|44.831685|-0.602904|Mairies / administrations|7|8|5|oui
Patisserie San Nicolas|44.836602|-0.575966|Centres commerciaux|2|5|2|non
Pharmacie|44.862643|-0.566939|Centres commerciaux|35|2|2|non
Pharmacie Bleue|44.839193|-0.581756|Centres commerciaux|17|6|2|non
Pharmacie Gambetta|44.840995|-0.580036|Centres commerciaux|70|6|2|non
Pharmacie Ornano|44.834213|-0.58868|Centres commerciaux|0|7|2|non
Pitchoun' : Creche Cauderan - Bâtiment Sur Rue|44.850084|-0.605074|Écoles / collèges / lycées|30|8|7|oui
Pizza Di Roma|44.845913|-0.579204|Centres commerciaux|2|5|2|non
Pizza Hut|44.813071|-0.573477|Centres commerciaux|6|6|2|non
Poissonnerie Bonne Mer|44.850175|-0.585998|Centres commerciaux|24|6|2|non
Pole De Sante De Bordeaux Bastide|44.845426|-0.551033|Hôpitaux / cliniques|232|3|9|non
Pole Technique Municipal|44.8554|-0.628927|Mairies / administrations|0|9|5|oui
Polyclinique Bx Nord:Centre De Formation Professionnelle Bna|44.863683|-0.576557|Écoles / collèges / lycées|80|4|7|non
Polyclinique Bx Nord:Maison Ferret|44.863979|-0.578768|Hôpitaux / cliniques|8|5|9|non
Portes Ouvertes Des Agences Bancaires Credit Mutuel|44.841882|-0.579048|Mairies / administrations|30|5|5|non
Projet Sante Navale Locaux D'Activites Bat B|44.827524|-0.563006|Centres commerciaux|77|3|2|non
Quicksilver (Ex: Teddy Smith)|44.858458|-0.562943|Centres commerciaux|90|1|2|non
R.P.A. Et Club Senior Manon Cormier|44.830967|-0.591574|Salles de spectacle / conférences|52|7|4|non
R.P.A. Notre Temps|44.83656|-0.56933|Salles de spectacle / conférences|0|4|4|non
Rééducation Primerose|44.822858|-0.59988|Hôpitaux / cliniques|19|8|9|non
Rencontres Archytek|44.856355|-0.568436|Halls d'exposition|5619|3|0|non
Rencontres Emploi Handicap 2015|44.856355|-0.568436|Halls d'exposition|5619|3|0|non
Residence Chantecrit|44.848998|-0.582998|Salles de spectacle / conférences|0|6|4|non
Residence Du Parc Des Chevaliers Aile B(R+1)|44.844272|-0.596387|Écoles / collèges / lycées|10|7|7|oui
Residence Etudiants Pomerol|44.820177|-0.600223|Salles de spectacle / conférences|40|8|4|non
Residence Les Jardins D'Arcadie|44.845996|-0.584883|Salles de spectacle / conférences|180|6|4|non
Restaurant La Belle Saison Salle De Séminaire|44.848602|-0.563175|Salles de spectacle / conférences|77|2|4|non
Rock School Barbey|44.827168|-0.56335|Salles de spectacle / conférences|676|3|4|non
Salamander|44.841951|-0.577806|Centres commerciaux|49|5|2|non
Salle D'Education Physique|44.860228|-0.562106|Gymnases / sports couverts|0|1|6|non
Salle D'Exposition Vente De Billards|44.843112|-0.555594|Centres commerciaux|43|1|2|non
Salle De Réunions, De Conférences Et D'Auditions|44.842545|-0.571788|Salles de spectacle / conférences|45|4|4|non
Salle De Spectacle|44.835184|-0.569692|Salles de spectacle / conférences|19|4|4|non
Salle De Sport El Studio|44.837245|-0.57071|Gymnases / sports couverts|45|4|6|non
Salle Omnisports Pes 33|44.871985|-0.561368|Gymnases / sports couverts|480|2|6|non
Salle Point Du Jour - Pierre Tachou|44.853584|-0.573457|Salles de spectacle / conférences|662|4|4|non
Salle Polyvalente|44.878992|-0.552079|Salles de spectacle / conférences|550|4|4|non
Salle Polyvalente Des Petites Soeurs Des Pauvres|44.840833|-0.592007|Maisons de retraite / handicapés|104|7|8|non
Salles De Reunion Mutualisees|44.851036|-0.569686|Salles de spectacle / conférences|0|3|4|non
Salles Paroissiales De L'Ass St Augustin|44.832062|-0.611925|Écoles / collèges / lycées|190|8|7|oui
Salon Abc Kidz|44.856355|-0.568436|Halls d'exposition|5619|3|0|non
Salon De Coiffure|44.837896|-0.574921|Mairies / administrations|10|5|5|non
Salon De Coiffure Elisabeth Rivaud|44.827384|-0.586303|Centres commerciaux|3|7|2|non
Salon De Coiffure Vania Laporte|44.839464|-0.578183|Centres commerciaux|7|5|2|non
Salon De L'Apprentissage Alternance Et Metiers Et Salon Du Recrutement En Alternance|44.856355|-0.568436|Halls d'exposition|5619|3|0|non
Salon De L'Apprentissage Et De L'Alternance Et Du Recrutement|44.856355|-0.568436|Halls d'exposition|5619|3|0|non
Salon De Muriel|44.840889|-0.583452|Centres commerciaux|15|6|2|non
Salon Des Createurs Des Ateliers D'Art Du 14 Au 16 Novembre 2014|44.856355|-0.568436|Halls d'exposition|5619|3|0|non
Salon Des Formations Artistiques Communication Et Numerique & Sante, Social Et Paramedical & Grandes|44.872645|-0.571176|Salles de spectacle / conférences|6141|3|4|non
Salon Des Futurs Maries 26 Et 27 Octobre 2013|44.856355|-0.568436|Halls d'exposition|5619|3|0|non
Salon Europeen Des Rencontres Fournisseurs|44.856355|-0.568436|Halls d'exposition|5619|3|0|non
Salon Joueclub 8 Et 9 Fevrier 2015|44.856355|-0.568436|Halls d'exposition|5619|3|0|non
Salon Masterclass Joueclub 10&11/02/2013|44.852746|-0.566354|Halls d'exposition|0|2|0|non
Salon Novaq|44.856355|-0.568436|Halls d'exposition|5619|3|0|non
Salon Pro A Pro Colruyt France|44.856355|-0.568436|Halls d'exposition|5619|3|0|non
Salon Studyrama|46.327502|-0.471609|Salles de spectacle / conférences|6141|9|4|non
Salon Tend'M|44.855285|-0.588633|Salles de spectacle / conférences|976|6|4|non
Salonsce Les 4 Et 05/04/2013|44.852746|-0.566354|Halls d'exposition|1200|2|0|non
Sarl Clin Ecole De Langues|44.831167|-0.578255|Écoles / collèges / lycées|44|6|7|oui
Sarl Loding|44.843085|-0.57898|Centres commerciaux|0|5|2|non
Sarl Nathalis|44.837137|-0.576241|Mairies / administrations|0|5|5|non
Savs|44.833976|-0.601856|Écoles / collèges / lycées|18|8|7|oui
Sc Coiffure|44.851038|-0.606921|Mairies / administrations|0|8|5|oui
Sci Bordeaux Plaza Commerces Et Bureaux  Dos.General|44.865837|-0.575408|Centres commerciaux|0|4|2|non
Sci Bornand Rager|44.841134|-0.578409|Mairies / administrations|6|5|5|non
Sci Centre Mime|44.844759|-0.54794|Mairies / administrations|63|4|5|non
Sci Jf & F Guerin - Cabinet Assurances Et Medical|44.832549|-0.587791|Mairies / administrations|8|7|5|oui
Sci Tristar Parties Communes|44.84164|-0.587916|Mairies / administrations|0|6|5|oui
Scm Avocats Roquain Bardet|44.846229|-0.57528|Mairies / administrations|3|5|5|non
"Sessad ""Saute Mouton"""|44.860009|-0.609329|Écoles / collèges / lycées|12|8|7|oui
Sofistyke|44.838052|-0.572428|Centres commerciaux|0|4|2|non
Stade Henri Lequesne:Bureaux|44.849574|-0.626403|Mairies / administrations|5|9|5|oui
Stade Henri Lequesne:Tennis Couvert|44.849574|-0.626403|Gymnases / sports couverts|19|9|6|oui
Station De Lavage Bill Washer Et Boutique De Vente|44.887418|-0.558335|Centres commerciaux|1|3|2|non
Station Service Esso|44.83468|-0.598995|Centres commerciaux|30|8|2|non
Ste Marie Bastide B.T.S.|44.844203|-0.553027|Écoles / collèges / lycées|20|2|7|non
Ste Marie Bastide Lycee Batiments D-E-F|44.843008|-0.552078|Écoles / collèges / lycées|613|2|7|non
Stephanie Desclouds Fleuriste|44.841402|-0.582815|Centres commerciaux|0|6|2|non
Style D'Albret|44.836715|-0.580897|Centres commerciaux|10|6|2|non
Sud-Ouest Formation Recherche|44.857346|-0.629214|Écoles / collèges / lycées|15|9|7|oui
Surface Commerciale 4 Credit Agricole|44.860468|-0.609936|Centres commerciaux|19|8|2|non
Tabac Presse|44.827498|-0.586173|Centres commerciaux|15|7|2|non
Tabac Presse Le Brive|44.828429|-0.57967|Centres commerciaux|0|6|2|non
Tabac Presse Le Rouzic|44.843046|-0.550877|Centres commerciaux|0|3|2|non
Tabac-Presse La Croix Blanche|44.845424|-0.593768|Centres commerciaux|0|7|2|non
The Austarlian Pink Floyd Show|44.83489|-0.587663|Salles de spectacle / conférences|7212|7|4|non
The Kooples Diffusion|44.841959|-0.577694|Centres commerciaux|62|5|2|non
Theatre De La Corderie|44.85925|-0.571353|Salles de spectacle / conférences|176|3|4|non
Thierry Bezançon - Fleuriste Decorateur|44.839508|-0.581296|Centres commerciaux|0|6|2|non
Tour Bp  -  Petite Tour  2000|44.837815|-0.58662|Mairies / administrations|200|6|5|oui
Tour Mozart|44.861346|-0.583043|Mairies / administrations|30|5|5|non
Trans'Formes 2013 - Nuit De La Création - 13 Avril 2013|44.848293|-0.541236|Gymnases / sports couverts|600|5|6|non
Tresorerie Generale - Drfip|44.835758|-0.588859|Mairies / administrations|0|7|5|oui
Triopolis Les Bureaux Du Lac 10.Bat.2 Et 3|44.876343|-0.5751|Mairies / administrations|10|4|5|non
Triopolis Les Bureaux Du Lac 10:Bat 1|44.829635|-0.575007|Mairies / administrations|8|5|5|non
Trocathlon Du 17 Au 27 Octobre 2014|44.88067|-0.570246|Centres commerciaux|3754|2|2|non
Ulker Market|44.836034|-0.567279|Centres commerciaux|0|4|2|non
Union Saint Bruno : Batiment Nord|44.838752|-0.591063|Bibliothèques / médiathèques|168|7|1|non
Magasin C&A France|44.839735|-0.574214|Centres commerciaux|704|5|2|non
Magasin Citadium|44.840819|-0.574391|Centres commerciaux|332|5|2|non
13Ème Tournoi Open Entreprises Des Jsa Du 28 Juin 2013|44.828496|-0.612598|Gymnases / sports couverts|180|8|6|oui
14Ème Forum Entreprises Du 7 Novembre 2012|44.856355|-0.568436|Halls d'exposition|0|3|0|non
15Èmes Journées Interactives De Réalités Thérapeutiques En Dermatologie|44.872645|-0.571176|Salles de spectacle / conférences|6141|3|4|non
3 Commerces|44.852864|-0.609398|Centres commerciaux|10|8|2|non
3 Eme Kino Kabaret International De Bordeaux 3 Octobre 2014|44.849663|-0.561249|Salles de spectacle / conférences|0|1|4|non
83Ème Congrès National Des Entrepreneurs Des Territoires|44.872645|-0.571176|Salles de spectacle / conférences|6141|3|4|non
African Foods|44.830884|-0.568948|Centres commerciaux|0|4|2|non
Agence Adecco|44.837501|-0.575682|Mairies / administrations|4|5|5|non
Agence Aquitanis Le Mikado Des Aubiers|44.872788|-0.572658|Mairies / administrations|11|3|5|non
Agence Bancaire Bnp Paribas St Seurin|44.850803|-0.577521|Mairies / administrations|10|5|5|non
Agence Bancaire Bnp Paribas Tivoli|44.853514|-0.593145|Mairies / administrations|14|7|5|oui
Agence Bancaire Caisse D'Epargne|44.840738|-0.560038|Mairies / administrations|0|1|5|non
Agence Bancaire Credit Mutuel|44.821898|-0.582469|Mairies / administrations|19|6|5|oui
Agence Centrale Des Capucins|44.829676|-0.568212|Mairies / administrations|6|4|5|non
Agence Centrale Des Capucins|44.830817|-0.567086|Mairies / administrations|12|4|5|non
Agence Credit Cooperatif|44.840747|-0.569569|Mairies / administrations|20|4|5|non
Agence De La Caisse D'Epargne Paul Doumer|44.851871|-0.574576|Mairies / administrations|15|4|5|non
Agence Du Cic Societe Bordelaise|44.85452|-0.57259|Mairies / administrations|18|4|5|non
Agence Du Credit Agricole D'Aquitaine|44.836617|-0.580865|Mairies / administrations|10|6|5|oui
Agence France Telecom|44.838373|-0.573865|Mairies / administrations|16|5|5|non
Agence Gruener|44.841253|-0.584555|Mairies / administrations|10|6|5|oui
Agence Immo De France|44.835128|-0.580704|Mairies / administrations|0|6|5|oui
Agence Immobiliere|44.853777|-0.571264|Mairies / administrations|15|4|5|non
Agence Immobiliere Laforêt|44.843715|-0.628607|Mairies / administrations|0|9|5|oui
Agence Immobiliere Nansouty - Cabinet Bedin|44.847452|-0.584018|Mairies / administrations|8|6|5|oui
Agence Immobiliere Square Habitat|44.862132|-0.587876|Mairies / administrations|0|6|5|oui
Agence La Mutuelle Generale De Bordeaux|44.834885|-0.574424|Mairies / administrations|0|5|5|non
Agence Ppc - Bnp Paribas|44.835154|-0.567124|Mairies / administrations|13|4|5|non
Agence Sfr Thiers|44.848651|-0.546565|Mairies / administrations|0|4|5|non
Agence Square Habitat|44.822577|-0.581149|Mairies / administrations|11|6|5|oui
Agep|44.830063|-0.580612|Mairies / administrations|25|6|5|oui
Ajp Immobilier|44.841408|-0.584707|Mairies / administrations|0|6|5|oui
Alternance Gironde|44.887616|-0.565327|Écoles / collèges / lycées|0|3|7|non
Alveoles Clairiere Des Aubiers|44.873002|-0.572112|Gymnases / sports couverts|19|3|6|non
Ambu 33|44.834086|-0.602223|Mairies / administrations|0|8|5|oui
Amplifon Groupe France|44.814497|-0.571666|Centres commerciaux|12|6|2|non
Anne De Solene|44.857082|-0.561521|Centres commerciaux|38|1|2|non
Antenne Sociale|44.837628|-0.572099|Mairies / administrations|20|4|5|non
Appart City Bordeaux Centre|44.833084|-0.596761|Salles de spectacle / conférences|139|7|4|non
Apple Store Rue Sainte Catherine Ex Credit Agricole|44.842044|-0.574353|Centres commerciaux|232|5|2|non
April Sante|44.854076|-0.572495|Mairies / administrations|8|4|5|non
Aquiflor 2013 Le 11/09/2013|44.841077|-0.589546|Halls d'exposition|5000|7|0|non
Argenterie Judaique|44.841702|-0.583666|Centres commerciaux|17|6|2|non
Armurerie De Bordeaux|44.839548|-0.579745|Centres commerciaux|0|6|2|non
Art.Culture|44.842204|-0.572152|Centres commerciaux|18|4|2|non
Arthur|44.841119|-0.577295|Centres commerciaux|12|5|2|non
Asiana|44.840168|-0.578266|Mairies / administrations|0|5|5|non
Association Afro Jazz Street|44.848908|-0.583528|Écoles / collèges / lycées|19|6|7|oui
Association Are 33|44.844157|-0.596521|Mairies / administrations|30|7|5|oui
Association Bx-Bristol|44.84039|-0.569416|Salles de spectacle / conférences|0|4|4|non
Association Conviviale Et Musicale Des Portue|44.814607|-0.553738|Salles de spectacle / conférences|190|3|4|non
Atelier 29|44.845798|-0.5773|Centres commerciaux|30|5|2|non
Atelier De Peinture Janiere Dominique|44.823277|-0.598651|Centres commerciaux|0|8|2|non
Atelier Jocaps|44.83653|-0.570082|Centres commerciaux|0|4|2|non
Aumonerie De L'Association Diocesaine De Bordeaux|44.850209|-0.58652|Écoles / collèges / lycées|88|6|7|oui
Auto Ecole Abdou|44.874268|-0.573527|Mairies / administrations|15|4|5|non
Auto Ecole Associative De L'A.L.P|44.851723|-0.610761|Écoles / collèges / lycées|7|8|7|oui
Azahar Style|44.839603|-0.57976|Centres commerciaux|15|6|2|non
Babioles & Bidules|44.829741|-0.581237|Centres commerciaux|0|6|2|non
Banque Courtois|44.843549|-0.576007|Mairies / administrations|5|5|5|non
Banque Populaire|44.837337|-0.575949|Mairies / administrations|0|5|5|non
Banque Populaire Du Sud Ouest|44.839688|-0.599083|Mairies / administrations|12|8|5|oui
Banque Postale|44.825586|-0.588561|Mairies / administrations|11|7|5|oui
Bastide Niel Ilot B031 Locaux Commerciaux Et Salle  Multimedia|44.833804|-0.581907|Centres commerciaux|0|6|2|non
Batiment A Usage De Bureaux Et D Expositions|44.843458|-0.59059|Mairies / administrations|42|7|5|oui
Beaute 33|44.841176|-0.581216|Mairies / administrations|5|6|5|oui
Bibliotheque Du Jardin Public|44.850314|-0.576895|Bibliothèques / médiathèques|50|5|1|non
Bibliotheque Sncf Bastide|44.845858|-0.551118|Bibliothèques / médiathèques|10|3|1|non
Bibliotheque St Michel-Capucins|44.830777|-0.566897|Bibliothèques / médiathèques|90|4|1|non
Bijouterie Garel|44.843271|-0.578548|Centres commerciaux|6|5|2|non
C.C.Leclerc St Louis: Dos General|44.862954|-0.567368|Centres commerciaux|3500|2|2|non
C.C.Leclerc St Louis: Pressing Blanchisserie|44.826032|-0.577327|Centres commerciaux|0|6|2|non
C.C.Les Bastides: Bibliotheque Benauge|44.843955|-0.542428|Bibliothèques / médiathèques|199|5|1|non
C.C.Meriadeck: Boulangerie Paul|44.852604|-0.57636|Centres commerciaux|48|5|2|non
C.C.St Christoly: Agatha|44.839286|-0.576552|Centres commerciaux|0|5|2|non
C.C.St Christoly: Boutique Sepia|44.839286|-0.576552|Centres commerciaux|19|5|2|non
C.C.St Christoly: Celio|44.839286|-0.576552|Centres commerciaux|0|5|2|non
C.C.St Christoly: Lynx Optic|44.839286|-0.576552|Centres commerciaux|0|5|2|non
C.C.St Christoly: Portrex|44.839286|-0.576552|Centres commerciaux|2|5|2|non
C.D.A.F.: Bat.D|44.842252|-0.58574|Mairies / administrations|10|6|5|oui
C.E.S.D.A. R.Chapon: Bat C|44.843006|-0.598178|Écoles / collèges / lycées|15|7|7|oui
C.E.S.D.A. R.Chapon: Bat D|44.843006|-0.598178|Écoles / collèges / lycées|5|7|7|oui
Cabinet Amincissement Isabelle Olivier|44.843484|-0.575916|Centres commerciaux|6|5|2|non
Cabinet D'Assurances Et Placements Yann Savary|44.827453|-0.594177|Mairies / administrations|6|7|5|oui
Cabinet D'Avocat Duperie|44.846355|-0.577712|Mairies / administrations|0|5|5|non
Cabinet D'Avocat Ex-Commerce ( Ex La Cage Aux Fous  Ex N2.116)|44.837746|-0.57049|Centres commerciaux|112|4|2|non
Cabinet D'Avocats|44.843844|-0.5729|Mairies / administrations|3|4|5|non
Cabinet D'Avocats|44.843722|-0.576717|Mairies / administrations|3|5|5|non
Cabinet D'Avocats|44.837337|-0.575949|Mairies / administrations|0|5|5|non
Cabinet D'Expertise Comptable C. Lucante|44.866792|-0.538046|Mairies / administrations|13|6|5|oui
Cabinet D'Orthophonie Letellier|44.855406|-0.591473|Mairies / administrations|2|6|5|oui
Cabinet D'Orthophoniste Malet|44.851566|-0.61001|Mairies / administrations|0|8|5|oui
Cabinet De Kinesitherapie|44.840383|-0.596128|Mairies / administrations|3|7|5|oui
Cabinet Dentaire|44.844759|-0.576533|Hôpitaux / cliniques|11|5|9|non
Cabinet Dentaire|44.829974|-0.564319|Mairies / administrations|6|3|5|non
Cabinet Dentaire  Cdbm|44.879838|-0.572531|Mairies / administrations|0|3|5|non
Cabinet Dentaire Barret (Ex Pharmacie D'Albret)|44.835432|-0.580805|Mairies / administrations|6|6|5|oui
Cabinet Dentaire De La Victoire|44.830519|-0.571546|Mairies / administrations|6|5|5|non
Cabinet Dentaire El Amrani|44.836778|-0.570599|Mairies / administrations|2|4|5|non
Cabinet Finckh|44.826158|-0.576964|Mairies / administrations|0|6|5|oui
Cabinets Medicaux Bullier|44.844684|-0.583657|Mairies / administrations|12|6|5|oui
Cabinets Medicaux Et Paramedicaux|44.841606|-0.588155|Mairies / administrations|12|6|5|oui
Centre Commercial Europe - Salon De Coiffure Fabio Salsa|44.845771|-0.619939|Centres commerciaux|10|9|2|non
Centre Commercial Europe Du Gd Parc : Ilot C|44.862132|-0.587876|Centres commerciaux|0|6|2|non
Centre Culturel Leonard De Vinci|44.853673|-0.574252|Salles de spectacle / conférences|100|4|4|non
Centre D'Activites Du Parc (Cap)|44.842709|-0.608677|Écoles / collèges / lycées|25|8|7|oui
Centre D'Information Et De Recrutement Des Forces Armees|44.838582|-0.577273|Mairies / administrations|19|5|5|non
Centre De Culture Physique D'Aquitaine|44.847738|-0.57112|Gymnases / sports couverts|100|4|6|non
Centre De Formation - Arpeje|44.825298|-0.589537|Écoles / collèges / lycées|31|7|7|oui
Centre De Medecine Sociale( Voir W 157 )|44.848855|-0.599313|Hôpitaux / cliniques|0|7|9|non
Centre Medico-Chirurgical Gallien|44.844001|-0.581566|Mairies / administrations|156|6|5|oui
Centre Medico-Scolaire ( Ancienne Crama )|44.848933|-0.599517|Mairies / administrations|10|7|5|oui
Centre Social Et Culturel Le Lac: Atelier 6-12 Ans|44.872529|-0.570658|Écoles / collèges / lycées|30|3|7|non
Centre Social Et Culturel Le Lac: Dos General|44.872529|-0.570658|Écoles / collèges / lycées|0|3|7|non
Centre Technique De Coiffure|44.834536|-0.584536|Écoles / collèges / lycées|50|6|7|oui
Cercle Mixte De Bx:Site Nansouty|44.817875|-0.566233|Hôtels / hébergements|781|5|3|non
Cged|44.8731|-0.562998|Centres commerciaux|648|1|2|non
Ch.Ch.Perrens : Batiment 04 - Institut De Formation En Soins Infirmiers Et Labo|44.823625|-0.600266|Écoles / collèges / lycées|400|8|7|oui
Ch.Ch.Perrens : Batiment 18 -|44.823625|-0.600266|Hôpitaux / cliniques|38|8|9|non
Ch.Ch.Perrens Bat Psychomotricite-Esthetique-Kinesitherapie|44.823625|-0.600266|Mairies / administrations|6|8|5|oui
Ch.Ch.Perrens Hop De Jour Bastide|44.84161|-0.551133|Hôpitaux / cliniques|16|3|9|non
Ch.Ch.Perrens Hopital De Jour|44.838407|-0.593006|Hôpitaux / cliniques|15|7|9|non
Ch.Ch.Perrens Unite De Soins Relais|44.837986|-0.572259|Hôpitaux / cliniques|46|4|9|non
Championnat D'Europe De Horse-Ball|44.843016|-0.590765|Halls d'exposition|0|7|0|non
Love Shop|44.835987|-0.575267|Centres commerciaux|0|5|2|non
Lutherie|44.835676|-0.565083|Centres commerciaux|0|3|2|non
Lycee Gustave Eiffel|44.828963|-0.564593|Écoles / collèges / lycées|5615|3|7|non
Lycee Gustave Eiffel:Annexe Ferbos|44.827922|-0.566511|Écoles / collèges / lycées|584|4|7|non
Lycee M.Montaigne: Batiment 1 Aile Est Et Foyer Des Internes|44.834845|-0.571889|Écoles / collèges / lycées|280|4|7|non
Lycee Prive Du Matin|44.833474|-0.570957|Écoles / collèges / lycées|470|4|7|non
Lycee Professionnel Tregey : Bt D Locaux Techniques|44.840214|-0.547255|Écoles / collèges / lycées|0|4|7|non
Lyonnaise Des Eaux Batiment Ramses|44.864628|-0.565858|Écoles / collèges / lycées|69|2|7|non
Magasin|44.856609|-0.60282|Centres commerciaux|19|8|2|non
Magasin|44.860468|-0.609936|Centres commerciaux|1678|8|2|non
Magasin Adidas (Ex Celio)|44.8409|-0.577503|Centres commerciaux|194|5|2|non
Magasin Alex Tissus|44.871275|-0.563475|Centres commerciaux|665|1|2|non
Magasin Baiser Sauvage|44.841869|-0.576621|Centres commerciaux|152|5|2|non
Magasin Bijouterie D'Agincourt Wilkinson|44.842414|-0.577541|Centres commerciaux|19|5|2|non
Magasin Billabong|44.837525|-0.573516|Centres commerciaux|186|5|2|non
Magasin D'Instruments De Musique|44.836732|-0.573788|Centres commerciaux|18|5|2|non
Magasin Dafy Moto|44.84941|-0.582627|Centres commerciaux|536|6|2|non
Magasin Damart|44.843749|-0.577782|Centres commerciaux|6|5|2|non
Magasin De Chaussures J B|44.813204|-0.564677|Centres commerciaux|0|5|2|non
Magasin De Couture|44.839413|-0.570165|Centres commerciaux|4|4|2|non
Magasin De Vente|44.842772|-0.555361|Centres commerciaux|226|1|2|non
Magasin Decathlon|44.883176|-0.571574|Centres commerciaux|3654|3|2|non
Magasin Docks Caviar|44.834707|-0.573389|Centres commerciaux|70|5|2|non
Magasin Father & Sons|44.841914|-0.578299|Centres commerciaux|35|5|2|non
Magasin Fnac ( Ex Nouvelles  Galeries ).Lot 1|44.83959|-0.574067|Centres commerciaux|2198|5|2|non
Magasin G-Star|44.841038|-0.575|Centres commerciaux|67|5|2|non
Magasin Galeries Lafayettes|44.836696|-0.573652|Centres commerciaux|2402|5|2|non
Magasin Gifi (Ex Tati)|44.834859|-0.574278|Centres commerciaux|473|5|2|non
Magasin Gliss Up|44.830786|-0.587268|Centres commerciaux|19|7|2|non
Magasin Hugo Boss|44.841911|-0.576055|Centres commerciaux|84|5|2|non
Magasin Intermarche Express|44.836086|-0.581024|Centres commerciaux|195|6|2|non
Magasin Kiloutou|44.88067|-0.570246|Centres commerciaux|80|2|2|non
Magasin Krys|44.842423|-0.622533|Centres commerciaux|36|9|2|non
Magasin L'Ile Bleue|44.84095|-0.576028|Centres commerciaux|0|5|2|non
Magasin La Halle Aux Chaussures|44.82193|-0.596205|Centres commerciaux|42|8|2|non
Magasin Leroy Merlin|44.88067|-0.570246|Centres commerciaux|3800|2|2|non
Magasin Lidl Furtado|44.825113|-0.56172|Centres commerciaux|533|3|2|non
Magasin Marche Plus|44.848581|-0.582924|Centres commerciaux|167|6|2|non
Magasin Neurone-Folies|44.833782|-0.57324|Centres commerciaux|97|5|2|non
Magasin Optic 2000|44.845803|-0.578775|Centres commerciaux|15|5|2|non
Magasin Palais Des Thes|44.841897|-0.578524|Centres commerciaux|46|5|2|non
Magasin Picard Surgelés|44.839139|-0.593799|Centres commerciaux|69|7|2|non
Magasin Pimkie|44.840611|-0.574236|Centres commerciaux|320|5|2|non
Magasin Pinault|44.872043|-0.56145|Centres commerciaux|106|1|2|non
Magasin Procomarche- Centre De Proprete|44.825689|-0.547908|Centres commerciaux|189|2|2|non
Magasin Salamander|44.841951|-0.577806|Centres commerciaux|26|5|2|non
Magasin Sci Hclc|44.840148|-0.571933|Centres commerciaux|0|4|2|non
Magasin Surgeles Picard|44.855014|-0.61352|Centres commerciaux|175|8|2|non
Magasin Tauzin Opticien|44.842138|-0.579562|Centres commerciaux|43|5|2|non
Magasin Volteo|44.874712|-0.555313|Centres commerciaux|46|3|2|non
Mairie De Quartier Bordeaux Sud|44.852606|-0.568586|Mairies / administrations|0|3|5|non
Maison D'Assistantes Maternelles La Maison Des Nounous|44.847985|-0.629699|Écoles / collèges / lycées|12|9|7|oui
Maison D'Assistantes Maternelles Pomme D'Api|44.836387|-0.569253|Écoles / collèges / lycées|8|4|7|non
Maison De Quartier|44.858404|-0.564938|Écoles / collèges / lycées|30|1|7|non
Maison De Retraite Du Sablonat :Bat Annexe|44.814512|-0.571972|Hôpitaux / cliniques|12|6|9|non
Maison Departementale De La Solidarite Et De L'Insertion Bordeaux Bastide|44.847776|-0.546003|Mairies / administrations|138|4|5|non
Maison Departementale De La Solidarite Provisoire|44.815153|-0.554818|Mairies / administrations|28|3|5|non
Maison Eco Citoyenne|44.838404|-0.567665|Salles de spectacle / conférences|190|3|4|non
Maison Internat Et Pole Universit Europeen|44.824708|-0.577243|Salles de spectacle / conférences|0|6|4|non
Maison Medicale|44.846495|-0.628776|Mairies / administrations|32|9|5|oui
Maison Merling|44.843772|-0.577352|Centres commerciaux|162|5|2|non
Maison Relais Ex Hotel Le Mauriac|44.818845|-0.571257|Hôtels / hébergements|50|5|3|non
Maisons Du Monde|44.88067|-0.570246|Centres commerciaux|935|2|2|non
"Mam ""O Merveilles"""|44.8413|-0.582884|Écoles / collèges / lycées|12|6|7|oui
Mam Les Petites Canailles|44.855781|-0.626172|Écoles / collèges / lycées|10|9|7|oui
Mam Mille Et Un Sourires|44.825867|-0.590309|Écoles / collèges / lycées|12|7|7|oui
Mam Nos Premiers Pas|44.857256|-0.584123|Écoles / collèges / lycées|8|6|7|oui
Mam Stram Gram|44.865495|-0.549739|Écoles / collèges / lycées|0|4|7|non
Mama Kombucha|44.840628|-0.595057|Centres commerciaux|30|7|2|non
Marché De La Poésie|44.856355|-0.568436|Salles de spectacle / conférences|1050|3|4|non
Marche De La Poesie Des 15 Et 16 Mars 2014|44.856355|-0.568436|Salles de spectacle / conférences|600|3|4|non
Marche Des Capucins Halle A Banc 16 Cd  C.Gazeau|44.830671|-0.567738|Centres commerciaux|0|4|2|non
Marche Des Capucins-Halle A-Banc 13 Abd|44.838714|-0.596208|Centres commerciaux|0|7|2|non
Marche Des Capucins-Halle A-Banc 17 Abd P.Gilbert|44.830671|-0.567738|Centres commerciaux|0|4|2|non
Marche Des Capucins-Halle A-Banc 18 Cd|44.830671|-0.567738|Centres commerciaux|0|4|2|non
Marche Des Capucins-Halle A-Banc 22|44.830671|-0.567738|Centres commerciaux|0|4|2|non
Marche Des Capucins-Halle A-Banc 24  M Mallo|44.830671|-0.567738|Centres commerciaux|0|4|2|non
Marche Des Capucins-Halle A-Banc 25 (2 Commerces)|44.830671|-0.567738|Centres commerciaux|0|4|2|non
Marche Des Capucins-Halle A-Banc 41 B|44.838714|-0.596208|Centres commerciaux|0|7|2|non
Marche Des Capucins-Halle A-Banc 43|44.830671|-0.567738|Centres commerciaux|0|4|2|non
Marche Des Capucins-Halle A-Banc 8 A|44.830671|-0.567738|Centres commerciaux|0|4|2|non
Marche Des Chartrons : Immeuble Associatif|44.851986|-0.57249|Mairies / administrations|19|4|5|non
Marche Des Douves|44.830626|-0.566205|Salles de spectacle / conférences|435|4|4|non
Maternelle Jean Cocteau|44.842544|-0.609474|Écoles / collèges / lycées|120|8|7|oui
Maternelle Paul Lapie|44.851471|-0.616078|Écoles / collèges / lycées|140|8|7|oui
Math Assistance|44.841951|-0.577806|Écoles / collèges / lycées|18|5|7|non
Matmut|44.856333|-0.617381|Mairies / administrations|19|8|5|oui
Max Wine Gallery|44.841923|-0.575883|Centres commerciaux|79|5|2|non
Maxxess (Magasin Yamaha)|44.8731|-0.562998|Centres commerciaux|169|1|2|non
Meeting N. Sarkozy Le 22 Novembre 2014|44.856355|-0.568436|Halls d'exposition|5619|3|0|non
Micro Creche|44.833395|-0.609125|Écoles / collèges / lycées|11|8|7|oui
Micro Creche|44.847908|-0.592628|Écoles / collèges / lycées|34|7|7|oui
Micro Creche Lucilann|44.864847|-0.628852|Écoles / collèges / lycées|9|9|7|oui
"Micro Crèche People & Baby ""Le Petit Théatre"""|44.842987|-0.572908|Écoles / collèges / lycées|14|4|7|non
Micro Creche Sci Django|44.859323|-0.630206|Écoles / collèges / lycées|0|9|7|oui
Micro-Creche Amusez-Vous Bien|44.829946|-0.584027|Écoles / collèges / lycées|10|6|7|oui
Micro-Creche Ub4 Kids Ouest|44.832232|-0.583551|Écoles / collèges / lycées|16|6|7|oui
Mob Hotel - Halle Soferti|44.840747|-0.569569|Hôtels / hébergements|885|4|3|non
Noel Des Comites D'Entreprise|44.872645|-0.571176|Salles de spectacle / conférences|6141|3|4|non
North Buy Southwest|44.856355|-0.568436|Halls d'exposition|5619|3|0|non
Nova Cambios|44.84209|-0.573899|Mairies / administrations|3|5|5|non
Nuit Des Fignos 25 Janvier 2014|44.856355|-0.568436|Halls d'exposition|5619|3|0|non
Odcash|44.835554|-0.573527|Centres commerciaux|15|5|2|non
Operation Port De La Lune|44.85259|-0.568146|Hôtels / hébergements|0|3|3|non
Opticien Krys|44.841576|-0.582565|Centres commerciaux|43|6|2|non
Ornano Immobilier|44.832673|-0.593987|Mairies / administrations|0|7|5|oui
Papeterie De Malherbe|44.844826|-0.578745|Centres commerciaux|0|5|2|non
Pari Mutuel Urbain|44.858842|-0.575004|Mairies / administrations|0|4|5|non
Patisserie Renaut|44.831567|-0.578098|Centres commerciaux|8|6|2|non
Pedicure-Podologue|44.824963|-0.561209|Mairies / administrations|0|3|5|non
Petges Et Dufranc|44.840265|-0.571987|Mairies / administrations|30|4|5|non
Pharmacie|44.859865|-0.579867|Centres commerciaux|17|5|2|non
Pitchoun' : Creche Cauderan - Bâtiment Chartreuse|44.850084|-0.605074|Écoles / collèges / lycées|30|8|7|oui
Pitchoun' : Creche Gambetta|44.84128|-0.581217|Écoles / collèges / lycées|42|6|7|oui
Pizza Saint Genès|44.821785|-0.582694|Centres commerciaux|0|7|2|non
Plenitude|44.849862|-0.575782|Mairies / administrations|0|5|5|non
Pole De Competences Urban Cap Ecole Iob|44.864943|-0.559972|Écoles / collèges / lycées|200|2|7|non
Pole De Gerontologie Le Petit Trianon|44.841226|-0.589571|Maisons de retraite / handicapés|296|7|8|non
Pole De Solidarite Et Cacis|44.860132|-0.574815|Mairies / administrations|157|4|5|non
Pole Sante Bordeaux Bastide|44.845426|-0.551033|Mairies / administrations|3|3|5|non
Pole Universitaire Europeen|44.824708|-0.577243|Salles de spectacle / conférences|130|6|4|non
Quai Des Saveurs|44.850031|-0.570868|Écoles / collèges / lycées|2|4|7|non
R.P.A. (Edilys) Ehpad Villa Des Chartrons|44.856256|-0.571133|Salles de spectacle / conférences|0|3|4|non
Rapid Couture|44.838392|-0.571936|Centres commerciaux|17|4|2|non
Résidence Etudiante|44.826362|-0.580483|Salles de spectacle / conférences|76|6|4|non
Residence Hoteliere Bassins A Flot Ilot P11|44.835091|-0.566165|Hôtels / hébergements|256|3|3|non
Residence Les Iles D'Or|44.857337|-0.620493|Salles de spectacle / conférences|90|9|4|non
Residences Les Symphoniales|44.842159|-0.588031|Salles de spectacle / conférences|180|6|4|non
Restaurant - Vente - Expositions|44.852631|-0.571696|Centres commerciaux|47|4|2|non
Sa Total France Relais De Ravezies|44.832994|-0.579987|Centres commerciaux|43|6|2|non
Salle Commune Hameau De Garonne|44.894578|-0.554037|Salles de spectacle / conférences|100|5|4|non
Salle De Danse|44.845765|-0.59382|Gymnases / sports couverts|0|7|6|oui
"Salle De Gym  "" O' Zone """|44.838574|-0.581172|Gymnases / sports couverts|108|6|6|oui
Salle De Reunions|44.833213|-0.562472|Salles de spectacle / conférences|20|3|4|non
"Salle De Sport ""F45"""|44.862132|-0.587876|Gymnases / sports couverts|38|6|6|oui
Salle De Sports All Form|44.830898|-0.569359|Gymnases / sports couverts|73|4|6|non
Salle Des Peupliers Claude Barbier|44.831769|-0.610832|Gymnases / sports couverts|999|8|6|oui
Salle Josephine|44.860746|-0.561143|Salles de spectacle / conférences|280|1|4|non
Salle Polyvalente Forum Association Des Paralyses De France|44.855372|-0.632758|Salles de spectacle / conférences|255|9|4|non
Salles De Reunions Hotel Alton - Restaurant L'Olicia|44.829552|-0.608417|Salles de spectacle / conférences|170|8|4|non
Salon Abc Kid'Z|44.849693|-0.570399|Halls d'exposition|0|4|0|non
Salon Animaliades|44.885435|-0.544425|Salles de spectacle / conférences|625|5|4|non
Salon Animasia|44.856355|-0.568436|Halls d'exposition|5619|3|0|non
Salon D'Enseignes Hydro Sud|44.872645|-0.571176|Salles de spectacle / conférences|6141|3|4|non
Salon D'Enseignes Hydro-Sud (15Ème Édition)|44.872645|-0.571176|Salles de spectacle / conférences|6141|3|4|non
Salon De L'Export Aquitaine Le 15 Novembre 2012|44.872645|-0.571176|Halls d'exposition|650|3|0|non
Salon De La Carrosserie Et De La Mobilité - Hangar 14|44.856355|-0.568436|Halls d'exposition|500|3|0|non
Salon De La Maison Neuve 21 Et 22 Septembre 2013|44.830254|-0.592429|Halls d'exposition|4000|7|0|non
Salon Defi Creation Entreprise|44.850031|-0.570868|Hôtels / hébergements|2500|4|3|non
Salon Expobiogaz|44.856355|-0.568436|Halls d'exposition|5619|3|0|non
Salon Joueclub 2 Et 3 Juin 2013|44.856355|-0.568436|Halls d'exposition|5619|3|0|non
Salon L'Officine|44.838418|-0.575737|Centres commerciaux|0|5|2|non
Salon Pro A Pro Distribution 27 Novembre 2013|44.856355|-0.568436|Halls d'exposition|5619|3|0|non
Salon Saco France|44.837857|-0.575136|Centres commerciaux|36|5|2|non
Salon Studyrama Du 5 Au 6 Décembre 2014|44.856355|-0.568436|Halls d'exposition|5619|3|0|non
Salon Studyrama Les 30 Novembre Et 1Er Decembre 2012|44.852746|-0.566354|Halls d'exposition|3166|2|0|non
Sarl C'Est Gave Bon|44.826815|-0.599085|Centres commerciaux|16|8|2|non
Sarl Kko|44.84201|-0.574714|Centres commerciaux|8|5|2|non
Sarl La Raffinerie|44.839095|-0.571|Centres commerciaux|9|4|2|non
Sarl Mara Matsai - Commerce|44.839781|-0.571967|Centres commerciaux|0|4|2|non
Sas Cabinet Delhomme|44.842325|-0.572749|Mairies / administrations|20|4|5|non
Savs Insercite|44.82771|-0.601874|Mairies / administrations|0|8|5|oui
Sci Ares-Etchenique|44.838363|-0.611496|Mairies / administrations|0|8|5|oui
Sci Fhem|44.851566|-0.61001|Mairies / administrations|0|8|5|oui
Sci Lex Urba 1|44.855008|-0.572699|Mairies / administrations|19|4|5|non
Sci Reau Esthetique|44.837413|-0.58503|Mairies / administrations|12|6|5|oui
Scm Bordeaux Kine|44.838353|-0.58052|Mairies / administrations|0|6|5|oui
Scm Cambron-Simon|44.8458|-0.580184|Mairies / administrations|0|5|5|non
Scm Mandron|44.858228|-0.587834|Mairies / administrations|0|6|5|oui
Scotch And Soda|44.841324|-0.577324|Centres commerciaux|199|5|2|non
Sculpt|44.83843|-0.57974|Centres commerciaux|13|6|2|non
Selas Anabio|44.846375|-0.631785|Mairies / administrations|12|9|5|oui
Serrurerie Bordelaise|44.857766|-0.567786|Centres commerciaux|23|2|2|non
Service De Readaptation|44.84412|-0.587844|Mairies / administrations|10|6|5|oui
Siege De La Societe Aquitanis|44.850788|-0.577654|Mairies / administrations|116|5|5|non
Siege Social Des Clairs Logis|44.832083|-0.611477|Mairies / administrations|81|8|5|oui
Site Temporaire (2Ans) Ehpad Cos Villa Pia|44.854577|-0.577887|Maisons de retraite / handicapés|79|5|8|non
Societe Cap Ulysse|44.832339|-0.594007|Mairies / administrations|15|7|5|oui
Sofinco Bordeaux|44.844155|-0.575694|Mairies / administrations|24|5|5|non
Soirée De Gala Esprit Etudiant - 5 Avril 2013|44.83489|-0.587663|Salles de spectacle / conférences|7212|7|4|non
Ste Marie Bastide Lycee Batiment J|44.8413|-0.582884|Écoles / collèges / lycées|30|6|7|oui
Studio De Danse|44.851227|-0.590093|Gymnases / sports couverts|0|6|6|oui
Sushishop|44.846343|-0.628841|Centres commerciaux|39|9|2|non
Tabac La Civette Le Havane|44.838565|-0.57648|Centres commerciaux|19|5|2|non
Tabac Presse Bayce|44.847148|-0.584149|Centres commerciaux|0|6|2|non
Tabac Presse Le Brazza|44.832812|-0.593466|Centres commerciaux|0|7|2|non
Tabacs Marly|44.854732|-0.634577|Centres commerciaux|0|9|2|non
Tour Erika|44.838515|-0.587207|Mairies / administrations|30|6|5|oui
Tresorerie De Bordeaux Nord|44.858085|-0.586204|Mairies / administrations|50|6|5|oui
Bordeaux International School Annexe|44.840353|-0.596508|Écoles / collèges / lycées|10|7|7|oui
Boulangerie Patisserie|44.846249|-0.588575|Centres commerciaux|4|6|2|non
Bourse De L'Immobilier Ornano|44.831139|-0.587248|Mairies / administrations|0|7|5|oui
Cabinet D'Orthodontie|44.840796|-0.589194|Mairies / administrations|0|7|5|oui
Cabinet D'Osteopathe|44.852222|-0.576027|Mairies / administrations|0|4|5|non
Cabinet D'Osteopathie Adeline Juliette|44.853602|-0.573587|Mairies / administrations|5|4|5|non
Cabinet De Cardiologie|44.83838|-0.594236|Mairies / administrations|5|7|5|oui
Cabinet De Kinesitherapie|44.842812|-0.579836|Mairies / administrations|12|5|5|non
Cabinet De Kinesitherapie|44.845719|-0.612391|Mairies / administrations|19|8|5|oui
Cabinet De Kinesitherapie|44.851207|-0.589011|Mairies / administrations|12|6|5|oui
Cabinet De Kinesitherapie|44.857837|-0.588395|Mairies / administrations|0|6|5|oui
Cabinet De Kinesitherapie Garrel|44.826966|-0.56998|Mairies / administrations|6|5|5|non
Cabinet De Masseurs Kinesitherapeute Fourcaud|44.843937|-0.579651|Mairies / administrations|4|5|5|non
Cabinet De Psychiatrie|44.840929|-0.572348|Mairies / administrations|11|4|5|non
Cabinet De Psychologue Marie Quentin-Peltan|44.842162|-0.572863|Mairies / administrations|2|4|5|non
Cabinet De Radiologie - Exalab|44.842423|-0.622533|Hôpitaux / cliniques|32|9|9|non
Cabinet De Sage Femmes|44.832336|-0.612844|Mairies / administrations|0|8|5|oui
Cabinet Dentaire|44.844886|-0.578365|Centres commerciaux|6|5|2|non
Cabinet Dentaire|44.854732|-0.634577|Mairies / administrations|8|9|5|oui
Cabinet Dentaire|44.852328|-0.573579|Mairies / administrations|0|4|5|non
Cabinet Dentaire Ohayon Farouz|44.8301|-0.572926|Mairies / administrations|9|5|5|non
Cabinet Dentaire Prigent / Cabinet D'Avocats|44.84332|-0.571741|Mairies / administrations|0|4|5|non
Cabinet Dentaire Salier Et Meillour|44.822024|-0.603824|Mairies / administrations|10|8|5|oui
Cabinet Infirmier|44.82452|-0.585885|Mairies / administrations|5|7|5|oui
Cabinet Medical|44.846901|-0.58272|Mairies / administrations|5|6|5|oui
Cabinet Médical|44.827525|-0.591985|Mairies / administrations|16|7|5|oui
Cabinet Medical|44.841767|-0.621256|Mairies / administrations|0|9|5|oui
Cabinet Medical|44.848113|-0.597046|Mairies / administrations|2|7|5|oui
Cabinet Medical|44.831293|-0.613609|Hôpitaux / cliniques|19|8|9|non
Cabinet Medical|44.827976|-0.587657|Mairies / administrations|0|7|5|oui
Cabinet Medical|44.82714|-0.594035|Mairies / administrations|8|7|5|oui
Cabinet Medical|44.849532|-0.584563|Mairies / administrations|6|6|5|oui
Cabinet Medical|44.85105|-0.577177|Mairies / administrations|0|5|5|non
Cabinet Medical|44.862132|-0.587876|Mairies / administrations|5|6|5|oui
Cabinet Medical|44.837391|-0.599186|Mairies / administrations|8|8|5|oui
Cabinet Medical Balestic|44.841612|-0.579791|Mairies / administrations|0|6|5|oui
Cabinet Medical Dacosta Noble|44.85178|-0.573596|Mairies / administrations|0|4|5|non
Cabinet Medical Docteur Bauby|44.820613|-0.567722|Mairies / administrations|19|5|5|non
Cabinet Medical Docteur Bonnin|44.841414|-0.578625|Hôpitaux / cliniques|8|5|9|non
Cabinet Médical Dr Decout Et Weill|44.850107|-0.591249|Mairies / administrations|10|7|5|oui
Cabinet Medical Dr Marvaud|44.825081|-0.586705|Mairies / administrations|0|7|5|oui
Cabinet Medical Dr Testud|44.8434|-0.575798|Mairies / administrations|0|5|5|non
Cabinet Medical Dr. Rocchesani|44.821679|-0.58237|Mairies / administrations|9|6|5|oui
Cabinet Medical Frederique Walch|44.844724|-0.578398|Mairies / administrations|10|5|5|non
Cabinet Medical Martin|44.852935|-0.620978|Mairies / administrations|0|9|5|oui
Cabinet Medical Ostermann|44.833165|-0.589139|Mairies / administrations|0|7|5|oui
Cabinet Medical Sci Cammas|44.846522|-0.5764|Mairies / administrations|12|5|5|non
Cabinet Medical Sci De Fleurus|44.841799|-0.584538|Mairies / administrations|0|6|5|oui
Cabinet Orthophoniste|44.843698|-0.573872|Mairies / administrations|6|4|5|non
Cabinets  Medicaux|44.830529|-0.579818|Mairies / administrations|8|6|5|oui
Cabinets Medicaux|44.831158|-0.574403|Mairies / administrations|19|5|5|non
Cabinets Medicaux|44.833835|-0.608858|Hôpitaux / cliniques|8|8|9|non
Cabinets Medicaux Et Logement|44.830406|-0.580119|Mairies / administrations|16|6|5|oui
Cabinets Medicaux Sci Opera Chartrons|44.849896|-0.572883|Mairies / administrations|19|4|5|non
Caisse D'Epargne Bordeaux Fondaudege|44.845994|-0.579042|Mairies / administrations|12|5|5|non
Caisse D'Epargne De La Victoire|44.852606|-0.568586|Mairies / administrations|23|3|5|non
Carnauba|44.842571|-0.582828|Mairies / administrations|2|6|5|oui
Carre Blanc|44.841492|-0.57613|Centres commerciaux|0|5|2|non
Carrefour City|44.852758|-0.568607|Centres commerciaux|65|3|2|non
Carrefour Emploi Bordeaux Metropole|44.856355|-0.568436|Halls d'exposition|5619|3|0|non
Carrefour Express|44.82768|-0.585662|Centres commerciaux|49|7|2|non
Cave À Spiritueux Et Bières|44.840235|-0.571053|Centres commerciaux|16|4|2|non
Cc Auchan Lac : Boutique Rituals|44.860468|-0.609936|Centres commerciaux|16|8|2|non
Cc Les Passages Cmk : Dossier General|44.839965|-0.583197|Centres commerciaux|3303|6|2|non
Cc Les Passages Cmk : Magasin Darty Lot N°1|44.841134|-0.583628|Centres commerciaux|978|6|2|non
Cc Les Passages Cmk : Magasin The Phone House Lot N°14|44.841134|-0.583628|Centres commerciaux|12|6|2|non
Cc Les Passages Cmk: Boutique Desigual Lot N° 6|44.841134|-0.583628|Centres commerciaux|45|6|2|non
Cellier Des Chartrons : Salle De Reception|44.854529|-0.569477|Salles de spectacle / conférences|271|3|4|non
Central Fun Time De Bordeaux|44.87072|-0.564611|Gymnases / sports couverts|0|1|6|non
Centre Commercial Counord: Librairie Mag Presse|44.856795|-0.573887|Centres commerciaux|7|4|2|non
Centre Commercial De Produits Asiatiques Eurasie-Panya Thip|44.876087|-0.557801|Centres commerciaux|1023|2|2|non
Centre Commercial Europe Du Gd Parc : Ilot D|44.862132|-0.587876|Centres commerciaux|0|6|2|non
Centre Commercial Europe Du Grand Parc : Ilot A|44.880207|-0.550137|Centres commerciaux|0|4|2|non
Centre D'Accueil Universel|44.830087|-0.571151|Salles de spectacle / conférences|104|5|4|non
Centre D'Animation Du Quartier Saint Michel|44.832605|-0.568301|Salles de spectacle / conférences|170|4|4|non
Centre D'Animation Saint Pierre : Batiments B Et C|44.839587|-0.572861|Salles de spectacle / conférences|252|4|4|non
Centre De Distribution Edf|44.860132|-0.574815|Mairies / administrations|20|4|5|non
Centre De Formation Artistique|44.845429|-0.581925|Écoles / collèges / lycées|10|6|7|oui
Centre De Gestion De La Fonction Publique Territotriale|44.854666|-0.583971|Écoles / collèges / lycées|168|6|7|oui
Centre De Reeducation|44.857061|-0.574811|Hôpitaux / cliniques|99|4|9|non
Centre Departemental De L'Enfance Et De La Famille|44.842252|-0.58574|Écoles / collèges / lycées|0|6|7|oui
Centre Hoops Factory|44.878713|-0.558068|Gymnases / sports couverts|145|2|6|non
Centre Medical Marly|44.855897|-0.634068|Hôpitaux / cliniques|88|9|9|non
Centre Municipal St Augustin|44.832539|-0.610451|Salles de spectacle / conférences|777|8|4|non
Ceres Gestion|44.84184|-0.575425|Mairies / administrations|0|5|5|non
Ch.Ch.Perrens : Batiment 13 - Amphitheatre|44.823625|-0.600266|Écoles / collèges / lycées|125|8|7|oui
Ch.Ch.Perrens : Batiment 20 - Administration|44.823625|-0.600266|Hôpitaux / cliniques|10|8|9|non
Ch.Ch.Perrens : Batiment 44|44.823625|-0.600266|Hôpitaux / cliniques|38|8|9|non
Ch.Ch.Perrens La Cerisaie|44.851361|-0.589415|Hôpitaux / cliniques|18|6|9|non
Chambre Regionale Du Commerce Et D'Industrie|44.864816|-0.574244|Salles de spectacle / conférences|237|4|4|non
Championnat D'Academie D'Echecs Le 8 Mars 2015|44.858814|-0.58448|Gymnases / sports couverts|302|6|6|oui
Chaussures Heyraud|44.887418|-0.558335|Centres commerciaux|88|3|2|non
Chocolats Bouchon|44.832525|-0.611775|Centres commerciaux|8|8|2|non
Hotel Du Pavillon|44.834557|-0.573731|Hôtels / hébergements|20|5|3|non
Hotel Ibis Styles Bordeaux Gare Saint Jean|44.828086|-0.55674|Hôtels / hébergements|353|2|3|non
Hotel Melt Amédée|44.83384|-0.567884|Hôtels / hébergements|755|4|3|non
Le Petit Vapoteur Store Magasin De Bordeaux|44.837439|-0.573715|Centres commerciaux|9|5|2|non
Leader Price Express|44.830121|-0.580719|Centres commerciaux|115|6|2|non
Les Coiffeurs De La Victoire|44.829882|-0.573324|Centres commerciaux|6|5|2|non
Les Jardins Des Quais : H 15 Dos Gen|44.853383|-0.587876|Centres commerciaux|592|6|2|non
Les Jardins Des Quais : H 18 Dos Gen|44.8604|-0.555823|Centres commerciaux|847|3|2|non
Local Commercial : Salon De Coifure Yan|44.849477|-0.570513|Centres commerciaux|19|4|2|non
Local Commercial Agnes B|44.842311|-0.577376|Centres commerciaux|177|5|2|non
Local Commercial Incité|44.83801|-0.572651|Centres commerciaux|43|4|2|non
Local Professionnel Medical Gaspard Philippe Lot B|44.833357|-0.566371|Mairies / administrations|0|4|5|non
Locaux Aspom|44.817673|-0.56427|Gymnases / sports couverts|80|5|6|non
Locaux Associatifs Et Sportifs|44.858814|-0.58448|Gymnases / sports couverts|199|6|6|oui
Locaux Commerciaux|44.853685|-0.571033|Centres commerciaux|0|3|2|non
Locaux Commerciaux - Gironde Habitat - Commerce B|44.822709|-0.552729|Centres commerciaux|49|1|2|non
Locaux Commerciaux Bassins A Flots Ilot B3 Lot 4 : Dos Gal|44.866934|-0.549418|Centres commerciaux|0|4|2|non
Locaux Edf|44.832978|-0.589393|Mairies / administrations|50|7|5|oui
Maison De L'Architecture|44.850303|-0.543869|Salles de spectacle / conférences|169|5|4|non
Maison Des Chirurgiens Dentistes|44.842461|-0.600175|Mairies / administrations|20|8|5|oui
Maison Des Etudiantes|44.833221|-0.582648|Hôtels / hébergements|80|6|3|non
Maison Des Jeunes Et Salle De Quartier|44.831769|-0.610832|Gymnases / sports couverts|180|8|6|oui
"Mam ""La Petite Maison"""|44.851856|-0.578575|Écoles / collèges / lycées|12|5|7|non
"Mam ""Les Voiles Du Lac"""|44.883144|-0.571366|Écoles / collèges / lycées|0|3|7|non
Manifestation Boxe Muay Thai 14 Et 15 Juin 2014|44.840824|-0.551675|Gymnases / sports couverts|300|3|6|non
Manifestation Des Jsa À L'Espace Sportif Maitre Jean|44.828496|-0.612598|Gymnases / sports couverts|207|8|6|oui
Marche Des Capucins-Halle A-Banc 11 Ab|44.838714|-0.596208|Centres commerciaux|0|7|2|non
Marche Des Capucins-Halle A-Banc 16 Ab Jl Gazeau|44.830671|-0.567738|Centres commerciaux|0|4|2|non
Montalier - Foyers Des Gants|44.831156|-0.581027|Maisons de retraite / handicapés|11|6|8|non
Moogly Mam|44.868255|-0.555114|Écoles / collèges / lycées|8|3|7|non
Motrio - Garage De Guyenne|44.820671|-0.576853|Centres commerciaux|0|6|2|non
Msa De La Gironde : Batiment Administratif|44.848071|-0.573741|Mairies / administrations|20|4|5|non
Musik Institute Bazar|44.850884|-0.607889|Salles de spectacle / conférences|0|8|4|non
New Look|44.840524|-0.574779|Centres commerciaux|243|5|2|non
Noel Inter C.E. 14-15-16/12/2012|44.843016|-0.590765|Salles de spectacle / conférences|1501|7|4|non
Optique D'Albret|44.835671|-0.580885|Centres commerciaux|0|6|2|non
Osteopathe Torreli  Annita|44.845366|-0.576425|Mairies / administrations|7|5|5|non
Parfumerie De L'Opera|44.843086|-0.575353|Centres commerciaux|0|5|2|non
Parties Communes De L'Immeuble|44.846716|-0.576283|Mairies / administrations|24|5|5|non
Patisserie -Chocolaterie|44.825463|-0.588748|Centres commerciaux|10|7|2|non
Patisserie Gaston|44.839297|-0.581425|Centres commerciaux|12|6|2|non
Performance Kloudbox|44.83558|-0.575075|Salles de spectacle / conférences|200|5|4|non
Cabinet D'Expertise Ducasse|44.845854|-0.576066|Mairies / administrations|0|5|5|non
Cabinet D'Infirmiers|44.834747|-0.578008|Mairies / administrations|6|5|5|non
Cabinet D'Osteopathe Adeline|44.853602|-0.573587|Mairies / administrations|0|4|5|non
Cabinet D'Ostéopathie|44.845913|-0.579204|Mairies / administrations|3|5|5|non
Cabinet De Cardiologie Dr. Marthan|44.8492|-0.573436|Mairies / administrations|6|4|5|non
Cabinet De Consultations Dermatologiques Et Venerologiques|44.833937|-0.574438|Mairies / administrations|0|5|5|non
Cabinet Dentaire|44.851963|-0.629902|Mairies / administrations|10|9|5|oui
Cabinet Dentaire Coat|44.846143|-0.576629|Mairies / administrations|4|5|5|non
Cabinet Dentaire Fabre|44.840591|-0.595589|Mairies / administrations|1|7|5|oui
Cabinet Dentaire Ferroloni|44.849315|-0.594443|Mairies / administrations|0|7|5|oui
Cabinet Des Kinesitherapeutes Du Centre|44.840995|-0.580036|Mairies / administrations|16|6|5|oui
Cabinet Dr Palis|44.832109|-0.598737|Mairies / administrations|0|8|5|oui
Cabinet Infirmier|44.844664|-0.585956|Mairies / administrations|1|6|5|oui
Cabinet Kinesithrerapie Et Balneotherapie|44.837531|-0.573435|Mairies / administrations|0|5|5|non
Cabinet Manoutcheri|44.844132|-0.576819|Mairies / administrations|0|5|5|non
Cabinet Medical|44.847413|-0.576298|Mairies / administrations|0|5|5|non
Cabinet Medical|44.848438|-0.587338|Mairies / administrations|7|6|5|oui
Cabinet Medical|44.832028|-0.596209|Mairies / administrations|8|7|5|oui
Cabinet Medical|44.849255|-0.594808|Mairies / administrations|0|7|5|oui
Cabinet Medical|44.832322|-0.610047|Mairies / administrations|0|8|5|oui
Cabinet Médical|44.825762|-0.589686|Mairies / administrations|0|7|5|oui
Cabinet Medical|44.824242|-0.553651|Mairies / administrations|0|1|5|non
Cabinet Medical|44.852758|-0.568607|Mairies / administrations|15|3|5|non
Cabinet Medical|44.840403|-0.595871|Mairies / administrations|0|7|5|oui
Cabinet Medical|44.85228|-0.616196|Mairies / administrations|0|8|5|oui
Cabinet Medical|44.832939|-0.59307|Mairies / administrations|19|7|5|oui
Cabinet Medical|44.851471|-0.586236|Mairies / administrations|0|6|5|oui
Cabinet Médical|44.852264|-0.611145|Mairies / administrations|13|8|5|oui
Cabinet Medical Desmonty|44.836302|-0.599145|Mairies / administrations|0|8|5|oui
Cabinet Medical Dr. Beranger|44.851256|-0.609047|Mairies / administrations|15|8|5|oui
Cabinet Medical Dr. Goumard|44.830641|-0.60458|Mairies / administrations|0|8|5|oui
Cabinet Medical Dr. Pierrou-Jourdan|44.836633|-0.60563|Mairies / administrations|0|8|5|oui
Cabinet Medical Echoppe H91|44.831277|-0.610082|Mairies / administrations|11|8|5|oui
Cabinet Medical Hocke|44.832493|-0.61125|Mairies / administrations|0|8|5|oui
Cabinet Medical Monzon|44.854005|-0.579264|Mairies / administrations|0|5|5|non
Cabinet Medical(Nouveau Numero 5+20-00243-000)|44.843715|-0.628607|Hôpitaux / cliniques|-20|9|9|non
Cabinet Ophtalmologique|44.836301|-0.581942|Mairies / administrations|0|6|5|oui
Cabinet Rollin|44.854729|-0.574367|Mairies / administrations|10|4|5|non
Cabinets Medicaux|44.861449|-0.564354|Mairies / administrations|7|1|5|non
Ch.Ch.Perrens La Cerisaie|44.851361|-0.589415|Hôpitaux / cliniques|18|6|9|non
Ch.Ch.Perrens Pc Poulmarc'H|44.823625|-0.600266|Mairies / administrations|10|8|5|oui
Chambre D'Agriculture De La Gironde|44.849053|-0.57179|Mairies / administrations|173|4|5|non
Chapelle Du C.R.O.U.S.|44.851257|-0.577109|Salles de spectacle / conférences|195|5|4|non
Chapiteau Foire Aux Vins Du 27 Aout Au 1Er Octobre 2014|44.843007|-0.605567|Centres commerciaux|266|8|2|non
Chateau Gardere Ex Lycee Francois Magendie Provisoire|44.826741|-0.581648|Écoles / collèges / lycées|0|6|7|oui
Delouis Lafourcade Associes|44.849819|-0.574812|Mairies / administrations|0|4|5|non
Delta Bordeaux|44.837615|-0.572287|Centres commerciaux|0|4|2|non
Depot Emmaus - Caserne Niel - Darwin|44.849663|-0.561249|Centres commerciaux|155|1|2|non
Direction Departementale De L'Equipement|44.894578|-0.554037|Mairies / administrations|0|5|5|non
Direction Regionale De L'Equipement|44.843401|-0.590005|Mairies / administrations|20|7|5|oui
Du Pareil Au Même|44.852807|-0.580379|Centres commerciaux|46|5|2|non
Ecole Bernom|44.844005|-0.596686|Écoles / collèges / lycées|461|7|7|oui
Ecole Bilingue|44.837209|-0.567264|Écoles / collèges / lycées|85|3|7|non
Ecole Cinemagis|44.8413|-0.582884|Écoles / collèges / lycées|90|6|7|oui
Ecole De Conde Creasud|44.848412|-0.616561|Écoles / collèges / lycées|269|8|7|oui
Ecole De Danse|44.852994|-0.574178|Gymnases / sports couverts|20|4|6|non
Ecole De Danse|44.853109|-0.614602|Gymnases / sports couverts|40|8|6|oui
École Du Bon Pasteur : Restaurant Scolaire|44.842709|-0.608667|Écoles / collèges / lycées|84|8|7|oui
Ecole Et College Du Matin|44.828126|-0.572478|Écoles / collèges / lycées|433|5|7|non
Ecole Montessori|44.854729|-0.574367|Écoles / collèges / lycées|20|4|7|non
Ecole Privee Commerce Et Comptabilité|44.847734|-0.574126|Écoles / collèges / lycées|0|4|7|non
Ecole Saint Gabriel: Creche Mille Couleurs|44.846401|-0.589651|Écoles / collèges / lycées|46|6|7|oui
Ecole St Louis-Ste Therese-Bat Annexe -Ecole Maternelle|44.852435|-0.574529|Écoles / collèges / lycées|81|4|7|non
Ecopoint|44.833624|-0.602058|Mairies / administrations|19|8|5|oui
Ei Afonso Cosiono|44.847826|-0.581606|Centres commerciaux|10|6|2|non
Elementaire Du Vieux Bordeaux - Bâtiment 2|44.841784|-0.57131|Écoles / collèges / lycées|65|4|7|non
Elementaire Loucheur|44.822309|-0.59995|Écoles / collèges / lycées|170|8|7|oui
"Ensemble Immobilier ""La Crosse"" Ilot 4 : Cabinets Medicaux"|44.831975|-0.60253|Mairies / administrations|9|8|5|oui
Ensemble Immobilier Sarl Safran|44.843715|-0.628607|Centres commerciaux|0|9|2|non
Entrepot Emmaus|44.847486|-0.573929|Centres commerciaux|173|4|2|non
Escale Du Livre A La Chapelle Du C.R.O.U.S.|44.851257|-0.577109|Salles de spectacle / conférences|195|5|4|non
Esmod Bordeaux (Ex Centre De Formation Promotive)|44.861817|-0.559927|Écoles / collèges / lycées|98|1|7|non
Espace Claviers|44.835761|-0.568214|Centres commerciaux|0|4|2|non
Espace Habitat|44.850518|-0.614103|Mairies / administrations|0|8|5|oui
Esprit Cycles|44.839477|-0.581525|Centres commerciaux|17|6|2|non
Exposition Libertad|44.857119|-0.568467|Bibliothèques / médiathèques|642|3|1|non
Fauchon|44.842365|-0.57474|Centres commerciaux|101|5|2|non
Federation Compagnonnique:Bat A Et B|44.824255|-0.564566|Salles de spectacle / conférences|91|4|4|non
Federation Compagnonnique:Bat E|44.824255|-0.564566|Salles de spectacle / conférences|104|4|4|non
Formations D'Aki10|44.838067|-0.588191|Écoles / collèges / lycées|80|6|7|oui
Forum Jeunes Recrutement 28 Mars 2013 Hangar 14|44.856355|-0.568436|Halls d'exposition|5619|3|0|non
Fpf Avocats|44.838335|-0.576973|Mairies / administrations|0|5|5|non
France Loisirs|44.837543|-0.573265|Centres commerciaux|17|5|2|non
Fromagerie|44.843403|-0.576988|Centres commerciaux|19|5|2|non
Garage Rey Robert|44.832766|-0.606519|Centres commerciaux|0|8|2|non
Ghs Caisse Epargne Sainte Catherine|44.832669|-0.573058|Mairies / administrations|0|5|5|non
Ginko Ilot C2.2 Etablissements De 5Ème Catégorie|44.878852|-0.570495|Centres commerciaux|0|3|2|non
Ginko: Zac De La Berge Du Lac Local Commercial L-A.1|44.838677|-0.576652|Centres commerciaux|65|5|2|non
Goethe Institut|44.846287|-0.576404|Écoles / collèges / lycées|50|5|7|non
Golf Club D Ornano|44.831187|-0.585726|Gymnases / sports couverts|10|6|6|oui
Grand Lebrun : Batiment B - Grand College|44.850371|-0.605994|Écoles / collèges / lycées|650|8|7|oui
Grand Lebrun : Batiments E/F - Lycee Chaminade Et De Batz|44.850371|-0.605994|Écoles / collèges / lycées|675|8|7|oui
Groupe Scolaire Albert Thomas Dos General|44.828747|-0.597202|Écoles / collèges / lycées|450|8|7|oui
Groupe Scolaire Saint Genes:Halle De Sports Couverte|44.824956|-0.581336|Gymnases / sports couverts|200|6|6|oui
Groupe Scolaire Simone Veil|44.838945|-0.571267|Écoles / collèges / lycées|364|4|7|non
Groupe Scolaire Somme:Elementaire Somme|44.822602|-0.572586|Écoles / collèges / lycées|357|5|7|non
Groupe Scolaire Somme:Maternelle Paul Antin|44.818691|-0.571608|Écoles / collèges / lycées|225|5|7|non
Groupe Scolaire St Maur Montgolfier|44.851441|-0.577663|Écoles / collèges / lycées|843|5|7|non
Groupe Scolaire Tivoli-Riviere|44.857161|-0.590743|Écoles / collèges / lycées|302|6|7|oui
Groupe Scolaire Vaclav Havel|44.880464|-0.570705|Écoles / collèges / lycées|434|2|7|non
Gymnase Berges Du Lac -Ginko|44.838752|-0.581577|Gymnases / sports couverts|679|6|6|oui
Gymnase Du Pr Robert Geneste|44.821274|-0.550768|Gymnases / sports couverts|544|1|6|non
Gymnase Promis|44.839846|-0.553339|Gymnases / sports couverts|356|2|6|non
Hall D'Exposition|44.860888|-0.587832|Halls d'exposition|62|6|0|non
Hall D'Expositions|44.844052|-0.590529|Halls d'exposition|9|7|0|non
Halte Répit Détente Alzheimer  De La Croix Rouge Hrda|44.826669|-0.592071|Mairies / administrations|10|7|5|oui
Harlem Globetrotters Le 16 Mars 2018|44.835782|-0.572509|Gymnases / sports couverts|2609|5|6|non
Herbeo|44.836981|-0.573176|Centres commerciaux|25|5|2|non
Hk Conseil|44.854998|-0.574264|Mairies / administrations|0|4|5|non
Home & Cook|44.858458|-0.562943|Centres commerciaux|168|1|2|non
Horlogerie Et Boutique Chez Mona|44.837817|-0.575719|Centres commerciaux|8|5|2|non
Hotel Baby|44.835259|-0.578061|Hôtels / hébergements|0|5|3|non
Hotel Churchill Ex Dauphin|44.844492|-0.581646|Hôtels / hébergements|0|6|3|non
Hotel Confort|44.829699|-0.574006|Hôtels / hébergements|20|5|3|non
Hotel De L'Opera|44.843058|-0.573846|Hôtels / hébergements|48|5|3|non
Hotel De La Mairie|44.836084|-0.577869|Hôtels / hébergements|0|5|3|non
Hotel De Seze|44.844626|-0.576234|Hôtels / hébergements|204|5|3|non
Hotel De Tourny|44.844668|-0.579189|Hôtels / hébergements|26|5|3|non
Hotel Des Ventes Thiers|44.849225|-0.545499|Centres commerciaux|391|4|2|non
Hotel Marius|44.840813|-0.577659|Hôtels / hébergements|20|5|3|non
Hotel Massilia 2  Ex Le Chanterel|44.840438|-0.553342|Hôtels / hébergements|43|2|3|non
Hotel Mercure|44.829502|-0.559036|Hôtels / hébergements|530|2|3|non
Hotel Mercure Chateau Chartrons|44.858964|-0.569444|Hôtels / hébergements|1324|3|3|non
Hotel Notre Dame|44.850532|-0.571978|Hôtels / hébergements|46|4|3|non
Hotel Postal|44.841048|-0.583484|Hôtels / hébergements|20|6|3|non
Hotel Pullman|44.872645|-0.571176|Hôtels / hébergements|2269|3|3|non
Hotel Saint-Marc|44.834431|-0.58047|Salles de spectacle / conférences|168|6|4|non
Hotel Sainte Eulalie|44.834493|-0.57543|Hôtels / hébergements|20|5|3|non
Hotel Studio|44.844603|-0.579598|Hôtels / hébergements|6|5|3|non
Hyper Oxide|44.864129|-0.558383|Gymnases / sports couverts|650|2|6|non
I.A.E. De Bx :Centre Franco-Iberique|44.84884|-0.599865|Écoles / collèges / lycées|70|7|7|oui
I.T.E.P Les Clarines : Bâtiment 92|44.818925|-0.578976|Écoles / collèges / lycées|63|6|7|oui
I.T.E.P Les Clarines : Bâtiment Les Vignerons|44.819144|-0.578242|Écoles / collèges / lycées|20|6|7|oui
I.T.E.P. Liard Le Porz Bâtiment Evolution 2|44.822002|-0.582619|Écoles / collèges / lycées|10|6|7|oui
Ifp Bordeaux|44.849438|-0.575047|Écoles / collèges / lycées|35|4|7|non
Ilot Lucien Faure C5 - Lf1 Commerce 5|44.835154|-0.567124|Centres commerciaux|411|4|2|non
Ilot Lucien Faure C5 - Lf3 Mam (Ex Local Ccas)|44.864943|-0.559972|Écoles / collèges / lycées|175|2|7|non
Ilot P2 Usine Lesieur : Batiment C3 - Commerce 3|44.86203|-0.554897|Centres commerciaux|176|3|2|non
Immeuble|44.840938|-0.579672|Centres commerciaux|42|6|2|non
Immeuble 61 Quai De Paludate : Local Commercial 2|44.852688|-0.568053|Centres commerciaux|111|3|2|non
Immeuble Association Departementale Informati|44.832083|-0.611477|Mairies / administrations|15|8|5|oui
Immeuble Bd Jj Bosc|44.842993|-0.575807|Centres commerciaux|0|5|2|non
Immeuble Borie Manoux|44.8604|-0.555823|Mairies / administrations|0|3|5|non
Immeuble Chateau : Pharmacie St Remi|44.852734|-0.619799|Centres commerciaux|18|9|2|non
Immeuble De Bureaux|44.841171|-0.581879|Mairies / administrations|20|6|5|oui
Immeuble De Bureaux|44.846648|-0.575509|Mairies / administrations|19|5|5|non
Immeuble De Bureaux - Bassns A Flot G7 - Ilot P8A|44.864943|-0.559972|Mairies / administrations|53|2|5|non
Immeuble De La Cjp : Centre Formation Prof Bancaire|44.82981|-0.556214|Écoles / collèges / lycées|145|1|7|non
Immeuble De La Cjp : Ecole Monceau Citea|44.82981|-0.556214|Écoles / collèges / lycées|103|1|7|non
Immeuble Le Clos De La Chartreuse : Commerce 1|44.832627|-0.596803|Centres commerciaux|84|7|2|non
Immeuble Le Concorde:Magasin Carrefour City ( Ex Marche Plus)|44.857775|-0.560064|Centres commerciaux|153|1|2|non
Immeuble Nexity|44.84096|-0.575919|Mairies / administrations|0|5|5|non
Immeuble Sci Servo|44.851599|-0.550181|Écoles / collèges / lycées|50|3|7|non
Immeuble Toulouse Lautrec|44.840071|-0.581975|Centres commerciaux|0|6|2|non
Immeubles La Marjolaine : Commerce 3|44.858372|-0.574765|Centres commerciaux|88|4|2|non
Inseec Sup De Pub - Hangar 18 Sud|44.869044|-0.548023|Écoles / collèges / lycées|451|4|7|non
"Institut ""Autrement Soi"""|44.843324|-0.586165|Centres commerciaux|4|6|2|non
Institut De Beaute Axe 2|44.847293|-0.625565|Centres commerciaux|0|9|2|non
Institut De Formation D'Aides Soignants|44.828314|-0.581861|Écoles / collèges / lycées|90|6|7|oui
Institut Pallas|44.842713|-0.581044|Écoles / collèges / lycées|129|6|7|oui
Institut Simone Mahler|44.842059|-0.574203|Mairies / administrations|0|5|5|non
Institut Technologique Fcba (Forêt Cellulose Construction Bois Ameublement) Dos General|44.867852|-0.575619|Salles de spectacle / conférences|290|4|4|non
Institut Technologique Fcba Batiment S|44.867852|-0.575619|Salles de spectacle / conférences|224|4|4|non
Institution Ste Monique: Bat Maternelle|44.834822|-0.608211|Écoles / collèges / lycées|243|8|7|oui
Interaction Gironde|44.865235|-0.575879|Mairies / administrations|0|4|5|non
Iris Et Octave|44.844955|-0.578309|Centres commerciaux|45|5|2|non
Isefac Bachelor Ex Iseg Annexe|44.832062|-0.57204|Écoles / collèges / lycées|150|5|7|non
Jca Faure - Jean Claude Aubry|44.84121|-0.573847|Centres commerciaux|0|5|2|non
Journee Bordelaise De Dermo-Pediatrie|44.850031|-0.570868|Halls d'exposition|2500|4|0|non
Journéees Pratiques Respiration Sommeil|44.872645|-0.571176|Salles de spectacle / conférences|6141|3|4|non
L'Assiette Musicale|44.836005|-0.569669|Salles de spectacle / conférences|31|4|4|non
L.T.P.Ste Famille Saintonge:Bat Marronniers|44.831013|-0.580935|Écoles / collèges / lycées|149|6|7|oui
La Bouquinerie Plus.Com|44.832976|-0.572982|Centres commerciaux|18|5|2|non
La Chausseria|44.841336|-0.580004|Centres commerciaux|19|6|2|non
La Chocolaterie De Bordeaux|44.845473|-0.594268|Centres commerciaux|19|7|2|non
La Maison Bleue|44.837121|-0.568115|Écoles / collèges / lycées|35|4|7|non
La Maison De Prune|44.840588|-0.576012|Centres commerciaux|20|5|2|non
La Maison Du Tui Na|44.842494|-0.572351|Hôpitaux / cliniques|16|4|9|non
La Majestueuse|44.838619|-0.579103|Centres commerciaux|0|5|2|non
La Porte De Bordeaux Bat C2 B|44.833715|-0.593571|Mairies / administrations|180|7|5|oui
La Porte De Bordeaux Batiment C3-C4 : Commerce 1|44.833715|-0.593571|Centres commerciaux|11|7|2|non
La Porte De Bordeaux Batiment C3-C4:Dossier General|44.833715|-0.593571|Centres commerciaux|69|7|2|non
Laboratoire D'Anlyses Medicales Synlab|44.853846|-0.572423|Mairies / administrations|14|4|5|non
Laboratoire D'Hématologie Médico Légale|44.840126|-0.601494|Mairies / administrations|8|8|5|oui
Launay Groupe Bordeaux|44.862132|-0.587876|Mairies / administrations|19|6|5|oui
Laverie Automatique Gasc 33|44.855009|-0.572553|Centres commerciaux|6|4|2|non
Le Credit Lyonnais Cauderan|44.858289|-0.626155|Mairies / administrations|14|9|5|oui
Le Fournil De La Fac|44.832577|-0.573042|Centres commerciaux|6|5|2|non
Le Jardin Des Fleurs (Republique)|44.842687|-0.628185|Centres commerciaux|19|9|2|non
Le Performance (Espace Choregraphique Revolution)|44.85224|-0.569472|Écoles / collèges / lycées|121|3|7|non
Le Phare De Bordeaux  Batiment Annexe|44.828567|-0.601872|Maisons de retraite / handicapés|11|8|8|non
Magasin Beauty Shop|44.844086|-0.576754|Centres commerciaux|69|5|2|non
Magasin Bordeaux Emballages Loisirs|44.838845|-0.596188|Centres commerciaux|500|7|2|non
Magasin Brico Menage|44.836507|-0.601436|Centres commerciaux|0|8|2|non
Magasin Cortefiel Ex Milano|44.842044|-0.576578|Centres commerciaux|190|5|2|non
Magasin Cotelac|44.842533|-0.578231|Centres commerciaux|19|5|2|non
Magasin De Vente Pret A Porter|44.843131|-0.579576|Centres commerciaux|8|5|2|non
Magasin Discount Center|44.833674|-0.573098|Centres commerciaux|175|5|2|non
Magasin Fantastik|44.838493|-0.574273|Centres commerciaux|132|5|2|non
Magasin Galeries Lafayette Hommes|44.840998|-0.575462|Centres commerciaux|1092|5|2|non
Magasin Gant|44.842011|-0.577013|Centres commerciaux|94|5|2|non
Magasin Hackett|44.841466|-0.578109|Centres commerciaux|30|5|2|non
Magasin Heat|44.83546|-0.573389|Centres commerciaux|130|5|2|non
Magasin Ikks|44.841885|-0.576412|Centres commerciaux|131|5|2|non
Magasin Isabel Marant (Ex Commerce De Mercerie)|44.841325|-0.575944|Centres commerciaux|0|5|2|non
Magasin Izac|44.841038|-0.575|Centres commerciaux|148|5|2|non
Magasin Jean Vier|44.843235|-0.578888|Centres commerciaux|15|5|2|non
Magasin L'Intendant|44.842793|-0.574944|Centres commerciaux|35|5|2|non
Magasin La Halle|44.88067|-0.570246|Centres commerciaux|652|2|2|non
Magasin Le Grand Panier Bio Bordeaux Pas Cher ( Ex Occases )|44.859508|-0.565322|Centres commerciaux|436|2|2|non
Magasin Lee Cooper|44.838353|-0.571837|Centres commerciaux|10|4|2|non
Magasin Lidl|44.85912|-0.629963|Centres commerciaux|477|9|2|non
Magasin Maman Bio|44.847492|-0.576249|Centres commerciaux|9|5|2|non
Magasin Mieux|44.836036|-0.57147|Centres commerciaux|0|4|2|non
Magasin Mobalpa-Cuisines|44.82193|-0.596205|Centres commerciaux|33|8|2|non
Magasin Nespresso|44.843878|-0.57892|Centres commerciaux|0|5|2|non
Magasin Prospi|44.832744|-0.604586|Centres commerciaux|2|8|2|non
Magasin Serval|44.88067|-0.570246|Centres commerciaux|87|2|2|non
Magasin Sur Armes|44.846275|-0.579434|Centres commerciaux|19|5|2|non
Magasin Toc|44.838714|-0.575859|Centres commerciaux|93|5|2|non
Magasin Zara Bureaux|44.840819|-0.574391|Centres commerciaux|0|5|2|non
Magic Form|44.835299|-0.580761|Gymnases / sports couverts|187|6|6|oui
Magsin The Body Shop|44.841061|-0.575608|Centres commerciaux|46|5|2|non
Mairie De Quartier Bordeaux Bastide|44.825016|-0.586351|Mairies / administrations|22|7|5|oui
Maison De L'Agriculture Et De La Foret|44.849752|-0.570368|Écoles / collèges / lycées|113|4|7|non
"Maison De Quartier Union Saint Jean : Bâtiment ""2003"""|44.824832|-0.563654|Salles de spectacle / conférences|378|4|4|non
Maison De Retraite Belleporte|44.823564|-0.559239|Hôpitaux / cliniques|5|3|9|non
Maison De Retraite L'Amaryllis|44.814732|-0.564464|Hôpitaux / cliniques|57|5|9|non
Maison De Retraite Terre Negre : Buhan|44.85097|-0.592184|Maisons de retraite / handicapés|72|7|8|non
Maison Des Adolescents|44.837027|-0.576184|Mairies / administrations|10|5|5|non
Maison Des Sports Et Des Associations|44.852534|-0.589666|Salles de spectacle / conférences|144|6|4|non
Maison Du Projet Promenade Sainte Catherine|44.839972|-0.574476|Salles de spectacle / conférences|44|5|4|non
Maison Du Velo|44.832185|-0.573699|Centres commerciaux|19|5|2|non
Maison Paul Jobin & Cie - Bordeaux Cafe|44.8413|-0.582884|Écoles / collèges / lycées|10|6|7|oui
Maison Polyvalente Sarah Bernhardt|44.829388|-0.573738|Salles de spectacle / conférences|793|5|4|non
Maison Rue Du Cloitre|44.852427|-0.625133|Mairies / administrations|62|9|5|oui
Maison Sarah Lavoine|44.844455|-0.57559|Centres commerciaux|0|5|2|non
Mam L'Arbre De Vie|44.812756|-0.572098|Écoles / collèges / lycées|12|6|7|oui
Mam Les Petites Quenottes|44.843715|-0.628607|Écoles / collèges / lycées|12|9|7|oui
Marche Des Capucins Hall A Banc 3B|44.838714|-0.596208|Centres commerciaux|0|7|2|non
Marche Des Capucins Halle A Banc 17 C Sarl Bi-Logique|44.830671|-0.567738|Centres commerciaux|0|4|2|non
Marche Des Capucins-Halle A-Banc 21|44.830671|-0.567738|Centres commerciaux|0|4|2|non
Marche Des Capucins-Halle A-Banc 26 B|44.830671|-0.567738|Centres commerciaux|0|4|2|non
Marche Des Capucins-Halle A-Banc 29 B|44.830671|-0.567738|Centres commerciaux|0|4|2|non
Marche Des Capucins-Halle A-Banc 35|44.830671|-0.567738|Centres commerciaux|0|4|2|non
Marche Des Capucins-Halle A-Banc 46|44.830671|-0.567738|Centres commerciaux|0|4|2|non
Marche Des Capucins-Halle A-Banc 5 Abcd|44.830671|-0.567738|Centres commerciaux|0|4|2|non
Marche Des Capucins-Halle A-Banc 6 Acd|44.830671|-0.567738|Centres commerciaux|0|4|2|non
Marche Des Capucins-Halle A-Banc 7 D|44.830671|-0.567738|Centres commerciaux|0|4|2|non
Marche Des Capucins.Halle A-20 Jl Gazeau|44.830671|-0.567738|Centres commerciaux|0|4|2|non
Marche Des Chartrons|44.864242|-0.549708|Centres commerciaux|52|4|2|non
"Marche Des Douves Point ""Velos"""|44.830731|-0.566676|Mairies / administrations|5|4|5|non
Marche Du Tissu|44.841221|-0.573727|Centres commerciaux|93|5|2|non
Marche Victor Hugo|44.835607|-0.570493|Centres commerciaux|666|4|2|non
Maternelle Lac Ii|44.872329|-0.570182|Écoles / collèges / lycées|105|3|7|non
Maternelle Lagrange|44.850768|-0.58324|Écoles / collèges / lycées|159|6|7|oui
Maternelle Yser|44.824297|-0.570173|Écoles / collèges / lycées|150|5|7|non
Maxmara|44.841935|-0.575723|Centres commerciaux|80|5|2|non
Mdsi Habitat Et Humanisme|44.84332|-0.571741|Mairies / administrations|0|4|5|non
Micro Creche Comme 3 Pommes|44.83885|-0.575152|Écoles / collèges / lycées|9|5|7|non
Micro Creche Hapili|44.82684|-0.589544|Écoles / collèges / lycées|14|7|7|oui
Micro Creche Kiddies|44.823875|-0.586596|Écoles / collèges / lycées|11|7|7|oui
Micro-Creche La Maison Bleue|44.824428|-0.591064|Écoles / collèges / lycées|10|7|7|oui
Mini Creche Des Sablieres|44.829158|-0.57931|Écoles / collèges / lycées|27|6|7|oui
Mission Locale Bordeaux Avenir Jeunes|44.836082|-0.575308|Mairies / administrations|57|5|5|non
Mme Carpentey Local Professionnel|44.840762|-0.570453|Mairies / administrations|0|4|5|non
Monceau Fleurs|44.82254|-0.580906|Centres commerciaux|13|6|2|non
Moto Scoot 33|44.824047|-0.579101|Halls d'exposition|45|6|0|non
Multi Accueil Chartrons 1 Et 2|44.86213|-0.56619|Écoles / collèges / lycées|85|2|7|non
Mutuelle 403|44.840534|-0.581563|Mairies / administrations|5|6|5|oui
Mutuelle Entrain|44.826455|-0.557598|Mairies / administrations|7|2|5|non
Mutuelle Nationale Des Hospitaliers|44.81908|-0.59963|Mairies / administrations|19|8|5|oui
Naval Meeting 2013|44.862132|-0.587876|Salles de spectacle / conférences|0|6|4|non
Noel Babybotte|44.852807|-0.580379|Centres commerciaux|45|5|2|non
Observatoire De L Environnement|44.886028|-0.541937|Salles de spectacle / conférences|9|6|4|non
Office National Des A C|44.844298|-0.578661|Mairies / administrations|50|5|5|non
Optique Vision Plus|44.837961|-0.609026|Centres commerciaux|18|8|2|non
Paroles D'Hommes|44.841698|-0.57951|Centres commerciaux|0|5|2|non
Parties Communes D'Un Immeuble|44.83511|-0.574304|Mairies / administrations|4|5|5|non
Pass'Mirail|44.833034|-0.570897|Mairies / administrations|0|4|5|non
Passion Coiffure|44.832383|-0.59495|Centres commerciaux|0|7|2|non
Patisserie Royale|44.841648|-0.581619|Centres commerciaux|16|6|2|non
Patissier Chocolatier Traiteur L'Abricotin|44.8423|-0.559613|Centres commerciaux|9|1|2|non
Pharmacie Et Bureaux|44.865837|-0.575408|Centres commerciaux|152|4|2|non
Pharmacie La Fleche|44.834882|-0.566607|Centres commerciaux|0|3|2|non
Pharmacie Rotrubin Eurl|44.829617|-0.566846|Centres commerciaux|0|4|2|non
Pharmacie, Commerce Et Cabinet Medical|44.838854|-0.625529|Centres commerciaux|0|9|2|non
Piscine Galin|44.848293|-0.541236|Gymnases / sports couverts|600|5|6|non
Pitchoun' : Creche  Des Quatre Saisons|44.852413|-0.607799|Écoles / collèges / lycées|40|8|7|oui
Point Soleil|44.84034|-0.574313|Centres commerciaux|22|5|2|non
Poissonnerie De Nansouty|44.819588|-0.572457|Centres commerciaux|0|6|2|non
Pole De Competences Urban Cap Girpeh|44.865298|-0.560342|Écoles / collèges / lycées|9|1|7|non
Polyclinique Bordeaux Cauderan|44.859324|-0.624892|Hôpitaux / cliniques|140|9|9|non
Pose De La Première Pierre Le 19 Juin 2013|44.863233|-0.550301|Salles de spectacle / conférences|2620|4|4|non
Pre Degustation Negoce Grand Crus De Bordeaux|44.856355|-0.568436|Halls d'exposition|5619|3|0|non
Pressing|44.847421|-0.581037|Centres commerciaux|0|5|2|non
Pressing Doumer|44.851647|-0.573678|Centres commerciaux|6|4|2|non
Princ'Ess - Mom'Bordeaux|44.830042|-0.57319|Écoles / collèges / lycées|0|5|7|non
Projet Sante Navale Locaux Collectifs Residentiels|44.827524|-0.563006|Salles de spectacle / conférences|119|3|4|non
Pull And Bear|44.840072|-0.574147|Centres commerciaux|142|5|2|non
R.P.A. Et Club Senior  Armand Faulat|44.848234|-0.630065|Salles de spectacle / conférences|50|9|4|non
R.P.A. Et Club Senior Alsace-Lorraine|44.838003|-0.56883|Salles de spectacle / conférences|60|4|4|non
R.P.A.Et Club Senior Alfred Smith|44.824072|-0.613013|Salles de spectacle / conférences|72|9|4|non
Regie De La Sante Et Du Secteur Medico-Social|44.872645|-0.571176|Salles de spectacle / conférences|6141|3|4|non
Residence Hoteliere|44.858608|-0.569458|Hôtels / hébergements|996|3|3|non
Residence Hotelière Delbos|44.867673|-0.552946|Salles de spectacle / conférences|169|4|4|non
Residence Maryse Bastie|44.861751|-0.578834|Hôpitaux / cliniques|190|5|9|non
Residence Para Hoteliere Corus|44.828965|-0.56019|Mairies / administrations|37|2|5|non
Salon Arici|44.856355|-0.568436|Halls d'exposition|5619|3|0|non
Salon Cadeaux A P'Art 2013 15 Au 17 Novembre 2013|44.856355|-0.568436|Halls d'exposition|5619|3|0|non
Salon Capaqui 2020|44.849752|-0.570368|Hôtels / hébergements|2471|4|3|non
Salon Cardiosleep|44.850031|-0.570868|Hôtels / hébergements|2500|4|3|non
Salon De Coiffure|44.846363|-0.57996|Centres commerciaux|5|5|2|non
Salon De L'Immobilier Du 4 Au 6 Avril 2014|44.856355|-0.568436|Halls d'exposition|5619|3|0|non
Salon De The Verde Nero|44.836897|-0.573282|Centres commerciaux|41|5|2|non
Salon Des Elus Locaux 25 Et 26 Avril 2013|44.872645|-0.571176|Salles de spectacle / conférences|6141|3|4|non
Salon Des Thalasso Et Cures Thermales - Salon Du Logement Seniors Et Maintien À Domicile|44.856355|-0.568436|Halls d'exposition|5619|3|0|non
Salon Destination Vignobles|44.856355|-0.568436|Halls d'exposition|5619|3|0|non
Salon Du Ce De Bordeaux|44.856355|-0.568436|Halls d'exposition|5619|3|0|non
Salon Hydro Sud|44.872645|-0.571176|Salles de spectacle / conférences|6141|3|4|non
Salon Jfsm 2016|44.850031|-0.570868|Halls d'exposition|2500|4|0|non
Salon Kickoff Quadria|44.850031|-0.570868|Hôtels / hébergements|2500|4|3|non
Salon Les Basques A Bordeaux|44.856355|-0.568436|Halls d'exposition|5619|3|0|non
Salon Lesions Postero Laterales Du Genou Sfa|44.872645|-0.571176|Salles de spectacle / conférences|6141|3|4|non
Salon Projet Habitat Du 6 Au 8 Mars 2015|44.856355|-0.568436|Halls d'exposition|5619|3|0|non
Salon Rencontres Avec Les Équipes|46.327502|-0.471609|Salles de spectacle / conférences|6141|9|4|non
Salon Studyrama|44.856355|-0.568436|Halls d'exposition|5619|3|0|non
Salon Tereva Distribution|44.872645|-0.571176|Salles de spectacle / conférences|6141|3|4|non
Salon Tereva Distribution 12 Septembre 2014|44.872645|-0.571176|Salles de spectacle / conférences|6141|3|4|non
Sarl Colorine-Picnic|44.838822|-0.575459|Centres commerciaux|0|5|2|non
Sarl Optic Coca|44.840461|-0.581306|Centres commerciaux|0|6|2|non
Sarl Oxyform|44.843627|-0.573202|Gymnases / sports couverts|6|4|6|non
Sarl Saun'Ham Hugo|44.834805|-0.569122|Gymnases / sports couverts|47|4|6|non
Sarl Squash Des Quais|44.832208|-0.547158|Gymnases / sports couverts|0|3|6|non
Sci Boudon Maignan|44.854783|-0.624003|Mairies / administrations|0|9|5|oui
Sci Mg2|44.841735|-0.5973|Mairies / administrations|5|7|5|oui
Sci Orthophonistes Ginko|44.835128|-0.580704|Mairies / administrations|0|6|5|oui
Scm Academia Aesthetica|44.825419|-0.592916|Mairies / administrations|0|7|5|oui
Auto Ecole Lartigue|44.852412|-0.581018|Mairies / administrations|0|5|5|non
Axanis|44.83999|-0.581212|Mairies / administrations|0|6|5|oui
Banque Chaabi Du Maroc (Ex Bar Aykac)|44.835458|-0.569535|Mairies / administrations|19|4|5|non
Banque Courtois|44.854563|-0.572191|Mairies / administrations|11|4|5|non
Cabinet D'Avocats|44.862132|-0.587876|Mairies / administrations|0|6|5|oui
Cabinet D'Avocats De Maitre Mounier|44.850319|-0.586797|Mairies / administrations|16|6|5|oui
Cabinet D'Avocats Exeme|44.842594|-0.582538|Mairies / administrations|6|6|5|oui
Cabinet D'Electroradiologie|44.837431|-0.574809|Hôpitaux / cliniques|27|5|9|non
Cabinet D'Esthetique Ferron|44.839158|-0.606983|Mairies / administrations|8|8|5|oui
Cabinet D'Expertise Comptable|44.851263|-0.626273|Mairies / administrations|3|9|5|oui
Cabinet D'Experts Comptables Lopes Verdon Et Associes|44.840946|-0.576968|Mairies / administrations|12|5|5|non
Cabinet D'Orthodontie|44.858655|-0.588393|Hôpitaux / cliniques|48|6|9|non
Cabinet D'Orthophonie|44.84967|-0.574904|Mairies / administrations|0|4|5|non
Cabinet D'Orthophoniste|44.851284|-0.576498|Mairies / administrations|5|5|5|non
Cabinet D'Orthophonistes Kandel|44.841314|-0.585873|Mairies / administrations|0|6|5|oui
Cabinet Dain|44.849968|-0.581982|Mairies / administrations|0|6|5|oui
Cabinet De Cardiologie - Docteur Bonnet|44.829412|-0.595759|Mairies / administrations|9|7|5|oui
Cabinet De Consultation|44.833613|-0.565202|Hôpitaux / cliniques|16|3|9|non
Cabinet De Gynecologie Medicale|44.845961|-0.576384|Mairies / administrations|6|5|5|non
Cabinet De Kinesithérapeute Daunizeau|44.83763|-0.569338|Mairies / administrations|4|4|5|non
Cabinet De Neuropsychologue|44.852222|-0.576027|Mairies / administrations|0|4|5|non
Cabinet De Psychiatrie|44.84039|-0.569416|Mairies / administrations|0|4|5|non
Cabinet Dentaire|44.830761|-0.603248|Mairies / administrations|4|8|5|oui
Cabinet Dentaire|44.845358|-0.593309|Mairies / administrations|0|7|5|oui
Cabinet Dentaire|44.842286|-0.579899|Mairies / administrations|2|5|5|non
Cabinet Dentaire|44.850613|-0.574321|Mairies / administrations|0|4|5|non
Cabinet Dentaire|44.832539|-0.581349|Hôpitaux / cliniques|6|6|9|non
Cabinet Dentaire Du Pavillon De La Mutualite|44.838667|-0.578006|Mairies / administrations|23|5|5|non
Cabinet Dentaire Flona|44.834638|-0.587207|Mairies / administrations|0|6|5|oui
Cabinet Dentaire Gehin Roche|44.838924|-0.574292|Mairies / administrations|0|5|5|non
Cabinet Dentaire Gracia|44.84372|-0.576246|Mairies / administrations|7|5|5|non
Cabinet Kinesitherapie|44.834957|-0.58128|Mairies / administrations|0|6|5|oui
Cabinet Kinesitherapie|44.84815|-0.575843|Mairies / administrations|9|5|5|non
Cabinet Mazel|44.833199|-0.580704|Mairies / administrations|3|6|5|oui
Cabinet Medical|44.838598|-0.616989|Mairies / administrations|4|9|5|oui
Cabinet Medical|44.852707|-0.616746|Mairies / administrations|4|8|5|oui
Cabinet Medical|44.831922|-0.577171|Mairies / administrations|3|5|5|non
Cabinet Medical|44.82695|-0.594038|Mairies / administrations|0|7|5|oui
Cabinet Medical|44.831222|-0.606176|Mairies / administrations|8|8|5|oui
Cabinet Médical|44.859679|-0.575415|Mairies / administrations|15|4|5|non
Cabinet Medical|44.847381|-0.580982|Mairies / administrations|0|5|5|non
Cabinet Medical|44.841866|-0.578074|Mairies / administrations|19|5|5|non
Cabinet Medical|44.846167|-0.584753|Mairies / administrations|4|6|5|oui
Cabinet Medical|44.852825|-0.579604|Mairies / administrations|1|5|5|non
Cabinet Medical|44.830067|-0.606873|Mairies / administrations|13|8|5|oui
Cabinet Medical|44.834882|-0.566607|Mairies / administrations|0|3|5|non
Cabinet Medical|44.841073|-0.581214|Mairies / administrations|12|6|5|oui
Cabinet Medical|44.840015|-0.591716|Mairies / administrations|0|7|5|oui
Cabinet Medical|44.849702|-0.583828|Mairies / administrations|30|6|5|oui
Cabinet Medical Aumain|44.847248|-0.582503|Mairies / administrations|0|6|5|oui
Cabinet Medical Brunel|44.843623|-0.57665|Mairies / administrations|0|5|5|non
Cabinet Medical Desmonty|44.836302|-0.599145|Mairies / administrations|0|8|5|oui
Cabinet Medical Docteur Rispal|44.825132|-0.612756|Mairies / administrations|8|9|5|oui
Cabinet Medical Dr. Brugere - Leblanc - Chabrun|44.851175|-0.58529|Mairies / administrations|7|6|5|oui
Cabinet Medical Dr. De La Taille|44.852907|-0.569286|Mairies / administrations|7|3|5|non
Cabinet Medical Dr. Emperaire|44.845858|-0.582604|Mairies / administrations|24|6|5|oui
Cabinet Medical Du Docteur Guillemet|44.839166|-0.571013|Mairies / administrations|12|4|5|non
Cabinet Medical Du Dr Alain Vidal|44.845556|-0.593856|Mairies / administrations|5|7|5|oui
Cabinet Medical Et De Kinesitherapie|44.844534|-0.6041|Mairies / administrations|21|8|5|oui
Cabinet Orl|44.831869|-0.596757|Mairies / administrations|12|7|5|oui
Cabinets D'Avocats|44.835933|-0.575627|Mairies / administrations|0|5|5|non
Cabinets D'Avocats Sci Quesnel Associes|44.837466|-0.569902|Mairies / administrations|5|4|5|non
Cabinets Medicaux Et Pharmacie|44.822357|-0.593716|Centres commerciaux|33|7|2|non
Caisse Reg D'Assurance Maladie D'Aquitaine|44.848964|-0.573022|Mairies / administrations|12|4|5|non
Charcuterie A L'Ancienne|44.82224|-0.58174|Centres commerciaux|15|6|2|non
Charcuterie Les Ducs|44.848935|-0.583589|Centres commerciaux|45|6|2|non
Chu Bordeaux: Creche Pellegrin|44.830385|-0.603262|Écoles / collèges / lycées|60|8|7|oui
Chu Bordeaux:Maternite - Centre Aliénor D'Aquitaine|44.830385|-0.603262|Hôpitaux / cliniques|792|8|9|non
Chu Bordeaux:Urgences Nephrologie Dialyse Réanimation (Undr)|44.830385|-0.603262|Hôpitaux / cliniques|514|8|9|non
Cic Le Bouscat-Ravezies - Immeuble Le Plaza Ii|44.865235|-0.575879|Mairies / administrations|10|4|5|non
Cic Sud Ouest|44.852758|-0.568607|Mairies / administrations|13|3|5|non
Cinema Bassins A Flot : Commerce 9|44.864943|-0.559972|Centres commerciaux|119|2|2|non
Clinique Anouste:Batiment Ancien|44.828686|-0.611007|Hôpitaux / cliniques|42|8|9|non
Clinique Esthétique D'Aquitaine|44.833285|-0.602016|Hôpitaux / cliniques|61|8|9|non
Clinique St Antoine De Padoue: Bat Principal|44.828314|-0.581861|Hôpitaux / cliniques|124|6|9|non
Clinique St Augustin:Batiment I Centre De Traitement Des Maladies Renales|44.820154|-0.598235|Hôpitaux / cliniques|80|8|9|non
Club Bouliste Emile Combes|44.832083|-0.611477|Mairies / administrations|15|8|5|oui
Club Senior Albert 1Er|44.81432|-0.569389|Salles de spectacle / conférences|40|5|4|non
Club Senior Du Quai De Queyries|44.845728|-0.558852|Salles de spectacle / conférences|99|1|4|non
Club Senior Saint Augustin|44.832559|-0.611884|Salles de spectacle / conférences|32|8|4|non
Club Tatry|44.849628|-0.570434|Salles de spectacle / conférences|200|4|4|non
Colle Edouard Vaillant: Batiment Neuf|44.830267|-0.573002|Écoles / collèges / lycées|800|5|7|non
College Cassignol : Annexe De La Benatte|44.844365|-0.593844|Écoles / collèges / lycées|240|7|7|oui
College Monsejour:Dossier General|44.855439|-0.631016|Écoles / collèges / lycées|524|9|7|oui
College St Andre : Bat D -  Demi-Pension Et Salle De Cours|44.853413|-0.620225|Écoles / collèges / lycées|669|9|7|oui
Commerce|44.846997|-0.580443|Centres commerciaux|17|5|2|non
Commerce|44.839039|-0.570234|Centres commerciaux|15|4|2|non
Commerce|44.832391|-0.563359|Centres commerciaux|13|3|2|non
Commerce|44.840747|-0.569569|Centres commerciaux|100|4|2|non
Commerce|44.823943|-0.591911|Centres commerciaux|19|7|2|non
Commerce (Coque)|44.847689|-0.613465|Centres commerciaux|191|8|2|non
Commerce (Coque)|44.847689|-0.613465|Centres commerciaux|260|8|2|non
Dirty Troops|44.834455|-0.57335|Centres commerciaux|20|5|2|non
Domofrance Local Commercial|44.836334|-0.570609|Centres commerciaux|30|4|2|non
Dress'In|44.844686|-0.581678|Centres commerciaux|0|6|2|non
Ec Dep D'Art Applique De La Gironde|44.83951|-0.623599|Écoles / collèges / lycées|75|9|7|oui
Ec Technique Privee Solange Lourie|44.838837|-0.577888|Écoles / collèges / lycées|19|5|7|non
Ecole Maternelle Argonne|44.827575|-0.576253|Écoles / collèges / lycées|129|6|7|oui
Ecole Montessori Bilingue - Les Libellules|44.814483|-0.563684|Écoles / collèges / lycées|88|5|7|non
Ecole Ste Therese|44.823751|-0.612062|Écoles / collèges / lycées|164|9|7|oui
Eden-Form Et Beauty|44.851167|-0.569572|Centres commerciaux|3|3|2|non
Educational Programs Bordeaux 1|44.843065|-0.573755|Écoles / collèges / lycées|19|5|7|non
Ehpad La Cheneraie|44.848342|-0.618812|Maisons de retraite / handicapés|110|9|8|non
Ehpad Le Square D'Alienor Residence Aime Cesaire|44.867768|-0.572903|Maisons de retraite / handicapés|118|4|8|non
Ehpad Maison Protestante De Retraite|44.831495|-0.613572|Maisons de retraite / handicapés|128|8|8|non
Elementaire Francin|44.824464|-0.561458|Écoles / collèges / lycées|275|3|7|non
Elementaire Jacques Prevert|44.824263|-0.586018|Écoles / collèges / lycées|179|7|7|oui
Elementaire Jules Ferry|44.843032|-0.606265|Écoles / collèges / lycées|209|8|7|oui
Elementaire Stehelin : Batiment Annexe-Clsh|44.847121|-0.617284|Écoles / collèges / lycées|70|8|7|oui
Ens Sport Stehelin: Salle De Sport|44.856997|-0.624467|Gymnases / sports couverts|750|9|6|oui
Ensemble Immobilier - Batiment C : Local Commercial 1|44.851891|-0.541279|Centres commerciaux|41|5|2|non
Ensemble Immobilier - Batiment D : Local Commercial 2|44.851891|-0.541279|Centres commerciaux|77|5|2|non
Ensemble Immobilier Avec 6 Commerces|44.840747|-0.569569|Centres commerciaux|0|4|2|non
Ensemble Scolaire Saint Louis Sainte Therese|44.856997|-0.568886|Écoles / collèges / lycées|595|3|7|non
Epargne Sans Frontieres|44.839734|-0.581367|Mairies / administrations|0|6|5|oui
Epicerie Minja !|44.833591|-0.565378|Centres commerciaux|0|3|2|non
Epsi Ex Ecoles Esic Essica Et Sup De Cours|44.8426|-0.598709|Écoles / collèges / lycées|119|7|7|oui
Erotica|44.82809|-0.560076|Salles de spectacle / conférences|26|3|4|non
Escaad Mjm Graphic Design - Annexe|44.847938|-0.583562|Écoles / collèges / lycées|75|6|7|oui
Espace Theatral 4 Cats|44.846574|-0.587875|Écoles / collèges / lycées|15|6|7|oui
Etablissement De Post - Cure|44.851618|-0.589669|Hôpitaux / cliniques|12|6|9|non
Etam Lingerie (Ex Jennyfer)|44.84098|-0.574295|Centres commerciaux|48|5|2|non
Etat Major De Zone|44.843292|-0.589939|Mairies / administrations|15|7|5|oui
Etude D'Huissiers|44.84678|-0.582071|Mairies / administrations|3|6|5|oui
European Hotel|44.840893|-0.55842|Hôtels / hébergements|0|1|3|non
Ex Site Marie Brizard - Bureaux|44.849156|-0.584079|Mairies / administrations|0|6|5|oui
Ex Site Marie Brizard - Local Commercial|44.849156|-0.584079|Centres commerciaux|0|6|2|non
Faustine'S|44.84595|-0.580208|Centres commerciaux|2|5|2|non
Festival 30/30|44.832039|-0.577602|Salles de spectacle / conférences|864|6|4|non
Fête De Noël Us Chartrons - 19 Décembre 2012|44.855577|-0.567091|Salles de spectacle / conférences|299|2|4|non
Fitness Freestyle|44.823743|-0.610682|Gymnases / sports couverts|97|8|6|oui
Flash Coiffure|44.827531|-0.55882|Centres commerciaux|5|2|2|non
Florireve|44.824776|-0.578594|Centres commerciaux|0|6|2|non
Foire Aux Rosés|44.856355|-0.568436|Halls d'exposition|5619|3|0|non
Forum Social 23 Novembre 2013|44.856355|-0.568436|Halls d'exposition|5619|3|0|non
Foyer Arnaud Courtelarre|44.827725|-0.585565|Hôpitaux / cliniques|0|7|9|non
Foyer Fraternel|44.855846|-0.572111|Écoles / collèges / lycées|77|4|7|non
Foyer Hotel Des Celibataires S.N.C.F.|44.856458|-0.591338|Salles de spectacle / conférences|140|6|4|non
French Burgers : Le Manifesto|44.84404|-0.57669|Centres commerciaux|19|5|2|non
Fruit Defendu|44.83288|-0.572967|Centres commerciaux|0|5|2|non
Funecap Sud Ouest|44.833454|-0.593388|Centres commerciaux|30|7|2|non
Gal Grands Hommes: Etal 1 Olivier Traiteur|44.842816|-0.577589|Centres commerciaux|0|5|2|non
Galerie Bordelaise : Magasin Michard Ardillier|44.841502|-0.574381|Centres commerciaux|108|5|2|non
Galerie Condillac|44.843937|-0.578142|Centres commerciaux|0|5|2|non
Galerie Des Chartrons|44.841503|-0.626249|Écoles / collèges / lycées|876|9|7|oui
Galerie Du Palais Gallien|44.847989|-0.581833|Halls d'exposition|0|6|0|non
Galerie Tatry - Art A La Construction|44.863147|-0.572986|Centres commerciaux|16|4|2|non
Galerie Tatry - Sikkens Akzonobel|44.863147|-0.572986|Centres commerciaux|100|4|2|non
Ginko Ilot C2.2 - Lot 5.13 - Boucherie Shop Ginko|44.822022|-0.600173|Centres commerciaux|75|8|2|non
Ginko Ilot C2.2 Commerce Lot 1.02|44.878852|-0.570495|Centres commerciaux|690|3|2|non
Ginko Ilot C2.2 Commerce Lot 3.04|44.878852|-0.570495|Centres commerciaux|464|3|2|non
Ginko Ilot C2.2 Commerce Lot 6.02|44.878852|-0.570495|Centres commerciaux|743|3|2|non
Glacier Amorino|44.84115|-0.573662|Centres commerciaux|4|5|2|non
"Groupe ""Form"""|44.853595|-0.570845|Écoles / collèges / lycées|15|3|7|non
Groupe D'Assurance Malakoff Mederic (Ex Salon L'Essentiel)|44.840476|-0.581109|Mairies / administrations|10|6|5|oui
Groupe Medical Des Chartrons|44.850222|-0.574563|Hôpitaux / cliniques|100|4|9|non
Groupe Scolaire Abadie|44.826901|-0.594001|Écoles / collèges / lycées|144|7|7|oui
Groupe Scolaire Albert Thomas : Elementaire|44.828747|-0.597202|Écoles / collèges / lycées|450|8|7|oui
Groupe Scolaire Albert Thomas : Maternelle|44.828993|-0.597039|Écoles / collèges / lycées|150|8|7|oui
Groupe Scolaire Benauge|44.844508|-0.543947|Écoles / collèges / lycées|417|4|7|non
Groupe Scolaire Condorcet|44.85732|-0.577531|Écoles / collèges / lycées|585|5|7|non
Ilot Serpolet : Epicerie Sociale|44.838698|-0.572493|Centres commerciaux|19|4|2|non
Ilot Serpolet : Foyer De Jeunes|44.838362|-0.572428|Salles de spectacle / conférences|115|4|4|non
Immeuble 5 Rue Blanc Dutrouilh|44.84625|-0.575843|Mairies / administrations|0|5|5|non
Local D'Activités (Coque) - Ilot Dunant (Df1.1)|44.841303|-0.583746|Mairies / administrations|22|6|5|oui
Office Francais Immobilier|44.838757|-0.578023|Mairies / administrations|0|5|5|non
Office Notarial|44.838432|-0.590344|Mairies / administrations|6|7|5|oui
Ordre Des Avocats|44.835056|-0.575501|Mairies / administrations|2|5|5|non
Oreag Service D'Education Educative En Milieu Ouvert|44.828201|-0.590848|Mairies / administrations|0|7|5|oui
Parfum D'Orient|44.841505|-0.582277|Centres commerciaux|9|6|2|non
Patisserie Pierre Mathieu|44.838247|-0.577945|Centres commerciaux|10|5|2|non
Pem De Bordeaux Secteur Belcier|44.849084|-0.589783|Mairies / administrations|0|6|5|oui
Peniche Larquet Laurens|44.862132|-0.587876|Écoles / collèges / lycées|0|6|7|oui
Petges Et Dufranc|44.841856|-0.575509|Mairies / administrations|0|5|5|non
Petit Herve|44.837587|-0.574509|Mairies / administrations|0|5|5|non
Pharmacie Bassins A Flots|44.862648|-0.556586|Centres commerciaux|149|2|2|non
Pharmacie Castano Spada|44.81326|-0.573176|Centres commerciaux|0|6|2|non
Pharmacie De Bacalan|44.874669|-0.545798|Centres commerciaux|77|5|2|non
Pharmacie Du Lac|44.843603|-0.571865|Centres commerciaux|0|4|2|non
Pharmacie Du Musee|44.836439|-0.575895|Centres commerciaux|16|5|2|non
Pharmacie Et Cabinet Medical|44.843405|-0.554329|Centres commerciaux|34|2|2|non
Plate-Forme De Soin Et De Repit Alzheimer|44.8351|-0.571803|Hôpitaux / cliniques|25|4|9|non
Poke Poke|44.836697|-0.571046|Centres commerciaux|15|4|2|non
"Pole D'Enseignement Superieur Musique/Danse ""Pesmd"""|44.845494|-0.586496|Écoles / collèges / lycées|80|6|7|oui
Pole De Competences Urban Cap Ubisoft|44.865298|-0.560342|Écoles / collèges / lycées|0|1|7|non
Pole De La Petite Enfance|44.844319|-0.559616|Écoles / collèges / lycées|150|1|7|non
Pôle Urbain Mobilités Alternatives|44.838158|-0.568336|Mairies / administrations|10|4|5|non
Polyclinique Bx Nord:Batiments A/B/D/E/F|44.863979|-0.578768|Hôpitaux / cliniques|960|5|9|non
Portes Ouvertes Agence Bancaire Credit Mutuel|44.841882|-0.579048|Mairies / administrations|30|5|5|non
Poste De Police De Cauderan|44.851471|-0.616078|Mairies / administrations|10|8|5|oui
Preva Formation|44.845261|-0.595421|Écoles / collèges / lycées|12|7|7|oui
R.P.A. Et Club Senior Billaudel|44.823811|-0.563276|Salles de spectacle / conférences|64|4|4|non
R.P.A. Et Club Senior Dubourdieu|44.821433|-0.577521|Salles de spectacle / conférences|60|6|4|non
Rapid'Flore|44.862132|-0.587876|Centres commerciaux|15|6|2|non
Rectorat De L'Academie De Bordeaux|44.836752|-0.581941|Mairies / administrations|122|6|5|oui
Regards D'Ailleurs|44.850368|-0.572201|Mairies / administrations|0|4|5|non
Relais D'Assistantes Maternelles Les Diversites|44.860408|-0.574968|Écoles / collèges / lycées|35|4|7|non
Rendez Vous Chimie Et Materiaux|44.850031|-0.570868|Hôtels / hébergements|2500|4|3|non
Repetto|44.841943|-0.577919|Centres commerciaux|10|5|2|non
Residence Du Parc Des Chevaliers|44.844117|-0.59656|Mairies / administrations|0|7|5|oui
Residence Du Parc Des Chevaliers|44.844117|-0.59656|Mairies / administrations|0|7|5|oui
Residence Etudiants Saint Jean Managers:Dos Gene|44.829526|-0.555608|Écoles / collèges / lycées|0|1|7|non
Residence Garden Avenue : 4 Locaux Commerciaux|44.84791|-0.547771|Centres commerciaux|0|4|2|non
Residence La Canopee (Ehpad Rue Furtado)|44.855921|-0.605538|Maisons de retraite / handicapés|110|8|8|non
Residence Orfea De Bx : Residence Hoteliere Personnelsncf|44.822485|-0.552743|Hôtels / hébergements|222|1|3|non
Residence Service|44.842861|-0.620901|Hôtels / hébergements|46|9|3|non
Salon De La Biodynamie|44.835621|-0.565008|Halls d'exposition|0|3|0|non
Salon De Toilettage Canicoupe|44.84215|-0.621899|Centres commerciaux|13|9|2|non
"Salon Des Vins ""Farandole Des Vignerons"""|44.832539|-0.610451|Salles de spectacle / conférences|475|8|4|non
Salon Des Vins Des Vignerons Independants|44.825093|-0.594287|Halls d'exposition|5880|7|0|non
Salon Du Mariage|44.872645|-0.571176|Salles de spectacle / conférences|6141|3|4|non
Salon Florevent Du 25 Au 26 Mars 2018|44.856355|-0.568436|Halls d'exposition|5619|3|0|non
Salon Ispo 2018|44.872645|-0.571176|Salles de spectacle / conférences|6141|3|4|non
Salon Les Rendez Vous Chimie Et Materiaux Du 28 Au 29 Janvier 2015|44.850031|-0.570868|Hôtels / hébergements|2500|4|3|non
Salon Selaq 2016|44.872645|-0.571176|Salles de spectacle / conférences|6141|3|4|non
Salon Spa Thalasso Et Cures Thermales|44.856355|-0.568436|Halls d'exposition|5619|3|0|non
Salon Sud-Ouest Food Meeting|44.872645|-0.571176|Salles de spectacle / conférences|6141|3|4|non
Salons De L'Alternance, De L'Apprentissage, Et Du Recrutement En Alternance|44.856355|-0.568436|Halls d'exposition|5619|3|0|non
Salons De L'Apprentissage, De L'Alternance Et Des Metiers, Du Recrutement Et Quefaire Après Un Bac+|44.856355|-0.568436|Halls d'exposition|5619|3|0|non
Sandwicherie|44.845354|-0.55635|Centres commerciaux|10|1|2|non
Sandwicherie Myrabella|44.834299|-0.588381|Centres commerciaux|32|7|2|non
Saon De Coiffure|44.839643|-0.587038|Centres commerciaux|0|6|2|non
Sarl Thierry Oldak|44.841875|-0.576732|Centres commerciaux|100|5|2|non
Sarl Unipersonnelle Ppcd|44.824248|-0.578902|Centres commerciaux|2|6|2|non
Sci Di-Ana|44.851076|-0.574033|Mairies / administrations|0|4|5|non
Sci Eugene - Cabinet Medical|44.819384|-0.572802|Mairies / administrations|12|6|5|oui
Sci Faudemer - Cabinet Dentaire|44.846403|-0.576266|Mairies / administrations|0|5|5|non
Sci Tristar Parties Communes|44.843923|-0.572074|Mairies / administrations|0|4|5|non
Scm Cabinet Dentaire Intendance|44.841897|-0.578524|Mairies / administrations|0|5|5|non
Scm Cplb - Cabinet D'Avocats|44.84193|-0.580116|Mairies / administrations|3|6|5|oui
Scm Ophtalmologie Gallien Dr. Dupuy|44.843894|-0.58155|Mairies / administrations|0|6|5|oui
Scp Andreu Hadjadj|44.850673|-0.574715|Mairies / administrations|0|4|5|non
Segpa Gratiolet: Annexe Cheverus|44.832469|-0.570809|Écoles / collèges / lycées|64|4|7|non
Semaine Digitale Concert Delay Line Memory|44.832039|-0.577602|Salles de spectacle / conférences|864|6|4|non
Sessad Tgp|44.824558|-0.55924|Mairies / administrations|0|3|5|non
Sgap : Services Administratifs Et Techniques|44.871576|-0.554281|Mairies / administrations|77|3|5|non
Sinequanone|44.84034|-0.574313|Centres commerciaux|22|5|2|non
Smj Coiffure|44.841385|-0.584945|Centres commerciaux|0|6|2|non
Snc L'Hote Maison De La Presse|44.842423|-0.622533|Centres commerciaux|0|9|2|non
Societe  : Batiment  L|44.826483|-0.549486|Centres commerciaux|185|2|2|non
Societe Bordelaise Cic|44.849752|-0.570368|Écoles / collèges / lycées|5|4|7|non
Societe D'Hygiene Mentale D'Aquitaine|44.844688|-0.599168|Hôpitaux / cliniques|50|7|9|non
Societe D'Hygiene Mentale D'Aquitaine|44.837245|-0.598856|Hôpitaux / cliniques|15|8|9|non
Societe De Gestion De L'Assainissement De La Cub|44.82782|-0.575129|Mairies / administrations|0|5|5|non
Societe Generale|44.832194|-0.609534|Mairies / administrations|8|8|5|oui
Societe Generale Bordeaux Meriadeck|44.840131|-0.582091|Mairies / administrations|19|6|5|oui
Societe Saint Vincent De Paul|44.836321|-0.577423|Mairies / administrations|39|5|5|non
Soiree Du Forum Du Patrimoine|44.856355|-0.568436|Halls d'exposition|5619|3|0|non
Spectacle Dedans Dehors|44.831769|-0.610832|Gymnases / sports couverts|999|8|6|oui
Speed Burger Ex Restaurant La Brezzeria|44.854686|-0.573303|Centres commerciaux|3|4|2|non
Splendeurs D'Afrique|44.832145|-0.609331|Centres commerciaux|12|8|2|non
Stade Henri Lequesne:Dos General|44.849574|-0.626403|Gymnases / sports couverts|587|9|6|oui
"Station Service Esso Express Et Magasin ""Paul'"|44.825298|-0.589537|Centres commerciaux|101|7|2|non
Ste Marie Bastide Lycee Batiments G-H|44.834799|-0.582251|Écoles / collèges / lycées|279|6|7|oui
Ste Marie Bastide Maternelle|44.841994|-0.554195|Écoles / collèges / lycées|170|2|7|non
Stella Forest|44.842157|-0.577496|Centres commerciaux|0|5|2|non
Studio Cactus|44.825965|-0.574813|Gymnases / sports couverts|20|5|6|non
Supercoop|44.814659|-0.554206|Centres commerciaux|42|3|2|non
Tabac Presse|44.847148|-0.584149|Centres commerciaux|0|6|2|non
Table Ronde Francaise Agm Bordeaux 2017|44.856355|-0.568436|Halls d'exposition|5619|3|0|non
Theatre|44.830503|-0.559155|Salles de spectacle / conférences|0|2|4|non
Theatre Du Cercle Brise|44.856898|-0.569907|Salles de spectacle / conférences|0|3|4|non
Theatre La Nouvelle Comedie Gallien|44.84266|-0.58084|Salles de spectacle / conférences|124|6|4|non
U Express|44.822063|-0.572363|Centres commerciaux|140|5|2|non
Université De Bordeaux - Bâtiments Broca 1 Et Broca 2|44.831726|-0.570623|Écoles / collèges / lycées|953|4|7|non
Université De Bordeaux : Amphi 1|44.825173|-0.607774|Écoles / collèges / lycées|500|8|7|oui
Universite De Bordeaux : Centre Broca Nouvelle Aquitaine|44.825173|-0.607774|Salles de spectacle / conférences|319|8|4|non
Urban Vibration School|44.872599|-0.573778|Salles de spectacle / conférences|123|4|4|non
Urban Vibrations School|44.8338|-0.602645|Mairies / administrations|0|8|5|oui
Villa Clemenceau|44.843738|-0.579006|Mairies / administrations|19|5|5|non
Villa Shamengo|44.847598|-0.586208|Hôtels / hébergements|0|6|3|non
Village Notre Dame|44.839501|-0.603502|Centres commerciaux|84|8|2|non
Wap Doo Wap|44.833778|-0.573114|Centres commerciaux|30|5|2|non
Week End Des Grands Crus 17 Et 18 Mai 2014|44.856355|-0.568436|Halls d'exposition|5619|3|0|non
Zac Saint Jean Belcier - Ilot 9.12 - Commerce 6|44.829974|-0.581148|Centres commerciaux|69|6|2|non
Zac Saint Jean Belcier - Ilot 9.12 - Commerce 7|44.829974|-0.581148|Centres commerciaux|44|6|2|non
Le Trireme : Residence De Tourisme Appart'City Chartrons|44.863474|-0.57964|Hôtels / hébergements|289|5|3|non
Leader Price-Stockomani-Tereva:Dos Gal|44.87072|-0.564611|Centres commerciaux|2013|1|2|non
Les Merveilles De St Bruno|44.838065|-0.591861|Centres commerciaux|19|7|2|non
Les Portes De Cauderan : Dos General|44.842724|-0.608604|Mairies / administrations|276|8|5|oui
Les Sisterettes|44.838922|-0.579101|Centres commerciaux|18|5|2|non
Les Terrasses D'Armagnac Ilot E Dossier General|44.821274|-0.550768|Écoles / collèges / lycées|0|1|7|non
Local Commercial N°2 (Voir Y 12)|44.82814|-0.583822|Centres commerciaux|47|6|2|non
"Local Commercial Résidence ""Quai De La Monnaie"""|44.840747|-0.569569|Mairies / administrations|4|4|5|non
"Local Commun Residentiel Bâtiment ""O"""|44.841215|-0.595987|Salles de spectacle / conférences|72|7|4|non
Local D'Activités|44.837006|-0.570698|Centres commerciaux|19|4|2|non
Locaux Assedic|44.854856|-0.583357|Mairies / administrations|19|6|5|oui
Magasin Carrefour Market : Boutiques 1 Et 2|44.822858|-0.59988|Centres commerciaux|0|8|2|non
Magasin De The Betjeman & Barton|44.840384|-0.579976|Centres commerciaux|5|6|2|non
Magasin De Vente|44.845097|-0.57665|Centres commerciaux|14|5|2|non
"Magasin De Vente Informatique ""Sas Univers"""|44.836711|-0.581229|Centres commerciaux|16|6|2|non
Magasin Entrepôt|44.887206|-0.558705|Centres commerciaux|156|3|2|non
Magasin Ephemere|44.841038|-0.575|Centres commerciaux|44|5|2|non
Magasin Flash|44.851586|-0.59357|Centres commerciaux|0|7|2|non
Magasin Game|44.833782|-0.57324|Centres commerciaux|76|5|2|non
Magasin Hermes|44.841179|-0.579555|Centres commerciaux|103|6|2|non
Magasin Le Comptoir Des Cotonniers|44.840738|-0.578548|Centres commerciaux|43|5|2|non
Magasin Leader Price|44.871066|-0.564312|Centres commerciaux|651|1|2|non
Magasin Levi'S  Store|44.840174|-0.574285|Centres commerciaux|57|5|2|non
Magasin Lissac|44.841794|-0.577631|Centres commerciaux|140|5|2|non
Maison De La Justice Et Du Droit|44.831314|-0.611184|Mairies / administrations|45|8|5|oui
Maison De La Presse|44.839784|-0.574222|Centres commerciaux|28|5|2|non
"Maison De Retraite"" Les Petites Soeurs Des Pauvres"""|44.840833|-0.592007|Maisons de retraite / handicapés|104|7|8|non
Pharmacie Bistue|44.827988|-0.559627|Centres commerciaux|0|2|2|non
Pharmacie Centre Europe|44.879725|-0.550869|Centres commerciaux|0|4|2|non
Pharmacie Des Augustins|44.832513|-0.611775|Centres commerciaux|0|8|2|non
Pharmacie Du Tripode|44.830563|-0.603651|Mairies / administrations|0|8|5|oui
Pharmacie Le Moigne Sarl Balguerie Bdx Dock - Commerce Batiment B Bassins A Flot - Ilot C10|44.853145|-0.634279|Centres commerciaux|102|9|2|non
Pharmacie Maritime|44.859594|-0.557123|Centres commerciaux|0|2|2|non
Pizzeria Patisserie L'Escale|44.837071|-0.566504|Centres commerciaux|0|3|2|non
"Pole D'Enseignement Supérieur ""Next-U Center"""|44.865887|-0.552489|Écoles / collèges / lycées|75|4|7|non
Pole Medical Gaspard Philippe Lot A|44.833357|-0.566371|Mairies / administrations|0|4|5|non
Polyclinique Bx Nord:Bat Morgue-Reserves|44.862258|-0.577348|Hôpitaux / cliniques|-20|5|9|non
Restaurant Elixor|44.838217|-0.586872|Écoles / collèges / lycées|20|6|7|oui
Salon De Coiffure M Comme Marie|44.842601|-0.571217|Centres commerciaux|6|4|2|non
Salon De Coiffure Nsma|44.837792|-0.571696|Centres commerciaux|4|4|2|non
Salon De L Entreprise  Aquitaine 6 Et 7 Juin 2013|44.856355|-0.568436|Halls d'exposition|5619|3|0|non
Salon De L'Apprentissage Et De L'Alternance & Recrutement En Alternance &  Que Faire Apres Un Bac|44.856355|-0.568436|Halls d'exposition|5619|3|0|non
Salon De L'Entreprise Du 9 Au 10 Avril 2014|44.872645|-0.571176|Salles de spectacle / conférences|6141|3|4|non
Salon De Toilettage|44.857184|-0.607852|Centres commerciaux|3|8|2|non
Salon Des 1000 Emplois|44.856355|-0.568436|Halls d'exposition|5619|3|0|non
Salon Des Antiquaires 12 Au 20 Octobre 2013|44.856355|-0.568436|Halls d'exposition|5619|3|0|non
Salon Des Futurs Mariés|44.849693|-0.570399|Halls d'exposition|0|4|0|non
Salon Des Futurs Maries|44.856355|-0.568436|Halls d'exposition|5619|3|0|non
Salon Des Futurs Maries Du 25 Au 26 Octobre 2014|44.856355|-0.568436|Halls d'exposition|5619|3|0|non
Salon Des Mineraux Et Des Fossiles 23 Et 24 Novembre 2013|44.856355|-0.568436|Halls d'exposition|5619|3|0|non
Salon Des Parents|44.872645|-0.571176|Salles de spectacle / conférences|1000|3|4|non
Salon Du Lyceen Et De L'Etudiant Du 11 Au 13/01/2013|44.843016|-0.590765|Halls d'exposition|7200|7|0|non
Salon Du Mariage Du 16 Au 18 Janvier 2015|44.872645|-0.571176|Salles de spectacle / conférences|6141|3|4|non
Salon Du Vintage|44.856355|-0.568436|Halls d'exposition|5619|3|0|non
Salon Eropolis Du 28 Au 29 Mars 2015|44.856355|-0.568436|Halls d'exposition|5619|3|0|non
Salon Exp'Hotel|44.843016|-0.590765|Halls d'exposition|0|7|0|non
Salon Figure Libre|44.839221|-0.579198|Centres commerciaux|0|5|2|non
Salon Glam'S|44.816921|-0.57233|Centres commerciaux|4|6|2|non
Salon Joueclub 7 Et 8 Juin 2015|44.856355|-0.568436|Halls d'exposition|5619|3|0|non
Salon North Buy Southwest|44.856355|-0.568436|Halls d'exposition|5619|3|0|non
Salon Pro A Pro Distribution Sud 05/12/2012|44.852746|-0.566354|Halls d'exposition|0|2|0|non
Salon Pro A Pro Le 26 Novembre 2014|44.856355|-0.568436|Halls d'exposition|5619|3|0|non
Salon Pro Des Reparateurs Auto Le 01/12/2012|44.862132|-0.587876|Halls d'exposition|0|6|0|non
Salon Pro Joueclub 22 Au 24 Avril 2013|44.856355|-0.568436|Halls d'exposition|5619|3|0|non
Salon So Good|44.856355|-0.568436|Halls d'exposition|5619|3|0|non
Salon Tereva Distribution 13 Septembre 2013|44.872645|-0.571176|Salles de spectacle / conférences|6141|3|4|non
Salon Veggieworld|44.856355|-0.568436|Halls d'exposition|5619|3|0|non
Salons Formations Artistiques, Communication, Numerique Et Sante, Social & Paramedical|44.872645|-0.571176|Salles de spectacle / conférences|6141|3|4|non
Salonsce|44.856355|-0.568436|Halls d'exposition|5619|3|0|non
Salonsce 26 Et 27 Septembre 2013|44.856355|-0.568436|Halls d'exposition|5619|3|0|non
Sarl Institut Parisien De Francais Langue Etrangere|44.844876|-0.579877|Écoles / collèges / lycées|44|5|7|non
Sarl L'Abricotin|44.836392|-0.581502|Centres commerciaux|89|6|2|non
Sarl Partenaire Investissement|44.851265|-0.577237|Centres commerciaux|0|5|2|non
Sarl Technimetal|44.830206|-0.543309|Halls d'exposition|7|4|0|non
Sas Micro Repair|44.839413|-0.581564|Centres commerciaux|18|6|2|non
Sauna Thiers|44.860468|-0.609936|Gymnases / sports couverts|195|8|6|oui
Scc Bordeaux Capma|44.848435|-0.571142|Mairies / administrations|0|4|5|non
Sci Albatros|44.835421|-0.582375|Mairies / administrations|0|6|5|oui
Sci Du 42 Avenue D'Ares - Cabinet Medical|44.820154|-0.598235|Mairies / administrations|0|8|5|oui
Sci Lico|44.850516|-0.574381|Mairies / administrations|0|4|5|non
Sci Ortho Bel Air|44.839098|-0.606794|Mairies / administrations|16|8|5|oui
Scm Lafontaine|44.848902|-0.59484|Mairies / administrations|0|7|5|oui
Sculpt Coiffure|44.83843|-0.57974|Centres commerciaux|0|6|2|non
Sdi Sa Grossiste En Vetements|44.892321|-0.546856|Centres commerciaux|0|6|2|non
Secours Populaire Francais|44.826086|-0.548684|Mairies / administrations|19|2|5|non
Seminaire Aquitanis|44.856355|-0.568436|Halls d'exposition|5619|3|0|non
Serrurerie-Cordonnerie|44.843048|-0.570923|Centres commerciaux|3|4|2|non
Service Caisse Centrale Sncf|44.82194|-0.553941|Mairies / administrations|10|2|5|non
Showroom Tryba|44.84039|-0.569416|Centres commerciaux|0|4|2|non
Size Factory|44.845074|-0.578382|Centres commerciaux|95|5|2|non
Skeen Concept|44.839827|-0.581098|Mairies / administrations|0|6|5|oui
Societe D'Avocats Lexymore|44.847806|-0.581073|Mairies / administrations|10|5|5|non
Societe De Gestion De L'Assainissement De La Cub N°2|44.82782|-0.575129|Mairies / administrations|0|5|5|non
Société Nationale De Sauvetage En Mer|44.841204|-0.586542|Écoles / collèges / lycées|40|6|7|oui
Soiree De Gala Maison Ronald Mc Donald|44.855285|-0.588633|Salles de spectacle / conférences|976|6|4|non
Solidplaces|44.833209|-0.57665|Mairies / administrations|18|5|5|non
St Joseph De Tivoli:Gymnase & Foyer.|44.853837|-0.597089|Gymnases / sports couverts|640|7|6|oui
Stade Henri Lequesne:Gymnase Virginia|44.849574|-0.626403|Gymnases / sports couverts|562|9|6|oui
Stade Henri Lequesne:Vestiaires|44.849574|-0.626403|Gymnases / sports couverts|50|9|6|oui
Ste Marie Bastide Salle Gallia|44.843073|-0.552162|Salles de spectacle / conférences|150|2|4|non
Studio Glob Theatre Centre De Formation|44.860781|-0.562013|Écoles / collèges / lycées|42|1|7|non
Sylvie Coiffure|44.844664|-0.585956|Mairies / administrations|0|6|5|oui
Tabac Beluche-Abad|44.829747|-0.57223|Centres commerciaux|0|5|2|non
Tabac Le Nicot|44.849459|-0.595028|Centres commerciaux|0|7|2|non
Tabac Presse Loto|44.835086|-0.583958|Centres commerciaux|0|6|2|non
Tabac Presse Loto L'Epicurien|44.849959|-0.585887|Centres commerciaux|19|6|2|non
Temporis Bordeaux Rive Droite|44.843883|-0.554341|Mairies / administrations|0|2|5|non
The Lingerie Shop|44.852807|-0.580379|Centres commerciaux|3|5|2|non
Toledano|44.843567|-0.577065|Centres commerciaux|0|5|2|non
Tresorerie Generale De La Gironde|44.862132|-0.587876|Mairies / administrations|0|6|5|oui
Tribunal De Police: Bat Misericorde|44.83319|-0.576473|Mairies / administrations|100|5|5|non
Triopolis|44.829639|-0.576298|Mairies / administrations|199|5|5|non
U Express Belcier Local Commercial Gironde Habitat|44.826045|-0.608722|Centres commerciaux|395|8|2|non
C.C.Leclerc St Louis: Espace Culturel|44.862954|-0.567368|Centres commerciaux|15|2|2|non
C.C.Les Bastides: Cabinets Medicaux|44.843955|-0.542428|Mairies / administrations|16|5|5|non
C.C.Meriadeck: Restaurant 05|44.838926|-0.583142|Centres commerciaux|0|6|2|non
C.C.St Christoly:|44.839286|-0.576552|Centres commerciaux|0|5|2|non
C.C.St Christoly: Articles De Paris|44.839286|-0.576552|Centres commerciaux|0|5|2|non
Cabinet D'Avocats Gaelle Chevreau|44.844815|-0.576612|Mairies / administrations|3|5|5|non
49Ème Convention Esdr|44.872645|-0.571176|Salles de spectacle / conférences|6141|3|4|non
A.R.E.S.C.J.:Siege De L'Association|44.841401|-0.582688|Mairies / administrations|10|6|5|oui
Abc Gravure|44.862132|-0.587876|Centres commerciaux|0|6|2|non
Academie Spa|44.831216|-0.596434|Écoles / collèges / lycées|110|7|7|oui
Accastillage Diffusion|44.875813|-0.555705|Centres commerciaux|5|3|2|non
Adecco Pme Btp|44.846657|-0.579029|Mairies / administrations|10|5|5|non
Adv Concept|44.843271|-0.571617|Centres commerciaux|8|4|2|non
Afec|44.883805|-0.568467|Écoles / collèges / lycées|78|2|7|non
Agence Bancaire Bnp Paribas|44.839596|-0.574191|Mairies / administrations|8|5|5|non
Agence Bancaire Credit Mutuel Bastide|44.842973|-0.55582|Mairies / administrations|17|1|5|non
Agence Caisse D'Epargne Achard|44.849684|-0.591862|Mairies / administrations|8|7|5|oui
Agence Commerciale De Pret A Porter|44.837485|-0.574065|Centres commerciaux|19|5|2|non
Agence Conseil Btp Prevoyance|44.840795|-0.561254|Mairies / administrations|8|2|5|non
Auto Ecole Omega|44.856539|-0.602706|Mairies / administrations|16|8|5|oui
Auto Ecole Portez|44.847076|-0.593797|Mairies / administrations|0|7|5|oui
Azur Interim|44.83148|-0.598095|Mairies / administrations|0|8|5|oui
Banque Courtois|44.843137|-0.574264|Mairies / administrations|36|5|5|non
Banque Populaire Aquitaine Centre Atlantique|44.818452|-0.572398|Mairies / administrations|0|6|5|oui
Banque Populaire Du Sud-Ouest|44.836268|-0.602888|Mairies / administrations|5|8|5|oui
Bassins A Flot - Lot P9C : Commerce 3|44.864943|-0.559972|Centres commerciaux|141|2|2|non
Bassins A Flot Ilot C5 - Lf2 Commerce 1|44.835154|-0.567124|Centres commerciaux|0|4|2|non
Bätiment Commercial|44.894578|-0.554037|Halls d'exposition|39|5|0|non
Batiment D Exploitation|44.850224|-0.548248|Mairies / administrations|5|4|5|non
Batiment Multifonctionnel G1 Ilôt P4 - Lot B7 - Centre De Phototerapie Depil Tech|44.835091|-0.566165|Centres commerciaux|21|3|2|non
Bayard|44.838733|-0.571383|Centres commerciaux|87|4|2|non
Bibliotheque Flora Tristan|44.821274|-0.550768|Bibliothèques / médiathèques|316|1|1|non
Bibliotheque-Musee Du Jardin Botanique|44.850314|-0.576895|Bibliothèques / médiathèques|10|5|1|non
Bijouterie Lott|44.843556|-0.578443|Centres commerciaux|4|5|2|non
Bijouterie Louis D'Or|44.852708|-0.573345|Centres commerciaux|0|4|2|non
Bijouterie Tournis|44.84202|-0.576892|Centres commerciaux|0|5|2|non
Bordeaux International School|44.833019|-0.589451|Écoles / collèges / lycées|80|7|7|oui
Bordeaux Y Nov - Lima - Ecole Superieure Privee Art Design De Bordeaux|44.841298|-0.586068|Écoles / collèges / lycées|180|6|7|oui
Boulangerie Le 48 Paul Doumer|44.851614|-0.574362|Centres commerciaux|4|4|2|non
Cabinet Medical|44.839312|-0.587649|Hôpitaux / cliniques|-20|6|9|non
Cabinet Medical Coeur De Cauderan : Bat E|44.847305|-0.602334|Hôpitaux / cliniques|6|8|9|non
Cabinet Medical Dr. Campmas|44.83872|-0.576612|Mairies / administrations|0|5|5|non
Cabinet Medical Dr. Guitton|44.839036|-0.570202|Mairies / administrations|2|4|5|non
Cabinet Medical Dr. San-Galli|44.837406|-0.609953|Mairies / administrations|0|8|5|oui
Cabinet Medical Fourcade|44.8549|-0.573883|Mairies / administrations|6|4|5|non
Cabinet Medical Philippe Royal|44.841736|-0.57549|Mairies / administrations|3|5|5|non
Cabinet Medical Puel Vincent Et Coulon Paul|44.853792|-0.588511|Mairies / administrations|15|6|5|oui
Cabinet Ophtalmologique|44.847089|-0.575364|Mairies / administrations|0|5|5|non
Cabinet Osteopathe|44.85235|-0.619777|Mairies / administrations|0|9|5|oui
Cabinet Paramedical|44.838371|-0.576578|Mairies / administrations|0|5|5|non
Cabinet Paramedical De Saint Augustin|44.833172|-0.608726|Mairies / administrations|12|8|5|oui
Cabinet Psy|44.825582|-0.589413|Mairies / administrations|0|7|5|oui
Cabinet Psychiatrie|44.832473|-0.577204|Mairies / administrations|0|5|5|non
Cabinet Rabau Darchand|44.852866|-0.568851|Mairies / administrations|0|3|5|non
"Cafe ""Columbus Café & Co"""|44.838074|-0.573939|Centres commerciaux|60|5|2|non
Caisse D'Epargne|44.843437|-0.575851|Mairies / administrations|10|5|5|non
Caisse D'Epargne Aquitaine|44.851748|-0.613472|Mairies / administrations|23|8|5|oui
Caisse De Prevoyance Et De Retraites Du Personnel Sncf|44.822376|-0.559396|Mairies / administrations|15|3|5|non
Caisse Du Credit Mutuel|44.836652|-0.581094|Mairies / administrations|30|6|5|oui
Carrefour Bio|44.838486|-0.571948|Centres commerciaux|87|4|2|non
Carrefour City|44.851602|-0.580861|Centres commerciaux|162|5|2|non
Carrefour City|44.849609|-0.572478|Centres commerciaux|127|4|2|non
Carrefour City Bassins A Flots Ilot B3 Lot 4|44.822742|-0.597104|Centres commerciaux|195|8|2|non
Carrefour City Ex-Agence De La Poste Saint Projet|44.83872|-0.574365|Centres commerciaux|100|5|2|non
Carrefour Market Bastide|44.842549|-0.559502|Centres commerciaux|1347|1|2|non
Carvi Computers|44.819826|-0.597789|Centres commerciaux|12|8|2|non
Casino Shop|44.839045|-0.581583|Centres commerciaux|248|6|2|non
Cc Les Passages Cmk : D'Accord Cofee Lounge Lot 003|44.841134|-0.583628|Centres commerciaux|0|6|2|non
Cc Les Passages Cmk : Magasin Okaidi Lot N°  13|44.841134|-0.583628|Centres commerciaux|19|6|2|non
Cc Les Passages Cmk : Vide ( Ex Viagio) Lot N°11|44.841134|-0.583628|Centres commerciaux|70|6|2|non
Cemea Aquitaine|44.832611|-0.567712|Écoles / collèges / lycées|25|4|7|non
Centre Commercial Europe Du Grand Parc : Ilot A - Pressing Ines|44.880364|-0.550327|Centres commerciaux|43|4|2|non
Centre Commercial Grand Parc Ilot Counord Batiment 2 : Lot 2C - La Baguette Depuis 2018|44.859684|-0.575319|Centres commerciaux|0|4|2|non
"Centre D'Action Educative ""Port De La Lune"""|44.859528|-0.564625|Mairies / administrations|7|2|5|non
Centre D'Examen Du Permis De Conduire|44.859571|-0.633805|Mairies / administrations|40|9|5|oui
Centre De Cafeologie|44.892358|-0.546838|Centres commerciaux|18|6|2|non
Centre De Consultations Medicales(Annule) Voir 5-20-356|44.830253|-0.605881|Mairies / administrations|0|8|5|oui
Centre De Formation|44.830348|-0.538148|Écoles / collèges / lycées|80|4|7|non
Centre De Formation Marc Marincamp/L'Onglerie|44.840201|-0.58465|Écoles / collèges / lycées|4|6|7|oui
Centre De Musique Aquitain Joseph Ganter|44.85409|-0.575397|Écoles / collèges / lycées|15|4|7|non
Centre De Paiement De La S.S. N°46|44.839915|-0.557191|Mairies / administrations|100|1|5|non
Centre De Phototherapie Depil Tech|44.837781|-0.575918|Centres commerciaux|19|5|2|non
Centre De Readaptation - Foyer De Cauderan|44.845634|-0.594618|Hôtels / hébergements|14|7|3|non
Centre De Sante Infirmier Bx Cauderan|44.856609|-0.618275|Mairies / administrations|0|8|5|oui
Centre Medico-Scolaire|44.841621|-0.552598|Mairies / administrations|14|2|5|non
Centre Social Son Tay|44.824849|-0.551713|Salles de spectacle / conférences|450|1|4|non
Cfcr City'Pro|44.832953|-0.579575|Écoles / collèges / lycées|0|6|7|oui
Ch.Ch.Perrens Foyer Therapeutique|44.854986|-0.576751|Salles de spectacle / conférences|20|5|4|non
Ch.Ch.Perrens Pole Bordeaux Sante Mentale  Dossier General|44.823625|-0.600266|Hôpitaux / cliniques|186|8|9|non
Chamming'S Avocats|44.843623|-0.57665|Mairies / administrations|0|5|5|non
Chanteur Audioprothesiste|44.844353|-0.578198|Mairies / administrations|0|5|5|non
Chapiteau Pour Vente De Sapins Parking Ikea|44.88067|-0.570246|Centres commerciaux|5866|2|2|non
Chorales Des Ecoles Du Rep Bordeaux Bastide|44.839846|-0.553339|Gymnases / sports couverts|356|2|6|non
Chu Bordeaux : Institut Des Metiers De La Sante|44.847998|-0.573582|Écoles / collèges / lycées|1066|4|7|non
Chu Bordeaux:Centre Francois Xavier Michelet|44.830385|-0.603262|Hôpitaux / cliniques|702|8|9|non
Chu Bordeaux:Consult Neurochirurgie-Irm-Batiment Martinot|44.830385|-0.603262|Hôpitaux / cliniques|12|8|9|non
Chu Bordeaux:Neurochirurgie-Hospitalisation|44.830385|-0.603262|Hôpitaux / cliniques|80|8|9|non
Cic Societe Bordelaise|44.846447|-0.577331|Mairies / administrations|16|5|5|non
Cinema Bassins A Flot : Commerce 6|44.864943|-0.559972|Centres commerciaux|121|2|2|non
Cityvol Voyages|44.862132|-0.587876|Mairies / administrations|0|6|5|oui
Cjv Coiffure|44.837746|-0.572326|Centres commerciaux|0|4|2|non
Clinique Chirurgicale Bel Air|44.843715|-0.628607|Hôpitaux / cliniques|58|9|9|non
Clinique St Augustin:Dossier General|44.836475|-0.605426|Hôpitaux / cliniques|336|8|9|non
Club Senior Vilaris|44.826218|-0.564016|Salles de spectacle / conférences|97|4|4|non
Cofilance|44.840957|-0.559101|Mairies / administrations|8|1|5|non
Coiffure Anne Caline Sarl|44.847869|-0.581665|Centres commerciaux|18|6|2|non
College Cassignol An:Bt B Futur College Brossolette (Annexe)|44.844365|-0.593844|Écoles / collèges / lycées|50|7|7|oui
College Ste Clotilde : Bat Annexe Marret|44.848084|-0.595729|Écoles / collèges / lycées|150|7|7|oui
Commerce|44.830779|-0.579097|Centres commerciaux|5|6|2|non
Commerce|44.833051|-0.581756|Centres commerciaux|9|6|2|non
Commerce|44.850154|-0.605297|Centres commerciaux|4|8|2|non
Commerce 02 (Coque M 5) - Zac Saint Jean Belcier - Lot 8.3 A|44.82194|-0.553941|Centres commerciaux|50|2|2|non
Commerce 1|44.844489|-0.578114|Centres commerciaux|15|5|2|non
Commerce 1|44.828999|-0.575622|Centres commerciaux|0|5|2|non
Commerce 2 Immobiliere Sud Atlantique|44.833526|-0.610993|Centres commerciaux|11|8|2|non
Commerce C.1C - Ensemble Immobilier Brienne Ilot 5.1.C - Zac Bordeaux Saint Jean Belcier|44.823623|-0.544283|Centres commerciaux|623|2|2|non
Commerce C.2H - Ensemble Immobilier Brienne Ilot 5.1.C - Zac Bordeaux Saint Jean Belcier|44.823623|-0.544283|Centres commerciaux|29|2|2|non
Commerce C.2J - Ensemble Immobilier Brienne Ilot 5.1.C - Zac Bordeaux Saint Jean Belcier|44.823623|-0.544283|Centres commerciaux|19|2|2|non
Commerce C.2K - Ensemble Immobilier Brienne Ilot 5.1.C - Zac Bordeaux Saint Jean Belcier|44.823623|-0.544283|Centres commerciaux|13|2|2|non
Commerce C.3A - Ensemble Immobilier Brienne Ilot 5.1.C.B - Zac Bordeaux Saint Jean Belcier|44.823623|-0.544283|Centres commerciaux|198|2|2|non
Commerce C2|44.862634|-0.617106|Centres commerciaux|0|8|2|non
Commerce Demeter|44.880494|-0.542805|Centres commerciaux|42|5|2|non
Commerce Lot C4 (Coque) - Brazza Lot A1 - Bâtiment G3|44.840747|-0.569569|Centres commerciaux|0|4|2|non
Commerce Sci Ste Colombe|44.837404|-0.570284|Centres commerciaux|19|4|2|non
Commerces Sccv Adagio|44.832744|-0.604586|Centres commerciaux|0|8|2|non
Commissariat Des Capucins|44.829725|-0.565061|Mairies / administrations|3|4|5|non
Commission Locale D'Insertion|44.859436|-0.565396|Mairies / administrations|18|2|5|non
Complexe Buscaillet|44.870994|-0.550651|Salles de spectacle / conférences|324|4|4|non
Complexe Sortif Gerard Brocas : Salle De Sports Gerard Brocas Et Locaux Cmcas|44.882912|-0.550513|Gymnases / sports couverts|1390|4|6|non
Complexe Technique Municipal|44.87072|-0.564611|Mairies / administrations|402|1|5|non
Comptoir Bordelais Du Bijou D'Occasion|44.841441|-0.57848|Centres commerciaux|0|5|2|non
Comptoir Bordelais Du Bijou D'Occasion (Local B)|44.844159|-0.577707|Centres commerciaux|18|5|2|non
Comtesse Du Barry (Ex Etnimod)|44.838732|-0.575656|Centres commerciaux|17|5|2|non
Concert Florent Pagny 3 Avril 2015|44.83489|-0.587663|Salles de spectacle / conférences|7212|7|4|non
Concert Les Insus-Portables|44.83489|-0.587663|Salles de spectacle / conférences|7212|7|4|non
Congrès De La Fédération Internationale Des Logis|44.872645|-0.571176|Salles de spectacle / conférences|6141|3|4|non
Congres De Neurochirurgie 20 Au 23/03/2013|44.850031|-0.570868|Halls d'exposition|220|4|0|non
Congres Du Sommeil 2012 Du 22 Au 24 Novembre 2012|44.872645|-0.571176|Halls d'exposition|3600|3|0|non
Congres Getis Le 25 Mars 2014|44.850031|-0.570868|Hôtels / hébergements|2500|4|3|non
Congres Institut Colonne Vertebrale 30 Et 31 Mai 2013|44.850031|-0.570868|Hôtels / hébergements|2500|4|3|non
Conservatoire National De Region Et Salle Antoine Vitez|44.831736|-0.559527|Salles de spectacle / conférences|1073|2|4|non
Convention Bouygues Immobilier 3 Juillet 2014|44.856355|-0.568436|Halls d'exposition|5619|3|0|non
Convention Tattoo 02/03 Fevrier 2013|44.851748|-0.613472|Halls d'exposition|1085|8|0|non
Cours Galien|44.835656|-0.582491|Écoles / collèges / lycées|199|6|7|oui
Creasud Annexe ( Ex Gymnase Joseph Faure X.7 )|44.839673|-0.550778|Écoles / collèges / lycées|100|3|7|non
Creche - R5 - Bordeaux Nord|44.894505|-0.567646|Écoles / collèges / lycées|15|5|7|non
Creche D'Ornano|44.831603|-0.597674|Écoles / collèges / lycées|26|8|7|oui
Creche Magendie|44.833185|-0.575827|Écoles / collèges / lycées|40|5|7|non
Creche People & Baby|44.850665|-0.606232|Écoles / collèges / lycées|15|8|7|oui
Creche People & Baby|44.826236|-0.577128|Écoles / collèges / lycées|31|6|7|oui
Creche People And Baby|44.822577|-0.581149|Écoles / collèges / lycées|36|6|7|oui
Creche-Halte Garderie Pain D'Epice|44.823178|-0.593857|Écoles / collèges / lycées|20|7|7|oui
Credit Agricole Agence Bancaire Bordeaux Victoire|44.831453|-0.573613|Mairies / administrations|14|5|5|non
Crédit Agricole D'Aquitaine|44.842172|-0.579189|Mairies / administrations|3|5|5|non
Devco France|44.842964|-0.575913|Centres commerciaux|4|5|2|non
Direction Dep Du Travail De L'Emploi Et De La Formation Prof|44.834363|-0.58816|Mairies / administrations|95|7|5|oui
Direction Regionale Apf|44.843802|-0.606578|Mairies / administrations|34|8|5|oui
Dispensaire Animalier De Bordeaux|44.841668|-0.581358|Mairies / administrations|0|6|5|oui
Distillerie Moonharbour|44.87072|-0.564611|Centres commerciaux|48|1|2|non
Docks Caviar|44.834707|-0.573389|Centres commerciaux|0|5|2|non
Domaine Montesquieu|44.833937|-0.574438|Écoles / collèges / lycées|0|5|7|non
Dossier Doublon|44.841736|-0.57549|Centres commerciaux|0|5|2|non
Eat Salad|44.863554|-0.581319|Centres commerciaux|147|5|2|non
Ec Privee D'Ens Tech D'Esthetique Fr Bouniol|44.841414|-0.578625|Écoles / collèges / lycées|45|5|7|non
Ec Privee De Prothese Dentaire Ipso|44.834297|-0.586212|Écoles / collèges / lycées|50|6|7|oui
Ecole C.E.S.A.M.|44.847146|-0.574646|Écoles / collèges / lycées|10|4|7|non
Ecole De Danse|44.841448|-0.575443|Gymnases / sports couverts|1|5|6|non
Ecole De Danse|44.831422|-0.57486|Écoles / collèges / lycées|0|5|7|non
Ecole De Danse Studio 17|44.834477|-0.575564|Gymnases / sports couverts|18|5|6|non
Ecole De Musique|44.846056|-0.587821|Écoles / collèges / lycées|0|6|7|oui
Ecole De Musique|44.842039|-0.578253|Écoles / collèges / lycées|0|5|7|non
Ecole Du Bon Pasteur : Batiment Étude Et Motricité|44.842709|-0.608667|Écoles / collèges / lycées|49|8|7|oui
Ecole Du Septieme Art|44.842644|-0.586173|Écoles / collèges / lycées|40|6|7|oui
Ecole Francaise Des Attaches De Presse -Efap|44.849752|-0.570368|Écoles / collèges / lycées|150|4|7|non
Ecole Montessori|44.842263|-0.603479|Écoles / collèges / lycées|61|8|7|oui
Ecole Supérieure De Commerce Et D'Économie Numérique|44.854981|-0.565055|Écoles / collèges / lycées|40|2|7|non
Ecole Superieure Des Metiers De L'Image|44.872298|-0.546724|Écoles / collèges / lycées|90|5|7|non
Ehpad Terre Negre Dossier General|44.85097|-0.592184|Maisons de retraite / handicapés|533|7|8|non
Electricite Services Gironde|44.857501|-0.589944|Mairies / administrations|15|6|5|oui
Elementaire  Et Creche  Balguerie|44.856508|-0.569586|Écoles / collèges / lycées|294|3|7|non
Elementaire Albert Barraud|44.844521|-0.586547|Écoles / collèges / lycées|574|6|7|oui
Elementaire Charles Martin|44.874237|-0.55178|Écoles / collèges / lycées|168|4|7|non
Elementaire David Johnston|44.850833|-0.584578|Écoles / collèges / lycées|282|6|7|oui
Elementaire Ferdinand Buisson|44.823678|-0.55129|Écoles / collèges / lycées|200|1|7|non
Elementaire Pins Francs|44.858786|-0.625033|Écoles / collèges / lycées|119|9|7|oui
Ens St Seurin: Ec Bat Central|44.843581|-0.589284|Écoles / collèges / lycées|113|6|7|oui
Ensemble Hôtelier - Lot 8.3 B|44.840838|-0.570978|Hôtels / hébergements|1197|4|3|non
Epcc Ex I.N.S.E.E.C.|44.849241|-0.573191|Écoles / collèges / lycées|0|4|7|non
Eric Bompard|44.839869|-0.579511|Centres commerciaux|0|5|2|non
Escape Game|44.845815|-0.580062|Gymnases / sports couverts|40|5|6|non
Espace Bien Etre Wellness Solidarity|44.84755|-0.614053|Mairies / administrations|0|8|5|oui
Espace Monsejour|44.852538|-0.620139|Mairies / administrations|0|9|5|oui
Espace Solidarite : Salle Polyvalente|44.847859|-0.543233|Salles de spectacle / conférences|84|5|4|non
Etude Notariale|44.848996|-0.583725|Mairies / administrations|38|6|5|oui
Euro Fitness Federation|44.831633|-0.577901|Gymnases / sports couverts|0|6|6|oui
Faïencerie De Gien|44.858458|-0.562943|Centres commerciaux|38|1|2|non
Federation Compagnonnique:Bat F|44.824326|-0.564422|Salles de spectacle / conférences|180|4|4|non
Festival Ciao|44.831191|-0.572331|Écoles / collèges / lycées|0|5|7|non
Festival Comdomtom - Salle Gouffrand|44.855938|-0.572019|Salles de spectacle / conférences|300|4|4|non
Flow Hair|44.853765|-0.57459|Centres commerciaux|0|4|2|non
Formes|44.842789|-0.577315|Centres commerciaux|15|5|2|non
Foyer De Sonacotra Bordeaux Daney|44.866768|-0.574093|Salles de spectacle / conférences|90|4|4|non
Foyer Pour Jeunes|44.832987|-0.576724|Mairies / administrations|60|5|5|non
Foyer Senoir Association|44.848542|-0.586921|Salles de spectacle / conférences|0|6|4|non
Franck Provost|44.841038|-0.575|Centres commerciaux|31|5|2|non
Gal Grands Hommes: Etal 18 La Criee Des Gds Hommes|44.842816|-0.577589|Centres commerciaux|0|5|2|non
Gal Grands Hommes: Etal 8 Le Petit Comptoir|44.842816|-0.577589|Centres commerciaux|0|5|2|non
Galerie St Michel|44.849469|-0.622532|Centres commerciaux|50|9|2|non
Galerie Tatry - Wave Surf Café|44.863147|-0.572986|Gymnases / sports couverts|158|4|6|non
Galerie Tatry: Bordeaux Vr|44.838067|-0.588191|Gymnases / sports couverts|18|6|6|oui
Ginko Ilot C2.2 Salle De Sport Lot 7.09|44.878852|-0.570495|Gymnases / sports couverts|401|3|6|non
Grand Lebrun : Batiment A - Petit College|44.850371|-0.605994|Écoles / collèges / lycées|365|8|7|oui
Groupama Centre Atlantique - Agence Bonnac Meriadeck|44.840288|-0.583501|Mairies / administrations|6|6|5|oui
Groupe Launay|44.842264|-0.571241|Mairies / administrations|11|4|5|non
Groupe Medical Edouard Vaillant|44.831923|-0.60073|Mairies / administrations|28|8|5|oui
Groupe Scolaire Saint Genes:Ecole Primaire|44.824956|-0.581336|Écoles / collèges / lycées|361|6|7|oui
Groupe Scolaire Somme:Dos General|44.838912|-0.574426|Écoles / collèges / lycées|582|5|7|non
Groupe Scolaire Stendhal|44.856402|-0.568036|Écoles / collèges / lycées|237|3|7|non
Groupement D'Etablissements - Doss General|44.835656|-0.582491|Écoles / collèges / lycées|215|6|7|oui
Gymnase Alice Millat|44.835094|-0.571917|Gymnases / sports couverts|0|4|6|non
Gymnase Grand Parc 2|44.862746|-0.581171|Gymnases / sports couverts|200|5|6|non
Gymnase Malleret|44.848645|-0.585987|Gymnases / sports couverts|199|6|6|oui
Hall D'Exposition Eficalu|44.814207|-0.564086|Halls d'exposition|13|5|0|non
Halle Debat-Ponsan  Bat C Bureaux|44.84039|-0.569416|Mairies / administrations|198|4|5|non
Halle Debat-Ponsan Bat A Et Bat B Cinema (Rez-De-Chaussee)|44.84039|-0.569416|Salles de spectacle / conférences|295|4|4|non
Hammam|44.850437|-0.57443|Hôpitaux / cliniques|50|4|9|non
Hangar 14|44.856355|-0.568436|Halls d'exposition|5619|3|0|non
Hardrige|44.852807|-0.580379|Centres commerciaux|28|5|2|non
Hebergement Sans Abri Pro Domo|44.825303|-0.56437|Hôtels / hébergements|10|4|3|non
Hotel Alienor Annexe De L'Hotel La Tour Intendance|44.841006|-0.57968|Hôtels / hébergements|20|6|3|non
"Hotel Bar La Petite Villette Ex ""Larry'S-Bar"""|44.827913|-0.559303|Hôtels / hébergements|40|2|3|non
Hotel De Bourgogne|44.835773|-0.566878|Hôtels / hébergements|34|3|3|non
Hotel De L'Etoile Et Annexe|44.871211|-0.549355|Hôtels / hébergements|15|4|3|non
Hotel Famille|44.841522|-0.572926|Hôtels / hébergements|0|4|3|non
Hotel Ibis Budget Bordeaux Lac|44.889074|-0.563505|Hôtels / hébergements|360|3|3|non
Hotel Ibis Styles Bordeaux Meriadeck|44.833715|-0.593571|Hôtels / hébergements|412|7|3|non
La Diplomate|44.84035|-0.571579|Centres commerciaux|0|4|2|non
La Maison Du Jardinier|44.843458|-0.59059|Salles de spectacle / conférences|171|7|4|non
La Panatiere De Carphil|44.821679|-0.58237|Centres commerciaux|35|6|2|non
La Porte De Bordeaux Batiment C3 - C4 : Batiment 2|44.833715|-0.593571|Centres commerciaux|10|7|2|non
La Poste|44.832302|-0.611028|Mairies / administrations|19|8|5|oui
La Source Fleurie|44.822502|-0.58128|Centres commerciaux|0|6|2|non
Laboratoire D'Analyses Medicales Exalab|44.862225|-0.567199|Mairies / administrations|19|2|5|non
Laser Quest|44.855893|-0.588687|Gymnases / sports couverts|114|6|6|oui
Laverie|44.856752|-0.629467|Centres commerciaux|15|9|2|non
Laveries Fab|44.841856|-0.575509|Centres commerciaux|0|5|2|non
Le Fil Creatif|44.841844|-0.57344|Centres commerciaux|48|5|2|non
Le Koven Coworking|44.836657|-0.570819|Mairies / administrations|64|4|5|non
Le Pacha|44.841831|-0.577211|Centres commerciaux|0|5|2|non
Le Petit Darricau|44.841362|-0.579565|Centres commerciaux|13|5|2|non
Le Petit Institut De Chine|44.844084|-0.551889|Écoles / collèges / lycées|48|2|7|non
Le Tube A Essai|44.836346|-0.57|Halls d'exposition|7|4|0|non
Leilou Shop|44.837929|-0.572293|Centres commerciaux|3|4|2|non
Les Bassins A Flots: Bureau Altera Cogedim|44.856921|-0.588765|Mairies / administrations|19|6|5|oui
Les Delices Du Mitron|44.840251|-0.569358|Centres commerciaux|6|4|2|non
Les Gourmandises D'Augustin|44.83356|-0.610634|Centres commerciaux|0|8|2|non
Les Magasins Genereux - Les Sentinelles|44.835621|-0.565008|Hôtels / hébergements|1376|3|3|non
Chocolaterie Larnicol|44.842177|-0.574797|Centres commerciaux|32|5|2|non
Chorest  Dance|44.82828|-0.578612|Écoles / collèges / lycées|30|6|7|oui
Cinema Bassins A Flot : Commerce 13|44.864943|-0.559972|Centres commerciaux|79|2|2|non
Cinema Mega Cgr Le Francais|44.842452|-0.578448|Salles de spectacle / conférences|2087|5|4|non
Citram Aquitaine|44.862683|-0.560042|Mairies / administrations|20|1|5|non
City Vol|44.824567|-0.557659|Mairies / administrations|0|2|5|non
Claire Esthetique|44.856373|-0.602414|Centres commerciaux|0|7|2|non
Clarks Outlet & Hkrio Outlet|44.82446|-0.587783|Centres commerciaux|84|7|2|non
Clinique Ophtalmologique Thiers|44.85123|-0.542356|Hôpitaux / cliniques|212|5|9|non
Clinique Veterinaire Godard|44.864343|-0.579577|Mairies / administrations|10|5|5|non
Club Bouygues Telecom|44.841614|-0.57452|Centres commerciaux|83|5|2|non
Commerce C.1B - Ensemble Immobilier Brienne Ilot 5.1.C - Zac Bordeaux Saint Jean Belcier|44.823623|-0.544283|Centres commerciaux|39|2|2|non
Commerce De La Maison Pierre Oteiza Ex-Saskia|44.839144|-0.579173|Centres commerciaux|0|5|2|non
Commerce Puy Paulin|44.841259|-0.576201|Centres commerciaux|595|5|2|non
Compétition De Gymnastique Rythmique Ens Sportif Stehelin|44.856997|-0.624467|Gymnases / sports couverts|750|9|6|oui
Conferences Seso|44.860553|-0.556028|Salles de spectacle / conférences|100|2|4|non
Congres 46Ème Journée De L'Avef|44.872645|-0.571176|Salles de spectacle / conférences|6141|3|4|non
Congres Cef|44.856355|-0.568436|Halls d'exposition|5619|3|0|non
Congres Les Journees De Lysa|44.872645|-0.571176|Salles de spectacle / conférences|6141|3|4|non
Congres National De Radioprotection 11 Au 13 Juin 2013|44.872645|-0.571176|Salles de spectacle / conférences|6141|3|4|non
Conserverie La Belle-Iloise|44.83884|-0.575256|Centres commerciaux|25|5|2|non
Convention Tatoo 13 Au 15 Avril 2018|44.856355|-0.568436|Halls d'exposition|5619|3|0|non
Couleurs D'Aquitaine Nord|44.839234|-0.612737|Centres commerciaux|0|8|2|non
Creasud Ecole De Conde|44.853379|-0.587172|Écoles / collèges / lycées|0|6|7|oui
Creche  La Coccinelle|44.860237|-0.635509|Écoles / collèges / lycées|21|9|7|oui
Creche Canaillous|44.824674|-0.553688|Écoles / collèges / lycées|22|1|7|non
Creche Familiale Saint Jean|44.832276|-0.587686|Écoles / collèges / lycées|20|7|7|oui
Creche Familiale Saint Jean|44.826966|-0.56998|Écoles / collèges / lycées|12|5|7|non
Creche George V|44.822773|-0.585013|Écoles / collèges / lycées|12|7|7|oui
Creche Les Petits Chaperons Rouges|44.837603|-0.585984|Écoles / collèges / lycées|5|6|7|oui
Creche Multi-Accueilbenauge Vincent|44.840833|-0.596267|Écoles / collèges / lycées|93|7|7|oui
Creche People And Baby|44.833672|-0.580214|Écoles / collèges / lycées|31|6|7|oui
Credit Agricole : Locaux Sociaux Et Salles Multifonctions|44.84039|-0.569416|Mairies / administrations|21|4|5|non
Croquelune|44.839419|-0.579807|Centres commerciaux|0|6|2|non
Ctr2|44.836661|-0.59959|Centres commerciaux|15|8|2|non
Cuisines Annexes Du Kokomo|44.851227|-0.590093|Centres commerciaux|5|6|2|non
Cyber Cafe|44.832972|-0.570891|Salles de spectacle / conférences|1|4|4|non
David Scenario Labo Photos|44.836599|-0.605852|Centres commerciaux|3|8|2|non
Ddh Conseil|44.842233|-0.579157|Mairies / administrations|5|5|5|non
De La Banque Populaire Du Sud Ouest|44.835629|-0.565031|Mairies / administrations|1|3|5|non
Dessange Le Bouscat|44.853369|-0.593986|Centres commerciaux|20|7|2|non
Dossier En Doublon -----|44.850031|-0.570868|Hôtels / hébergements|2500|4|3|non
Draaf Nouvelle Aquitaine|44.842907|-0.5944|Mairies / administrations|0|7|5|oui
Ec Privee Jamet-Buffereau|44.832472|-0.573845|Écoles / collèges / lycées|50|5|7|non
Eclaireuses Et Eclaireurs De France|44.829132|-0.591112|Salles de spectacle / conférences|134|7|4|non
Ecole Alain Berge: E.T.P.C.A.B.|44.841563|-0.581537|Écoles / collèges / lycées|45|6|7|oui
Ecole B.L.S.|44.842154|-0.575113|Écoles / collèges / lycées|50|5|7|non
Ecole De Danse|44.831923|-0.60073|Écoles / collèges / lycées|17|8|7|oui
Ecole De Theatre Le Cerisier|44.830782|-0.613318|Écoles / collèges / lycées|48|8|7|oui
Ecole Des Arts Et Techniques Archive|44.852202|-0.571636|Écoles / collèges / lycées|45|4|7|non
Ecole Francoise Bouniol|44.847459|-0.571343|Écoles / collèges / lycées|90|4|7|non
Ecole Internationale Tunon|44.83771|-0.571777|Écoles / collèges / lycées|63|4|7|non
Ecole Maternelle Josephine|44.860252|-0.562235|Écoles / collèges / lycées|168|1|7|non
Ecole Montessori Du Lac|44.822208|-0.599848|Écoles / collèges / lycées|45|8|7|oui
Ecole Sup Des Carrieres De L'Artisanat Et Des|44.833715|-0.593571|Écoles / collèges / lycées|199|7|7|oui
Ecole Supérieur Du Digital - Crea 2|44.835318|-0.572031|Écoles / collèges / lycées|136|4|7|non
Ehpad Croix Rouge Francaise|44.841108|-0.561425|Maisons de retraite / handicapés|122|2|8|non
Ehpad La Clairiere De Lussy|44.841516|-0.60781|Maisons de retraite / handicapés|122|8|8|non
Ehpad Terre Negre Pav Bonheur Buhan Gautier Cheverus|44.85097|-0.592184|Maisons de retraite / handicapés|533|7|8|non
Elementaire Bel Air|44.839142|-0.608479|Écoles / collèges / lycées|108|8|7|oui
Ens St Seurin: College|44.843574|-0.589158|Écoles / collèges / lycées|202|6|7|oui
Enterprise|44.826317|-0.548107|Mairies / administrations|2|2|5|non
Escape Game John Doe|44.832823|-0.573505|Gymnases / sports couverts|54|5|6|non
Escape Game Rue Des Menuts|44.833589|-0.567604|Gymnases / sports couverts|31|4|6|non
Espace De Co-Working|44.848506|-0.580386|Mairies / administrations|18|5|5|non
Espace Sanitaire|44.841038|-0.575|Centres commerciaux|39|5|2|non
Est Hair Coiffure|44.839428|-0.581345|Mairies / administrations|4|6|5|oui
Etablissement De Soutien Scolaire Maths Et +|44.853797|-0.610164|Écoles / collèges / lycées|18|8|7|oui
Etude Notariale Laplace|44.831512|-0.60488|Mairies / administrations|14|8|5|oui
Eurl Nellya - Centre D'Amincissement|44.844442|-0.581153|Mairies / administrations|0|6|5|oui
Galerie Bordelaise : Pharmacie Principale|44.841502|-0.574381|Centres commerciaux|148|5|2|non
Galerie Bordelaise : Restaurant Saladerie Radis Noir|44.841095|-0.573589|Centres commerciaux|76|5|2|non
"Galerie D'Art ""L'Estaminet"""|44.841716|-0.572979|Halls d'exposition|35|4|0|non
Immeuble Le Concorde : Societe Generale|44.874555|-0.544318|Mairies / administrations|14|5|5|non
Immeuble Professionnel Photo-Iso|44.84511|-0.576525|Mairies / administrations|0|5|5|non
La Cathedrale Du Sport|44.847689|-0.613465|Gymnases / sports couverts|1458|8|6|oui
La Halle|44.838977|-0.573621|Centres commerciaux|520|5|2|non
La Ligue Contre Le Cancer|44.852758|-0.568607|Mairies / administrations|32|3|5|non
La Mie Caline|44.834795|-0.57354|Centres commerciaux|0|5|2|non
La Mie Caline|44.840721|-0.579614|Centres commerciaux|2|6|2|non
La Nuit Des Fignos|44.856355|-0.568436|Halls d'exposition|5619|3|0|non
La Nuit Des Fignos 2017|44.856355|-0.568436|Halls d'exposition|5619|3|0|non
La Toque Cuivree Place Doumer|44.85178|-0.573596|Centres commerciaux|0|4|2|non
La Vinotheque De Bordeaux ( Ex Formasup)|44.843437|-0.574322|Centres commerciaux|159|5|2|non
Laboratoire D'Analyses Medicales|44.857504|-0.587046|Mairies / administrations|16|6|5|oui
Laforet Immobilier|44.842046|-0.557331|Mairies / administrations|0|1|5|non
Laser Game|44.846693|-0.579075|Gymnases / sports couverts|0|5|6|non
Laverie Automatique|44.843487|-0.579541|Centres commerciaux|0|5|2|non
Laverie Automatique|44.831552|-0.567651|Centres commerciaux|0|4|2|non
Lavomatic|44.828983|-0.564439|Centres commerciaux|10|3|2|non
Le Balguerie|44.862132|-0.587876|Centres commerciaux|15|6|2|non
Le Comptoir De Mathilde|44.839142|-0.573992|Centres commerciaux|20|5|2|non
Le Container|44.861338|-0.561745|Centres commerciaux|0|1|2|non
Le Slip Francais|44.840813|-0.577659|Centres commerciaux|15|5|2|non
Le Trireme : Cabinet De Consultation De Cardiologie|44.86342|-0.580129|Mairies / administrations|26|5|5|non
Leonidas|44.841897|-0.57457|Centres commerciaux|6|5|2|non
Les Bains De L'Elephant|44.853057|-0.569281|Gymnases / sports couverts|53|3|6|non
Les Perles De Cauderan|44.851161|-0.616398|Centres commerciaux|5|8|2|non
Librairie Comptines|44.837027|-0.576184|Bibliothèques / médiathèques|80|5|1|non
"Librairie Et Café ""Bradley'S Bookschop"""|44.838999|-0.573307|Centres commerciaux|30|5|2|non
Librairie Laurencier|44.839543|-0.569359|Centres commerciaux|33|4|2|non
Lieb Coiffeur Ex Boulangerie Le 48 Pey Berland|44.84081|-0.620746|Centres commerciaux|9|9|2|non
Little Marcel|44.858458|-0.562943|Centres commerciaux|149|1|2|non
Loca Coiffure|44.840469|-0.581205|Centres commerciaux|7|6|2|non
Local|44.827956|-0.575173|Mairies / administrations|0|5|5|non
Local|44.841285|-0.578053|Centres commerciaux|0|5|2|non
Local (Coque)|44.841385|-0.571855|Centres commerciaux|0|4|2|non
Local Commercial|44.839993|-0.581899|Centres commerciaux|66|6|2|non
Local Commercial|44.837119|-0.566554|Centres commerciaux|5|3|2|non
Local Commercial (Coque)|44.832281|-0.609982|Centres commerciaux|0|8|2|non
Local Commercial Ex Boucherie|44.83518|-0.566984|Centres commerciaux|1|4|2|non
Local Commercial Ex Eram Stock|44.83504|-0.573018|Centres commerciaux|47|5|2|non
Local Commercial Livre Brut|44.85554|-0.613822|Centres commerciaux|0|8|2|non
Local Commercial N° 4 In Cite|44.836656|-0.571585|Centres commerciaux|14|4|2|non
Local Commercial Sarl Veravante 27|44.835091|-0.566165|Centres commerciaux|0|3|2|non
Local Commercial Sci Calijlend|44.851303|-0.573892|Centres commerciaux|10|4|2|non
Local Commercial Sci Imocao|44.830434|-0.573313|Centres commerciaux|0|5|2|non
Local Commercial Star Telecom|44.853128|-0.56944|Centres commerciaux|19|3|2|non
Local D'Activite Avenue Thiers|44.852555|-0.617735|Mairies / administrations|11|8|5|oui
Local De Bureau|44.855345|-0.564534|Mairies / administrations|0|2|5|non
Local Vide A Usage De Bureaux Ou Commerce|44.825252|-0.588907|Centres commerciaux|0|7|2|non
Locaux C.R.D.P.|44.836266|-0.572136|Mairies / administrations|150|4|5|non
Locaux D Enseignement|44.838309|-0.610814|Écoles / collèges / lycées|30|8|7|oui
Locaux De L Union Club Bordelais|44.842382|-0.574742|Salles de spectacle / conférences|1742|5|4|non
Loge Gardien Residence Hautepierre|44.84128|-0.596019|Mairies / administrations|0|7|5|oui
Lolitatika|44.839885|-0.572068|Centres commerciaux|0|4|2|non
Tribunal D'Instance|44.831676|-0.592751|Mairies / administrations|160|7|5|oui
Union Departementale Cgt(Ex Crama U3-25)|44.848933|-0.599517|Mairies / administrations|70|7|5|oui
Union Nationale Des Aveugles Et Deficients Visuels|44.834914|-0.576044|Hôtels / hébergements|115|5|3|non
Union Saint Bruno : Batiment Sud|44.838712|-0.591038|Salles de spectacle / conférences|155|7|4|non
Unis Cite|44.83893|-0.570285|Mairies / administrations|0|4|5|non
Université De Bordeaux : Site De La Victoire|44.831191|-0.572331|Écoles / collèges / lycées|4974|5|7|non
Valority|44.845954|-0.57583|Mairies / administrations|6|5|5|non
Veggie Production|44.835899|-0.573089|Centres commerciaux|0|5|2|non
Vente D'Articles De Plein Air Du 01/04 Au 01/06/2014|44.88067|-0.570246|Centres commerciaux|6935|2|2|non
Yumie|44.839236|-0.579304|Mairies / administrations|0|5|5|non
Zac Coeur De Bastide - Ilot B - Bureaux Et Commerces|44.845641|-0.557724|Centres commerciaux|0|1|2|non
Zac Coeur De Bastide - Ilot C : Boutique 5|44.844613|-0.560477|Centres commerciaux|62|1|2|non
Zac Coeur De Bastide - Ilot E : Le Millenium|44.846248|-0.560752|Mairies / administrations|72|1|5|non
Zac Saint Jean Belcier - Ilot 9.12 - Commerce 3|44.829974|-0.581148|Centres commerciaux|27|6|2|non
Zac Saint Jean Belcier - Lot 8.3 C - Commerce (Coque) Local 02|44.82194|-0.553941|Centres commerciaux|35|2|2|non
Zac Saint Jean Belcier - Lot 8.3 C - Local D'Activités Sportives|44.82194|-0.553941|Gymnases / sports couverts|362|2|6|non
Espace Monséjour|44.856927|-0.63114|Centres commerciaux|135|9|2|non
Immeuble Les Terrasses De La Benauge: Locaux Commerciaux|44.840553|-0.553529|Centres commerciaux|0|2|2|non
Intercontinental   Bordeaux- Le  Grand Hotel|44.842547|-0.574773|Hôtels / hébergements|2060|5|3|non
"Magasin De Chaussures ""El Marouf"""|44.840995|-0.580036|Centres commerciaux|12|6|2|non
Magasin El Ganso|44.841038|-0.575|Centres commerciaux|25|5|2|non
-------------------|44.862132|-0.587876|Centres commerciaux|7|6|2|non
7Eme Salon Des 1000 Emplois Le 30 Septembre 2014|44.856355|-0.568436|Halls d'exposition|5619|3|0|non
A Nouste - Guera Da|44.813619|-0.565103|Salles de spectacle / conférences|0|5|4|non
Agence Bancaire Du Cic|44.830267|-0.573002|Mairies / administrations|12|5|5|non
Agence Bancaire Michel Inchauspé (Bami)|44.843623|-0.57665|Mairies / administrations|11|5|5|non
Agence Immobiliere|44.825578|-0.572474|Mairies / administrations|10|5|5|non
Agence Immobiliere Laforet|44.848084|-0.58223|Mairies / administrations|19|6|5|oui
Agence Immobiliere Oralia Lapierre Des Deux Rives|44.847784|-0.582228|Mairies / administrations|8|6|5|oui
Agence Lcl - Credit Lyonnais Saint Louis|44.855206|-0.571785|Mairies / administrations|13|4|5|non
Agence Mutuelle Generale Des Cheminots|44.843993|-0.590559|Mairies / administrations|6|7|5|oui
Agence Smatis|44.840807|-0.580044|Mairies / administrations|0|6|5|oui
Agence Societe Generale Capucins|44.830031|-0.569357|Mairies / administrations|16|4|5|non
Agence Square Habitat Ex Brasserie Cauderannaise|44.842423|-0.622533|Mairies / administrations|8|9|5|oui
Agora|44.823831|-0.574947|Écoles / collèges / lycées|0|6|7|oui
Aire Des Gens Du Voyage|44.894578|-0.554037|Salles de spectacle / conférences|15|5|4|non
Aux Petits Poids|44.820778|-0.57232|Centres commerciaux|15|5|2|non
C.C.Meriadeck: Restaurant 01|44.838926|-0.583142|Centres commerciaux|0|6|2|non
C.C.Meriadeck: Springfield Ex-Mango|44.852604|-0.57636|Centres commerciaux|50|5|2|non
C.C.St Christoly : Silver Smok (Ex Carnet De Vol)|44.839286|-0.576552|Centres commerciaux|7|5|2|non
Cabinet Comptable A3C|44.844938|-0.547021|Mairies / administrations|2|4|5|non
Cabinet Corim|44.851021|-0.577741|Mairies / administrations|0|5|5|non
Cabinet D'Assurance Camaret Et Tessier|44.830575|-0.592763|Mairies / administrations|0|7|5|oui
Cabinet D'Avocats|44.849752|-0.570368|Écoles / collèges / lycées|6|4|7|non
Cabinet D'Avocats|44.840882|-0.599508|Mairies / administrations|2|8|5|oui
Cabinet D'Avocats|44.837303|-0.57987|Mairies / administrations|0|6|5|oui
Cabinet D'Avocats|44.835769|-0.582199|Mairies / administrations|3|6|5|oui
Cabinet D'Avocats|44.82714|-0.594035|Mairies / administrations|0|7|5|oui
Cabinet D'Avocats|44.842125|-0.623796|Mairies / administrations|0|9|5|oui
Cabinet D'Avocats Bardet & Associes|44.843437|-0.574322|Mairies / administrations|0|5|5|non
Cabinet D'Esthetique|44.823097|-0.580048|Centres commerciaux|12|6|2|non
Cabinet D'Ophtalmologie|44.843644|-0.57195|Mairies / administrations|0|4|5|non
Cabinet D'Orthodontie|44.847398|-0.571981|Mairies / administrations|6|4|5|non
Cabinet D'Orthophonie|44.820251|-0.596604|Mairies / administrations|0|8|5|oui
Cabinet D'Orthophonie|44.841184|-0.58635|Mairies / administrations|15|6|5|oui
Cabinet D'Osteopathie|44.832726|-0.60779|Mairies / administrations|2|8|5|oui
Cabinet D'Osteopathie|44.843223|-0.557289|Mairies / administrations|18|1|5|non
Cabinet D'Osteopathie|44.829428|-0.5593|Mairies / administrations|4|2|5|non
Cabinet De Cardiologie|44.843894|-0.58155|Mairies / administrations|0|6|5|oui
Cabinet De Kinesitherapeute|44.840476|-0.589624|Mairies / administrations|0|7|5|oui
Cabinet De Kinesitherapie|44.840117|-0.599525|Écoles / collèges / lycées|16|8|7|oui
Cabinet De Kinesitherapie|44.878207|-0.571717|Mairies / administrations|12|3|5|non
Cabinet De Kinesitherapie|44.828099|-0.557168|Mairies / administrations|0|2|5|non
Cabinet De Kinesitherapie|44.840195|-0.580493|Mairies / administrations|0|6|5|oui
Cabinet Infirmier|44.847761|-0.614812|Mairies / administrations|0|8|5|oui
Cabinet Infirmier De La Victoire|44.832022|-0.578257|Mairies / administrations|2|6|5|oui
Cabinet Medecin Psychiatre|44.830708|-0.578347|Mairies / administrations|0|6|5|oui
Cabinet Medical|44.832056|-0.612022|Mairies / administrations|6|8|5|oui
Cabinet Medical|44.835203|-0.57735|Mairies / administrations|8|5|5|non
Cabinet Medical|44.832083|-0.611477|Mairies / administrations|40|8|5|oui
Cabinet Medical|44.842572|-0.571528|Mairies / administrations|6|4|5|non
Cabinet Medical|44.828054|-0.579884|Centres commerciaux|15|6|2|non
Cabinet Medical|44.84224|-0.628313|Mairies / administrations|10|9|5|oui
Cabinet Medical|44.847398|-0.571981|Mairies / administrations|0|4|5|non
Cabinet Medical|44.824595|-0.558599|Mairies / administrations|0|3|5|non
Cabinet Medical|44.826249|-0.572431|Hôpitaux / cliniques|8|5|9|non
Cabinet Medical|44.824981|-0.590311|Mairies / administrations|6|7|5|oui
Cabinet Medical|44.843467|-0.560903|Mairies / administrations|0|1|5|non
Cabinet Medical|44.855701|-0.6016|Mairies / administrations|0|7|5|oui
Cabinet Medical|44.829192|-0.599982|Mairies / administrations|6|8|5|oui
Cabinet Medical Cauderan|44.854128|-0.609743|Mairies / administrations|0|8|5|oui
Cabinet Medical Dermh2O|44.826178|-0.593472|Mairies / administrations|40|7|5|oui
Cabinet Medical Docteur Odile Fricain|44.838696|-0.596273|Mairies / administrations|5|7|5|oui
Cabinet Medical Dr Geoffray|44.849524|-0.572519|Mairies / administrations|0|4|5|non
Cabinet Medical Dr. Chakiba|44.830648|-0.581972|Mairies / administrations|8|6|5|oui
Cabinet Medical Dr. Le Coz|44.862132|-0.587876|Mairies / administrations|8|6|5|oui
Cabinet Medical Felix Villaret|44.831954|-0.596465|Mairies / administrations|0|7|5|oui
Cabinet Medical Scm Latourrette - Chapoulard & Brugere|44.845926|-0.580636|Mairies / administrations|18|5|5|non
Cabinet Medical Selarl Asa|44.830138|-0.589123|Mairies / administrations|0|7|5|oui
Cabinet Paramedical Paul Gillaizeau|44.832151|-0.585641|Mairies / administrations|0|6|5|oui
Cabinet Pedicure Podologue|44.853685|-0.571033|Mairies / administrations|0|3|5|non
Cabinet Veterinaire Du Lapin Blanc|44.82278|-0.570793|Mairies / administrations|3|5|5|non
Cabinets Paramedicaux|44.846839|-0.582386|Mairies / administrations|10|6|5|oui
Cafe Culture La Grande Poste|44.841989|-0.581294|Salles de spectacle / conférences|432|6|4|non
Campus Chartrons|44.847153|-0.583486|Centres commerciaux|2|6|2|non
Cap Associations 2019|44.856355|-0.568436|Halls d'exposition|5619|3|0|non
Carrefour Des Partenaires|44.856355|-0.568436|Halls d'exposition|5619|3|0|non
Carrefour Express|44.844523|-0.580094|Centres commerciaux|57|5|2|non
Carrefour Market Bordeaux Cauderan : Magasin|44.861159|-0.634271|Centres commerciaux|1432|9|2|non
Carrosserie Automobile Mecanique Aquitaine|44.840339|-0.598769|Centres commerciaux|0|7|2|non
Chu Bordeaux:Tripode - Administration|44.830385|-0.603262|Mairies / administrations|10|8|5|oui
Chu Bordeaux:Tripode - Hall|44.862132|-0.587876|Mairies / administrations|700|6|5|oui
Cinema Bassins A Flot : Commerce 7|44.864943|-0.559972|Centres commerciaux|163|2|2|non
City-Pro|44.862132|-0.587876|Écoles / collèges / lycées|65|6|7|oui
Club Senior Albert Barraud|44.844277|-0.586934|Salles de spectacle / conférences|90|6|4|non
Coccinelle Express|44.851119|-0.574439|Centres commerciaux|95|4|2|non
College Monsejour:Batiment Technologie Et Sport|44.855439|-0.631016|Écoles / collèges / lycées|158|9|7|oui
College Osteopathique Sutherland|44.843604|-0.573344|Écoles / collèges / lycées|97|4|7|non
College St Andre : Bat A Neuf|44.85423|-0.618486|Écoles / collèges / lycées|669|8|7|oui
College St Andre:Bat B Et C - Technologie Et Gymnase|44.853413|-0.620225|Écoles / collèges / lycées|200|9|7|oui
Commerce|44.851036|-0.569686|Centres commerciaux|2|3|2|non
Commerce|44.82785|-0.575322|Centres commerciaux|0|5|2|non
Commerce (Coque) - Hyperion 8.4|44.8195|-0.55068|Centres commerciaux|45|1|2|non
Commerce 1|44.83773|-0.572547|Centres commerciaux|47|4|2|non
Commerce 1 Ilot C13B Lucien Faure|44.835091|-0.566165|Centres commerciaux|57|3|2|non
Commerce 2A (Coque) - Zac Saint Jean Belcier - Lot 9.11 - Ilot A|44.856947|-0.566401|Centres commerciaux|42|2|2|non
Commerce 3 Immobiliere Sud Atlantique|44.833526|-0.610993|Centres commerciaux|17|8|2|non
Commerce Alimentaire|44.841305|-0.584941|Centres commerciaux|1|6|2|non
Commerce C.1D - Ensemble Immobilier Brienne Ilot 5.1.C - Zac Bordeaux Saint Jean Belcier|44.823623|-0.544283|Centres commerciaux|513|2|2|non
Commerce Et Logements - Local N°1|44.814512|-0.571972|Centres commerciaux|82|6|2|non
Commerce Et Logements Local - N°2|44.814512|-0.571972|Centres commerciaux|154|6|2|non
Commerces|44.84037|-0.586394|Centres commerciaux|0|6|2|non
Commerces|44.851771|-0.568913|Centres commerciaux|0|3|2|non
Competiton De Boxe Muay Thai Le 18 Mai 2013|44.840824|-0.551675|Gymnases / sports couverts|2571|3|6|non
Complexe Barbey : Mur D'Escalade Et Studios|44.826781|-0.563873|Gymnases / sports couverts|0|4|6|non
Congrès Des Assises De La Pneumologie Libérale - Palais Des Congrès|44.842187|-0.571079|Halls d'exposition|300|4|0|non
Congres Euroanalysis|44.872645|-0.571176|Salles de spectacle / conférences|6141|3|4|non
Controle Technique Victoire|44.850673|-0.574715|Mairies / administrations|0|4|5|non
Convention Accorhotels|44.872645|-0.571176|Salles de spectacle / conférences|6141|3|4|non
Courir|44.838257|-0.573846|Centres commerciaux|97|5|2|non
Cours D'Ambulanciers|44.826015|-0.57399|Écoles / collèges / lycées|68|5|7|non
Cours D'Art Dramatique|44.855626|-0.577451|Écoles / collèges / lycées|49|5|7|non
Cours Prive Esper|44.849896|-0.591943|Écoles / collèges / lycées|71|7|7|oui
Courts De Tennis (Club Athletique Municipal)|44.855134|-0.627292|Gymnases / sports couverts|50|9|6|oui
Cpam - Centre De Paiement De La S.S. N°4|44.839511|-0.547658|Mairies / administrations|40|3|5|non
Creche|44.847382|-0.575319|Écoles / collèges / lycées|10|5|7|non
Creche Babilou|44.848508|-0.587727|Écoles / collèges / lycées|36|6|7|oui
Creche Carreire|44.853494|-0.636395|Écoles / collèges / lycées|40|9|7|oui
Creche Multi Accueil Lucilann|44.841387|-0.616077|Écoles / collèges / lycées|20|9|7|oui
Crêche Multi-Accueil Carle Vernet|44.818049|-0.54952|Écoles / collèges / lycées|70|1|7|non
Credit Agricole Judaique|44.839956|-0.599422|Mairies / administrations|10|8|5|oui
Credit Commercial Du Sud Ouest|44.838371|-0.576578|Mairies / administrations|6|5|5|non
Csmi - Cmp Bordeaux & Direction|44.841059|-0.589362|Mairies / administrations|0|7|5|oui
Del'Ice N' Coffee|44.838298|-0.567752|Centres commerciaux|13|3|2|non
Dubois Architecte|44.827169|-0.586451|Mairies / administrations|14|7|5|oui
Ecole  Saint Projet|44.832018|-0.596645|Écoles / collèges / lycées|160|7|7|oui
Ecole Cecile Briat|44.847089|-0.575364|Écoles / collèges / lycées|19|5|7|non
École De Conduite Du Jardin Public|44.851352|-0.586822|Mairies / administrations|19|6|5|oui
Ecole De Danse Espace Danse|44.853041|-0.576439|Gymnases / sports couverts|12|5|6|non
Ecole De Danse Local 17|44.855115|-0.57318|Gymnases / sports couverts|30|4|6|non
Ecole De Musique Twin Souls|44.834792|-0.571227|Écoles / collèges / lycées|16|4|7|non
Ecole Ecv|44.861546|-0.554234|Écoles / collèges / lycées|478|3|7|non
Ecole Esgcv - Ex-Commerce A1 - Îlot G4 - Magasin|44.864943|-0.559972|Centres commerciaux|106|2|2|non
Federation Compagnonnique:Bat 108|44.854224|-0.581953|Salles de spectacle / conférences|13|5|4|non
Figaret  Magasin Vente De Vetements|44.840729|-0.578658|Centres commerciaux|43|5|2|non
Fin Tech|44.855285|-0.588633|Salles de spectacle / conférences|976|6|4|non
Flying Tiger|44.836519|-0.573564|Centres commerciaux|33|5|2|non
Fnac Junior|44.83879|-0.575001|Centres commerciaux|140|5|2|non
Gym Club Des Chartrons|44.852214|-0.569282|Gymnases / sports couverts|50|3|6|non
Gymnase La Fleche|44.833834|-0.567223|Gymnases / sports couverts|300|4|6|non
Gyoza Factory|44.840446|-0.581483|Centres commerciaux|0|6|2|non
Halte Garderie Banque De France|44.843923|-0.572074|Écoles / collèges / lycées|20|4|7|non
Hangar 27|44.835091|-0.566165|Salles de spectacle / conférences|0|3|4|non
Histoire D'Or|44.841038|-0.575|Centres commerciaux|51|5|2|non
Hôtel Cardinal|44.83736|-0.57928|Hôtels / hébergements|43|6|3|non
Hotel De La Peniche|44.840085|-0.569287|Hôtels / hébergements|0|4|3|non
Hotel De La Route Du Rhum Et Annexe|44.828034|-0.557088|Hôtels / hébergements|0|2|3|non
Hotel De Lyon|44.839675|-0.579447|Hôtels / hébergements|31|5|3|non
Hotel Eklo - Lot B121-1 Zac Bastide Niel|44.844188|-0.556267|Hôtels / hébergements|286|1|3|non
Hotel Etche Ona|44.842632|-0.575363|Hôtels / hébergements|48|5|3|non
Hotel L'Avant Scene ( Ex Bar L'Avant Scene )|44.839496|-0.591394|Hôtels / hébergements|18|7|3|non
Hotel Le V|44.830286|-0.572656|Hôtels / hébergements|76|5|3|non
Hotel Massilia|44.840615|-0.582302|Hôtels / hébergements|32|6|3|non
Hotel Mercure Bordeaux Centre|44.839148|-0.586408|Hôtels / hébergements|1472|6|3|non
Hotel Restaurant La Grande Maison|44.853042|-0.589148|Hôtels / hébergements|135|6|3|non
Hotel Tournon|44.845076|-0.577411|Hôtels / hébergements|25|5|3|non
I.N.S.E.E.C.:Service Concours|44.849609|-0.572478|Écoles / collèges / lycées|45|4|7|non
I.T.E.P. Liard Le Porz Bâtiment Gymnase|44.822002|-0.582619|Écoles / collèges / lycées|25|6|7|oui
Ilot 8.2 B - C - Crédit Agricole Aquitaine - Agence Belcier|44.819853|-0.597967|Mairies / administrations|23|8|5|oui
Ilot 8.2 D-E - Armagnac - Commerces De 5Ème Catégorie|44.821321|-0.55165|Centres commerciaux|190|1|2|non
Ilot Achard-Etrangers-Blanqui - Bat D - Pharmacie|44.866325|-0.552387|Centres commerciaux|85|4|2|non
Ilot Malher Besse Local Commercial|44.860132|-0.574815|Centres commerciaux|0|4|2|non
Ilot P2 Usine Lesieur : Batiment C3 - Commerce 2|44.86203|-0.554897|Centres commerciaux|137|3|2|non
Immeuble|44.84466|-0.575952|Mairies / administrations|0|5|5|non
Immeuble 23, 25 Rue Mably|44.843922|-0.577621|Mairies / administrations|0|5|5|non
Immeuble De La Poste|44.839139|-0.58296|Mairies / administrations|95|6|5|oui
Immeuble Des Centres Financ De La Poste|44.863878|-0.579639|Mairies / administrations|0|5|5|non
Immeuble Icade : Bureaux Et Logements|44.846353|-0.630151|Mairies / administrations|8|9|5|oui
Immeuble La Porte Du Medoc : Rise Bordeaux Et Cifac Bernom|44.8529|-0.594327|Écoles / collèges / lycées|99|7|7|oui
Immeuble Le Cinq Bureaux Pole Emploi|44.865837|-0.575408|Mairies / administrations|122|4|5|non
Itep Stehelin: Bat Mosaique|44.844737|-0.608021|Écoles / collèges / lycées|10|8|7|oui
Izi Spa|44.854091|-0.57455|Gymnases / sports couverts|13|4|6|non
Kiosque Theatre Bordeaux|44.843894|-0.576334|Mairies / administrations|19|5|5|non
L'Epicerie De Delphine|44.839352|-0.579241|Centres commerciaux|7|5|2|non
La Bouquinerie|44.841772|-0.580318|Centres commerciaux|70|6|2|non
La Cabane A Gratter|44.843627|-0.586603|Salles de spectacle / conférences|131|6|4|non
La Civette Le Havane|44.838565|-0.57648|Centres commerciaux|10|5|2|non
Oficina Laboral Espanola|44.83645|-0.573552|Mairies / administrations|10|5|5|non
Ok Daddy Boutique Pret A Porter|44.837434|-0.570831|Centres commerciaux|0|4|2|non
Onac|44.833869|-0.585057|Mairies / administrations|3|6|5|oui
Optique Saint Augustin|44.832513|-0.611975|Centres commerciaux|14|8|2|non
Or En Cash|44.842612|-0.579699|Centres commerciaux|8|5|2|non
Palais Des Congresconference Aec 2020|46.327502|-0.471609|Salles de spectacle / conférences|6141|9|4|non
Palais Des Sports|44.835782|-0.572509|Gymnases / sports couverts|2609|5|6|non
Parfumerie-Institut De Beaute (Ex Restaurant La Creperie)|44.842718|-0.579634|Centres commerciaux|128|5|2|non
Partie Communes|44.843618|-0.574709|Centres commerciaux|0|5|2|non
Pâtisserie Grand Opera Intendance|44.842142|-0.575275|Centres commerciaux|159|5|2|non
People&Baby|44.823701|-0.595732|Écoles / collèges / lycées|40|8|7|oui
Pharmacie|44.845416|-0.61124|Centres commerciaux|38|8|2|non
Piscine Georges Tissot|44.878937|-0.546402|Gymnases / sports couverts|589|5|6|non
Piscine Stehelin|44.858289|-0.626155|Gymnases / sports couverts|450|9|6|oui
Plateforme D'Accueil Des Chercheurs Et Étudiants Étrangers|44.842789|-0.550436|Salles de spectacle / conférences|145|3|4|non
Poissonnerie Vents & Marees|44.813213|-0.564528|Centres commerciaux|30|5|2|non
Pole De Competences Urban Cap|44.865298|-0.560342|Écoles / collèges / lycées|713|1|7|non
Pole Senior Brach|44.838962|-0.594694|Salles de spectacle / conférences|100|7|4|non
Poste De Police|44.852935|-0.594842|Mairies / administrations|7|7|5|oui
Prefecture De La Gironde Ex Hotel De Police|44.843521|-0.583398|Mairies / administrations|30|6|5|oui
Presentation D'Une Salle De Bains|44.837961|-0.567576|Centres commerciaux|0|3|2|non
Promocash|44.822701|-0.543086|Centres commerciaux|249|3|2|non
Quincaillerie Besombes|44.838597|-0.577104|Centres commerciaux|0|5|2|non
R.P.A. Et Club Senior Bonnefin|44.825543|-0.558557|Salles de spectacle / conférences|50|3|4|non
R.P.A. Les Grands Boulevards|44.853747|-0.593037|Salles de spectacle / conférences|69|7|4|non
R.P.A. Pont Saint Jean|44.829576|-0.557791|Salles de spectacle / conférences|78|2|4|non
Réception Le 28 Décembre 2014|44.828271|-0.597428|Gymnases / sports couverts|332|8|6|oui
Rencontres Du Tourisme Fluvial|44.856355|-0.568436|Halls d'exposition|5619|3|0|non
Residence Hoteliere Prospi|44.852866|-0.568851|Hôtels / hébergements|28|3|3|non
"Restaurant D'Application ""Le Petit Creux"""|44.83298|-0.588116|Écoles / collèges / lycées|28|7|7|oui
Restaurant Sarl Sun|44.86203|-0.554897|Centres commerciaux|97|3|2|non
Richard Navarro|44.846982|-0.575721|Mairies / administrations|0|5|5|non
S.C.I. Thiers 141|44.846983|-0.549041|Mairies / administrations|10|3|5|non
Salle Amedee Larrieu Ancien Marche|44.830274|-0.581531|Salles de spectacle / conférences|171|6|4|non
Salle Associative|44.847782|-0.544388|Salles de spectacle / conférences|19|4|4|non
Salle D'Exposition Et Vente Nexiti Appolonia|44.868467|-0.548147|Halls d'exposition|19|4|0|non
Salle De Sports Et Boutiques|44.834894|-0.576811|Gymnases / sports couverts|0|5|6|non
Salles De Sport Squashs Et Badmintons Avec Un Restaurant|44.829605|-0.574845|Gymnases / sports couverts|4|5|6|non
Salles De Sports Et Restaurant|44.840546|-0.581411|Gymnases / sports couverts|140|6|6|oui
Salon Aquitaine Export Le 20 Novembre 2014|44.872645|-0.571176|Salles de spectacle / conférences|6141|3|4|non
Salon Arts De La Table|44.838414|-0.569327|Halls d'exposition|0|4|0|non
Salon De Coiffure|44.860468|-0.609936|Centres commerciaux|0|8|2|non
Salon De Coiffure Epi Tete|44.834794|-0.575037|Centres commerciaux|0|5|2|non
Salon De Coiffure L'Essentiel|44.83223|-0.610245|Mairies / administrations|0|8|5|oui
Salon De Coiffure Paillat|44.857105|-0.586492|Centres commerciaux|4|6|2|non
Salon Decoceram|44.856355|-0.568436|Halls d'exposition|5619|3|0|non
Salon Defi Creation D'Entreprise|44.850031|-0.570868|Hôtels / hébergements|2500|4|3|non
Salon Des Elus|44.872645|-0.571176|Salles de spectacle / conférences|6141|3|4|non
Salon Du Ce De Bordeaux 2019|44.856355|-0.568436|Halls d'exposition|5619|3|0|non
Salon Du Disque 9 Et 10/03/2013|44.851748|-0.613472|Halls d'exposition|955|8|0|non
Salon Du Modelisme De Bordeaux|44.839519|-0.609264|Halls d'exposition|0|8|0|non
Salon Expo Systemax 5 Juin 2014|44.856355|-0.568436|Halls d'exposition|5619|3|0|non
Salon Fans De Briques|44.856355|-0.568436|Halls d'exposition|5619|3|0|non
Salon Figure Libre|44.83992|-0.577703|Centres commerciaux|40|5|2|non
Salon Fournisseurs Joueclub Du 25 Au 26 Mai 2014|44.856355|-0.568436|Halls d'exposition|5619|3|0|non
Salon Futur Pack 2020|46.327502|-0.471609|Salles de spectacle / conférences|6141|9|4|non
Salon Ht Cmc10|44.872645|-0.571176|Salles de spectacle / conférences|6141|3|4|non
Salon Icom|44.856355|-0.568436|Halls d'exposition|5619|3|0|non
Salon Isfs Du 20 Au 25 Septembre 2015|44.850031|-0.570868|Hôtels / hébergements|2500|4|3|non
Salon Its4C|44.849752|-0.570368|Hôtels / hébergements|2471|4|3|non
Salon Lego Fan Des Briques|44.856355|-0.568436|Halls d'exposition|5619|3|0|non
Salon Novibat Point P Du 15 Au 16 Avril 2015|44.891482|-0.566516|Halls d'exposition|2500|4|0|non
Salon Preparer Et Bien Vivre Sa Retraite|44.856355|-0.568436|Halls d'exposition|5619|3|0|non
Salon Projet Habitat Du 22 Au 24/02/2013|44.852746|-0.566354|Halls d'exposition|3514|2|0|non
Salonsce|44.856355|-0.568436|Halls d'exposition|5619|3|0|non
Sarl A Deux|44.837212|-0.571399|Centres commerciaux|0|4|2|non
Sarl Aad33|44.822471|-0.600789|Mairies / administrations|18|8|5|oui
Sarl Agapi|44.844764|-0.579136|Centres commerciaux|0|5|2|non
Sarl Lisa|44.840411|-0.58195|Centres commerciaux|11|6|2|non
Sarl Lodge - Magasin De Vente A Emporter|44.840227|-0.5719|Centres commerciaux|0|4|2|non
Sarl Wine More Time|44.836611|-0.571492|Centres commerciaux|0|4|2|non
Sas Controle Technique Alfred Daney|44.8554|-0.628927|Mairies / administrations|2|9|5|oui
Sauna Saint Jean|44.830292|-0.560699|Gymnases / sports couverts|90|2|6|non
Sci Tristar Parties Communes|44.845941|-0.577212|Mairies / administrations|0|5|5|non
Scm Cabinet Laporte Monnereau De Boysson|44.856458|-0.591338|Mairies / administrations|8|6|5|oui
Scm Mandron|44.856953|-0.586242|Hôpitaux / cliniques|0|6|9|non
Sensas|44.86764|-0.549018|Écoles / collèges / lycées|30|4|7|non
Serendipity|44.835956|-0.570429|Centres commerciaux|0|4|2|non
Sing Yam|44.841482|-0.583762|Centres commerciaux|4|6|2|non
Smc Medic 202|44.826307|-0.587659|Mairies / administrations|12|7|5|oui
Societe Bordelaise De C.I.C|44.846933|-0.576596|Mairies / administrations|12|5|5|non
Societe Lp Conseil|44.861952|-0.571372|Mairies / administrations|0|3|5|non
Soiree De Gala Congres Afib Du 19 Septembre 2012|44.848238|-0.571983|Salles de spectacle / conférences|300|4|4|non
Soirée Débat 20 Novembre 2012|44.83027|-0.565011|Salles de spectacle / conférences|200|3|4|non
Soirée Inaugurale Des Journées Européennes Du Patrimoine|44.839965|-0.583197|Salles de spectacle / conférences|579|6|4|non
Square Habitat - Credit Agricole D'Aquitaine|44.842423|-0.622533|Mairies / administrations|0|9|5|oui
Stazione 17 (Ex Boutiques Et Logements)|44.838851|-0.577518|Centres commerciaux|0|5|2|non
Steack Fripes|44.832612|-0.57082|Centres commerciaux|0|4|2|non
Stephane Plaza Immobilier|44.845953|-0.547029|Mairies / administrations|0|4|5|non
Studio 13|44.852864|-0.570395|Mairies / administrations|3|3|5|non
Studiotel Blayais|44.842603|-0.575609|Hôtels / hébergements|23|5|3|non
Take A Breath|44.832482|-0.571746|Centres commerciaux|0|5|2|non
Technolac Ii|44.877098|-0.559811|Mairies / administrations|0|2|5|non
Teneo Student Appart'Hotel|44.850216|-0.576009|Hôtels / hébergements|311|5|3|non
Tennis Couverts Du Cam|44.855134|-0.627292|Gymnases / sports couverts|50|9|6|oui
Theatre Du Pont Tournant|44.87068|-0.548457|Salles de spectacle / conférences|128|4|4|non
Theâtre Trianon|44.842265|-0.578191|Salles de spectacle / conférences|265|5|4|non
Unite D'Accueil Pour Toxicomanes|44.850993|-0.583006|Hôpitaux / cliniques|49|6|9|non
Unite Educative D'Activites De Jour|44.833072|-0.587996|Écoles / collèges / lycées|44|7|7|oui
Univ V.Segalen:I.S.P.E.D.|44.825173|-0.607774|Écoles / collèges / lycées|306|8|7|oui
Vehrts Blue Company|44.840351|-0.59861|Centres commerciaux|0|7|2|non
Vente Et Degustation De Produits Regionaux|44.840238|-0.57124|Centres commerciaux|40|4|2|non
Week End Des Grands Crus|44.856355|-0.568436|Halls d'exposition|5619|3|0|non
Week End Suspendu D'Un Paysage Perché|44.835782|-0.572509|Salles de spectacle / conférences|2609|5|4|non
Work In Progress|44.862132|-0.587876|Mairies / administrations|45|6|5|oui
Yves Rocher|44.839488|-0.574174|Centres commerciaux|0|5|2|non
Zac Coeur De Bastide - Ilot B - Commerce 1|44.845641|-0.557724|Centres commerciaux|405|1|2|non
Zac Coeur De Bastide - Ilot C : Agence Bnp Paribas|44.842549|-0.559502|Mairies / administrations|25|1|5|non
Zac Saint Jean Belcier - Lot 8.3 C - Commerce (Coque) Local 03|44.82194|-0.553941|Centres commerciaux|34|2|2|non
Boutique Jo Malone|44.84178|-0.577819|Centres commerciaux|0|5|2|non
Dojo Vicentini|44.850724|-0.545908|Gymnases / sports couverts|19|4|6|non
Ecole Maternelle St Andre|44.848482|-0.624147|Écoles / collèges / lycées|84|9|7|oui
Ensemble Immobilier Place Ste Catherine|44.841038|-0.575|Centres commerciaux|132|5|2|non
28Eme Congres Fnadepa|44.872645|-0.571176|Salles de spectacle / conférences|6141|3|4|non
63Ème Congres National De L'Umih|44.872645|-0.571176|Salles de spectacle / conférences|6141|3|4|non
7Ièmes Assises De Genetique Du 29 Au 31 Janvier 2014|44.872645|-0.571176|Salles de spectacle / conférences|6141|3|4|non
Acanthus Deco|44.853685|-0.571033|Centres commerciaux|16|3|2|non
Agence Bancaire Credit Mutuel|44.851797|-0.614225|Mairies / administrations|14|8|5|oui
Agence Banque Populaire Aquitaine Centre Atlantique|44.841708|-0.580841|Mairies / administrations|16|6|5|oui
Agence Coyote Bordeaux|44.844243|-0.578266|Centres commerciaux|18|5|2|non
Agence D'Architectes|44.846783|-0.58589|Mairies / administrations|7|6|5|oui
Agence De La Poste|44.841095|-0.573589|Mairies / administrations|0|5|5|non
Agence Echos Judiciaires|44.848674|-0.583051|Mairies / administrations|4|6|5|oui
Agence Gmf|44.83705|-0.581224|Mairies / administrations|19|6|5|oui
Agence Immobiliere|44.829316|-0.609924|Mairies / administrations|5|8|5|oui
Agence Immobiliere Ex-Le Baragouinage Ex-Restaurant Snack Black White|44.840397|-0.555477|Mairies / administrations|15|1|5|non
Agence Maaf Assurance De Bordeaux Centre|44.84394|-0.578882|Mairies / administrations|13|5|5|non
Agence Nouvelles Frontieres|44.837365|-0.575672|Mairies / administrations|19|5|5|non
Agora Exposition Espace Public Du 11 Au 14 Septembre 2014|44.856355|-0.568436|Halls d'exposition|5619|3|0|non
All Suites Appart Hotel Bx Lac|44.887428|-0.557618|Salles de spectacle / conférences|197|4|4|non
Apache|44.835715|-0.571432|Centres commerciaux|0|4|2|non
April Mon Assurance|44.851519|-0.57419|Mairies / administrations|2|4|5|non
Aquitaine Auto Moto Ecole Du Quai De Bacalan|44.857897|-0.559308|Mairies / administrations|10|1|5|non
Arbre De Noel Gymnase Broca|44.882912|-0.550513|Gymnases / sports couverts|1390|4|6|non
Archireva|44.836496|-0.569385|Mairies / administrations|0|4|5|non
Archives Municipales|44.845478|-0.556507|Bibliothèques / médiathèques|204|1|1|non
Artisan-Joaillier Francois Metay|44.83928|-0.579671|Centres commerciaux|0|6|2|non
Association Le Terroir|44.844632|-0.587825|Salles de spectacle / conférences|150|6|4|non
Astronomie Espace Optique|44.825496|-0.589141|Centres commerciaux|0|7|2|non
Atheme Formation Expertises|44.832271|-0.58226|Mairies / administrations|0|6|5|oui
Auto Ecole City-Pro|44.862132|-0.587876|Mairies / administrations|19|6|5|oui
Auto Ecole Goncourt|44.853529|-0.570695|Mairies / administrations|18|3|5|non
Auto Ecole Saint Louis|44.837937|-0.567893|Mairies / administrations|19|4|5|non
Baillardran|44.841038|-0.575|Centres commerciaux|35|5|2|non
Banque (Transfert D'Argent)|44.838937|-0.581648|Mairies / administrations|11|6|5|oui
Banque Barclays|44.843112|-0.571607|Mairies / administrations|5|4|5|non
Banque Courtois|44.842255|-0.57628|Mairies / administrations|0|5|5|non
Banque Palatine Ex Banque San Paolo|44.843188|-0.579345|Mairies / administrations|10|5|5|non
Banque Populaire|44.836455|-0.604726|Mairies / administrations|10|8|5|oui
Banque Populaire Aquitaine Centre Atlantique|44.840519|-0.560396|Mairies / administrations|12|1|5|non
Banque Privee Europeenne|44.844465|-0.576126|Mairies / administrations|15|5|5|non
Basic Fit Fondaudege|44.862132|-0.587876|Gymnases / sports couverts|158|6|6|oui
Bassins A Flot - Lot P9C : Commerce 1|44.864943|-0.559972|Centres commerciaux|188|2|2|non
Bassins A Flot - Lot P9C : Commerce 6|44.864943|-0.559972|Centres commerciaux|42|2|2|non
Batiment Archives|44.886028|-0.541937|Bibliothèques / médiathèques|0|6|1|non
Batiment De La 9È Circonscription De Voirie|44.836882|-0.555834|Mairies / administrations|25|1|5|non
Batiment Industriel|44.831674|-0.601836|Mairies / administrations|17|8|5|oui
Bazar De Noel #2|44.83027|-0.565011|Salles de spectacle / conférences|439|3|4|non
Beer Trotter|44.852192|-0.570836|Centres commerciaux|19|3|2|non
Best Mountain|44.858458|-0.562943|Centres commerciaux|48|1|2|non
Bibliotheque Pierre Veilletet (Bibliotheque De Cauderan)|44.857651|-0.623685|Bibliothèques / médiathèques|367|9|1|non
Bijouterie Joaillerie|44.844613|-0.580089|Centres commerciaux|0|5|2|non
Bijouterie Murat|44.836742|-0.5736|Centres commerciaux|15|5|2|non
Bijouterie Pandora|44.840695|-0.579049|Centres commerciaux|16|5|2|non
Bijouterie Pure Vintage|44.843723|-0.578587|Centres commerciaux|0|5|2|non
Bilan Positif|44.843054|-0.572215|Mairies / administrations|0|4|5|non
Bordeaux-Vignobles|44.844145|-0.583478|Centres commerciaux|99|6|2|non
Boulangerie|44.840071|-0.581975|Centres commerciaux|0|6|2|non
Boulangerie Patisserie|44.82765|-0.585876|Centres commerciaux|0|7|2|non
Boulangerie Patisserie Paul Ex Magasin Monceau Fleurs|44.845044|-0.577502|Centres commerciaux|11|5|2|non
Boulangerie Paul|44.850927|-0.574558|Centres commerciaux|9|4|2|non
Boulangerie-Sandwicherie|44.85264|-0.568657|Centres commerciaux|19|3|2|non
Bourse Du Travail|44.832039|-0.577602|Salles de spectacle / conférences|864|6|4|non
Boutique 5 Sur 5 Telecom|44.840689|-0.57913|Centres commerciaux|35|5|2|non
Boutique Clarins|44.841913|-0.577243|Centres commerciaux|48|5|2|non
Boutique Coline|44.836298|-0.57365|Centres commerciaux|42|5|2|non
"Boutique D'Artisanat Malgache Ex Restaurant ""L'Arlequin"""|44.838613|-0.576964|Centres commerciaux|18|5|2|non
Boutique Durance|44.841038|-0.575|Centres commerciaux|0|5|2|non
Boutique G-Star Raw|44.8412|-0.573965|Centres commerciaux|87|5|2|non
Boutique Informatique|44.851262|-0.586759|Centres commerciaux|0|6|2|non
Boutique Mademoiselle Agnes|44.844243|-0.577723|Centres commerciaux|6|5|2|non
Boutique Marina Rinaldi|44.842391|-0.578541|Centres commerciaux|44|5|2|non
Boutique Mont Blanc|44.842717|-0.579206|Centres commerciaux|17|5|2|non
Boutique Morgan|44.840975|-0.576786|Centres commerciaux|0|5|2|non
Boutique Orange|44.841971|-0.575182|Centres commerciaux|223|5|2|non
Boutique Pain De Sucre|44.839905|-0.579421|Centres commerciaux|10|5|2|non
Boutique Papareil|44.862132|-0.587876|Centres commerciaux|0|6|2|non
Boutique Paraboot|44.843437|-0.579192|Centres commerciaux|0|5|2|non
Brasserie|44.838714|-0.596208|Centres commerciaux|0|7|2|non
Brossette Bti|44.82259|-0.542532|Centres commerciaux|0|3|2|non
Bureau De Poste Bordeaux Dock|44.843297|-0.579035|Mairies / administrations|0|5|5|non
Bureau De Poste D'Achard|44.841205|-0.587639|Mairies / administrations|15|6|5|oui
Bureaux|44.827289|-0.55724|Mairies / administrations|125|2|5|non
Bureaux|44.845833|-0.581331|Mairies / administrations|19|6|5|oui
Bureaux De La Sci La Martiniquaise|44.853028|-0.569531|Mairies / administrations|0|3|5|non
Bureaux Du Syndicat Fo|44.844584|-0.583752|Salles de spectacle / conférences|50|6|4|non
Bureaux Sci Les Nerps|44.865823|-0.552238|Mairies / administrations|5|4|5|non
C. C. Auchan Lac : Boutique De Neuville|44.833686|-0.580347|Centres commerciaux|6|6|2|non
C.C St Christoly : Silversmok|44.839286|-0.576552|Centres commerciaux|0|5|2|non
C.C.Auchan Lac : Boutique Free|44.88067|-0.570246|Centres commerciaux|13|2|2|non
C.C.Auchan Lac : Devred|44.88067|-0.570246|Centres commerciaux|25|2|2|non
C.C.Auchan Lac: Boutique Histoire D'Or|44.88067|-0.570246|Centres commerciaux|20|2|2|non
C.C.Auchan Lac: Boutique Multiples|44.88067|-0.570246|Centres commerciaux|10|2|2|non
C.C.Auchan Lac: Boutique The Body Shop|44.88067|-0.570246|Centres commerciaux|12|2|2|non
C.C.Auchan Lac: Boutique Z|44.88067|-0.570246|Centres commerciaux|22|2|2|non
C.C.Auchan Lac: Claire'S|44.88067|-0.570246|Centres commerciaux|10|2|2|non
C.C.Auchan Lac: Franck Provost|44.88067|-0.570246|Centres commerciaux|20|2|2|non
C.C.Auchan Lac: Un Jour Ailleurs|44.88067|-0.570246|Centres commerciaux|35|2|2|non
C.C.Leclerc St Louis: Cafeteria Le Charleston|44.826032|-0.577327|Centres commerciaux|422|6|2|non
C.C.Leclerc: St Louis Fleurs|44.862954|-0.567368|Centres commerciaux|3|2|2|non
C.C.Les Bastides: Boulangerie Baril|44.843955|-0.542428|Centres commerciaux|11|5|2|non
C.C.Les Bastides: Centre Social Benauge|44.843955|-0.542428|Mairies / administrations|10|5|5|non
C.C.Meriadeck: Truffaut|44.838926|-0.583142|Centres commerciaux|266|6|2|non
C.C.St Christoly:  Les Cireurs (Ex Equivalenza)|44.839286|-0.576552|Centres commerciaux|16|5|2|non
C.C.St Christoly: Body Minute|44.839286|-0.576552|Centres commerciaux|8|5|2|non
C.C.St Christoly: La Malle Des Indes|44.839286|-0.576552|Centres commerciaux|0|5|2|non
C.C.St Christoly: Picard|44.839286|-0.576552|Centres commerciaux|0|5|2|non
C.D.A.F.: Bat.A Prenatal|44.842252|-0.58574|Salles de spectacle / conférences|12|6|4|non
C.F.P.A.: Batiment  X|44.84602|-0.621423|Écoles / collèges / lycées|12|9|7|oui
C.I.C. Societe Bordelaise|44.837725|-0.577433|Mairies / administrations|11|5|5|non
Cabinet Bedin|44.843075|-0.618051|Mairies / administrations|12|9|5|oui
Cabinet D Avocats|44.842423|-0.622533|Mairies / administrations|25|9|5|oui
Cabinet D'Avocats|44.832264|-0.577206|Mairies / administrations|10|5|5|non
Cabinet D'Avocats|44.840369|-0.578237|Mairies / administrations|6|5|5|non
Cabinet D'Avocats|44.840257|-0.576048|Mairies / administrations|0|5|5|non
Cabinet D'Avocats Cojc|44.841735|-0.5973|Mairies / administrations|0|7|5|oui
Cabinet D'Avocats Garat Doumas Froute|44.837615|-0.574121|Mairies / administrations|3|5|5|non
Cabinet D'Infirmieres|44.849362|-0.584194|Mairies / administrations|0|6|5|oui
Cabinet D'Ortho Dontie|44.836272|-0.603052|Hôpitaux / cliniques|10|8|9|non
Cabinet D'Orthophonistes|44.872688|-0.54958|Mairies / administrations|10|4|5|non
Cabinet Medical|44.848586|-0.598572|Hôpitaux / cliniques|24|7|9|non
Chambre Des Notaires|44.843227|-0.576453|Salles de spectacle / conférences|0|5|4|non
Chu Bordeaux: Ecole De Sage-Femmes|44.830385|-0.603262|Écoles / collèges / lycées|105|8|7|oui
Chu Bordeaux:Dos General|44.830385|-0.603262|Hôpitaux / cliniques|0|8|9|non
Chu Bordeaux:Hopital Saint-Andre|44.833959|-0.578281|Hôpitaux / cliniques|1292|6|9|non
Cinema Bassins A Flot|44.864943|-0.559972|Salles de spectacle / conférences|2394|2|4|non
Cinema Bassins A Flot : Commerce 8|44.864943|-0.559972|Centres commerciaux|126|2|2|non
Cite Mondiale Asobo Studio|44.850121|-0.570878|Mairies / administrations|150|4|5|non
Cité Municipale|44.838204|-0.582317|Mairies / administrations|199|6|5|oui
Club Senior Gele De Francony|44.848525|-0.620956|Salles de spectacle / conférences|90|9|4|non
Coiffeur Eurl Raphael|44.843761|-0.578236|Centres commerciaux|4|5|2|non
College Alienor D'Aquitaine Salle De Sport Et Logements De Fonction|44.843627|-0.586603|Gymnases / sports couverts|0|6|6|oui
College Cheverus|44.839253|-0.57579|Écoles / collèges / lycées|500|5|7|non
College Leonard Lenoir|44.841539|-0.553824|Écoles / collèges / lycées|293|2|7|non
College St Andre : Gymnase|44.85423|-0.618486|Gymnases / sports couverts|669|8|6|oui
Commerce|44.836155|-0.573627|Centres commerciaux|19|5|2|non
Commerce|44.826394|-0.572595|Centres commerciaux|0|5|2|non
Commerce|44.819089|-0.599194|Centres commerciaux|5|8|2|non
Commerce|44.836807|-0.583965|Centres commerciaux|22|6|2|non
"Commerce ""Drutel"" Sci S2B"|44.847382|-0.575319|Centres commerciaux|107|5|2|non
Commerce (Coque Vide)|44.840924|-0.590854|Centres commerciaux|8|7|2|non
Commerce 01 (Coque M5) - Zac Saint Jean Belcier - Lot 8.3 A|44.82194|-0.553941|Centres commerciaux|22|2|2|non
Commerce 2|44.841462|-0.560858|Centres commerciaux|173|2|2|non
Commerce 2   Secrets De Pains|44.822208|-0.599848|Centres commerciaux|0|8|2|non
Commerce 2 Bassins A Flot Ilot P11|44.835091|-0.566165|Centres commerciaux|244|3|2|non
Commerce 2 Teneo|44.839923|-0.584892|Centres commerciaux|181|6|2|non
Commerce 6|44.852935|-0.594842|Centres commerciaux|108|7|2|non
Commerce C|44.840992|-0.576601|Centres commerciaux|0|5|2|non
Commerce C.2D - Ensemble Immobilier Brienne Ilot 5.1.C - Zac Bordeaux Saint Jean Belcier|44.823623|-0.544283|Centres commerciaux|541|2|2|non
Commerce C2 - Ilot Tauzin Bethmann|44.822416|-0.604674|Centres commerciaux|53|8|2|non
Commerce De Proximité|44.853685|-0.571033|Centres commerciaux|113|3|2|non
Commerce Le Bistrot De Bordeaux|44.841371|-0.573585|Centres commerciaux|0|5|2|non
Commerce Sarl Sofiso|44.83748|-0.575978|Centres commerciaux|13|5|2|non
Commerce Sci  Du Loup|44.837805|-0.575785|Centres commerciaux|11|5|2|non
Commerce Sci Le Surcouf|44.847663|-0.548174|Centres commerciaux|117|4|2|non
Commerces Des La Residence Sequoia|44.858433|-0.606433|Centres commerciaux|0|8|2|non
Complexe De La Viande|44.828268|-0.552992|Centres commerciaux|0|1|2|non
Comptoir Des Voyages Ex-Comptoir Irlandais|44.842198|-0.572255|Mairies / administrations|72|4|5|non
Concert Acoustique Festival Bordeaux Rock|44.821898|-0.582469|Mairies / administrations|19|6|5|oui
Congres Des Assises De La Pneumologie Liberale|44.862132|-0.587876|Halls d'exposition|2000|6|0|non
Congres Groupe Phr|44.872645|-0.571176|Salles de spectacle / conférences|6141|3|4|non
Congres National Du Front De Gauche|44.874819|-0.544147|Salles de spectacle / conférences|3000|5|4|non
Congres Sofcep 2016|44.872645|-0.571176|Salles de spectacle / conférences|6141|3|4|non
Conseil Ingenierie Applications Nouvelles Tec|44.84039|-0.569416|Écoles / collèges / lycées|6|4|7|non
Conservatoire National De Region : Salle De L'Atelier|44.832037|-0.560498|Salles de spectacle / conférences|189|2|4|non
Convention Orange|44.872645|-0.571176|Salles de spectacle / conférences|6141|3|4|non
Convention Tatoo De Bordeaux|44.856355|-0.568436|Halls d'exposition|5619|3|0|non
Cours Beaurevoir|44.840541|-0.576104|Écoles / collèges / lycées|40|5|7|non
Cours Galien : Ecole Francaise Superieure D'Opticiens|44.856268|-0.590763|Écoles / collèges / lycées|90|6|7|oui
Cours Galien Gautier|44.831958|-0.598746|Écoles / collèges / lycées|0|8|7|oui
Cours Prive De Reeducation|44.843442|-0.59392|Écoles / collèges / lycées|10|7|7|oui
Cours Prive Dwight Moody|44.827971|-0.593577|Écoles / collèges / lycées|50|7|7|oui
Creche  Les Jardins D'Haussmann|44.864093|-0.573405|Écoles / collèges / lycées|12|4|7|non
Creche Claveau : Centre Social Et Culturel|44.879194|-0.543346|Écoles / collèges / lycées|236|5|7|non
Creche Le Jardin D'Hortense|44.845943|-0.556406|Écoles / collèges / lycées|72|1|7|non
Creche Multi Accueil Brins D'Eveil Msa De La Gironde|44.848399|-0.574228|Écoles / collèges / lycées|30|4|7|non
Creche Pitchoun' Et Siege Social|44.82649|-0.576653|Écoles / collèges / lycées|72|6|7|oui
Cuis'In : Les Ateliers|44.822039|-0.563579|Écoles / collèges / lycées|8|4|7|non
Delsey|44.858458|-0.562943|Centres commerciaux|113|1|2|non
Discount Vins Ex Institut De Formation A.R.P.|44.86931|-0.547674|Écoles / collèges / lycées|70|5|7|non
Douceurs De Louise|44.842961|-0.578052|Centres commerciaux|0|5|2|non
Dr Martens Airwair|44.836524|-0.573687|Centres commerciaux|33|5|2|non
Ec Privee D'Ens Tech D'Esthetique Fr Bouniol Annexe|44.8436|-0.571795|Écoles / collèges / lycées|45|4|7|non
Ecole De Conde Creasud-Dos General|44.862132|-0.587876|Écoles / collèges / lycées|0|6|7|oui
Ecole De Naturopathie Euro Nature|44.855012|-0.572105|Écoles / collèges / lycées|80|4|7|non
Ecole Des Arts De La Mode|44.831791|-0.601315|Écoles / collèges / lycées|49|8|7|oui
Ecole Esme Sudria + Gaz De Bordeaux|44.865968|-0.574633|Écoles / collèges / lycées|433|4|7|non
Ecole Francaise De Decor|44.851056|-0.572375|Écoles / collèges / lycées|15|4|7|non
Ecole Montessori Du Lac|44.822022|-0.600173|Écoles / collèges / lycées|0|8|7|oui
Ecole Superieure De Professions Immobilieres (Espi)|44.842772|-0.555361|Écoles / collèges / lycées|274|1|7|non
Ecoles :  Iseg / Epitech / Art  Sup Sup Campus Bordeaux|44.853361|-0.575005|Écoles / collèges / lycées|455|4|7|non
Edp Avocats|44.837279|-0.580116|Mairies / administrations|0|6|5|oui
Ehpad|44.858608|-0.569458|Maisons de retraite / handicapés|75|3|8|non
Elementaire Montaud|44.84131|-0.554505|Écoles / collèges / lycées|150|2|7|non
Ens Immob Chartrons Medoc|44.856355|-0.568436|Centres commerciaux|0|3|2|non
Ensemble Commercial Ex Nouvelles Galeries|44.83959|-0.574067|Centres commerciaux|1550|5|2|non
Ensemble Immobilier Bordeaux Fargue - Commerces|44.865225|-0.565542|Centres commerciaux|138|1|2|non
Ensemble Sportif Meriadeck|44.837536|-0.588245|Gymnases / sports couverts|1015|6|6|oui
Epicerie|44.834665|-0.57497|Centres commerciaux|19|5|2|non
Epicerie Jamon Jamon|44.841736|-0.57549|Centres commerciaux|11|5|2|non
Epicerie Oliv'Art|44.841575|-0.581384|Centres commerciaux|0|6|2|non
Espace Conduite Auto Ecole|44.843107|-0.581431|Écoles / collèges / lycées|48|6|7|oui
Espace D'Activités Lagrange|44.854307|-0.57846|Salles de spectacle / conférences|230|5|4|non
Espace Mouneyra|44.831404|-0.586831|Salles de spectacle / conférences|47|7|4|non
Essor|44.840071|-0.581975|Centres commerciaux|587|6|2|non
Etablissement D'Accueil De Jour - Ilot A2-4 Berge Du Lac|44.878608|-0.573803|Écoles / collèges / lycées|50|3|7|non
Etablissement Municipal Du Grand Parc|44.859865|-0.579867|Salles de spectacle / conférences|340|5|4|non
Europea|44.85176|-0.609824|Mairies / administrations|4|8|5|oui
Ex Site Marie Brizard - Magasin Carrefour Market|44.849003|-0.583739|Centres commerciaux|279|6|2|non
Expo France 2016|44.862132|-0.587876|Salles de spectacle / conférences|0|6|4|non
Feed Manager|44.847953|-0.571068|Mairies / administrations|3|4|5|non
Finale Du Tournoi Rabah Khaloufi Le 9 Juin 2013|44.816974|-0.57401|Gymnases / sports couverts|100|6|6|oui
Firstep En Anglais|44.845306|-0.592366|Écoles / collèges / lycées|16|7|7|oui
Foire Aux Seconds Vins De Bordeaux|44.856355|-0.568436|Halls d'exposition|5619|3|0|non
Foire Aux Seconds Vins De Bordeaux|44.83027|-0.565011|Salles de spectacle / conférences|439|3|4|non
Folles Avoines|44.840377|-0.554576|Centres commerciaux|20|2|2|non
Formaform (Ex Prepaplus)|44.841524|-0.594387|Gymnases / sports couverts|40|7|6|oui
Forum Regional Des Dirigeants D'Associations Et Fondations De Nouvelle Aquitaine|44.83027|-0.565011|Salles de spectacle / conférences|439|3|4|non
Fournil Saint Nicolas|44.83546|-0.573389|Centres commerciaux|37|5|2|non
Foyer Des Jeunes Premeynard|44.858956|-0.576271|Salles de spectacle / conférences|49|4|4|non
Foyer Sainte Philomene|44.857814|-0.565109|Salles de spectacle / conférences|12|1|4|non
Foyer Sportif Buscaillet|44.870575|-0.548742|Gymnases / sports couverts|100|4|6|non
Fromagerie De Pierre|44.853753|-0.572699|Centres commerciaux|3|4|2|non
Gal Grands Hommes: Etal 11 La Boule D'Ange|44.842816|-0.577589|Centres commerciaux|0|5|2|non
Gal Grands Hommes: Etal 15 Comptoir Des Grands Hommes|44.842816|-0.577589|Centres commerciaux|0|5|2|non
Gala De Boxe Thai Du 16 Mars 2013|44.839846|-0.553339|Gymnases / sports couverts|0|2|6|non
Galerie Tatry|44.863147|-0.572986|Centres commerciaux|0|4|2|non
Galerie Tatry - Reserves Et Bureaux Boesner|44.863147|-0.572986|Centres commerciaux|10|4|2|non
Galerie Tatry- Prizoners|44.863147|-0.572986|Gymnases / sports couverts|48|4|6|non
Gasc 33 - Laverie Automatique|44.827153|-0.56924|Centres commerciaux|6|4|2|non
Gasc 33 - Laverie Automatique|44.832365|-0.572349|Centres commerciaux|8|5|2|non
Gaz De Bordeaux|44.85799|-0.565192|Écoles / collèges / lycées|433|2|7|non
Ginko Ilot C2.2 - Lot 3.21 - Nicolas|44.824329|-0.591977|Centres commerciaux|37|7|2|non
Glob Theatre|44.86049|-0.561826|Salles de spectacle / conférences|112|1|4|non
Grand Lebrun : Batiment L|44.850371|-0.605994|Écoles / collèges / lycées|90|8|7|oui
Grand Theatre De Bordeaux|44.842382|-0.574742|Salles de spectacle / conférences|2330|5|4|non
Grande Pharmacie De Brazza|44.85492|-0.565135|Centres commerciaux|35|2|2|non
Groupama Misso|44.843833|-0.573015|Mairies / administrations|30|4|5|non
Groupe Medical Bacalan|44.846922|-0.584183|Mairies / administrations|19|6|5|oui
Groupe Scolaire Paul Bert Elementaire|44.836602|-0.575081|Écoles / collèges / lycées|232|5|7|non
Groupe Scolaire Raymond Poincare: Dos General|44.844653|-0.619344|Écoles / collèges / lycées|442|9|7|oui
Groupe Scolaire St Bruno|44.83787|-0.58924|Écoles / collèges / lycées|300|7|7|oui
Guy Hoquet - Sarl Centrale Immobiliere Du Parc|44.849479|-0.600786|Mairies / administrations|15|7|5|oui
Guy Sylvie|44.839413|-0.570165|Centres commerciaux|0|4|2|non
Gymnase Des Chartrons|44.855577|-0.567091|Gymnases / sports couverts|299|2|6|non
Gymnase Grand Parc 3|44.856429|-0.583432|Gymnases / sports couverts|198|5|6|non
Gymnase Sante Navale|44.827524|-0.563006|Gymnases / sports couverts|264|3|6|non
H&M Other Stories Bordeaux|44.842055|-0.576431|Centres commerciaux|420|5|2|non
Halle Basse - Les Magasins Genereux - Les Sentinelles - Caserne Niel Darwin|44.835621|-0.565008|Salles de spectacle / conférences|698|3|4|non
Halle Couverte Darwin - Vortex|44.849663|-0.561249|Salles de spectacle / conférences|1356|1|4|non
Halle D'Exposition Sanitaires : Magasin Tereva|44.8554|-0.628927|Centres commerciaux|362|9|2|non
Halle Debat Ponsan - Groupement D'Établissements 1|44.84039|-0.569416|Centres commerciaux|1450|4|2|non
Halle Debat-Ponsan - Halle Boca : Restaurant Le Garde-Manger|44.84039|-0.569416|Centres commerciaux|0|4|2|non
Halle Debat-Ponsan Batiment C  Bureaux|44.84039|-0.569416|Mairies / administrations|366|4|5|non
Halle Debat-Ponsan Commerce 1 Pa'  Entre  Bat A Et Bat B|44.84039|-0.569416|Centres commerciaux|221|4|2|non
Hangar 14|44.856355|-0.568436|Halls d'exposition|5619|3|0|non
Hergement Para-Hotelier Ilot Fourriere - Bacalan|44.863598|-0.552298|Hôtels / hébergements|616|3|3|non
"Hotel ""Le Petit Dijeaux""  Annexe Du Porte Dijeaux"|44.84037|-0.580978|Hôtels / hébergements|18|6|3|non
Hotel Acanthe|44.841354|-0.571238|Hôtels / hébergements|44|4|3|non
Hotel Bar Ghizen|44.827365|-0.55694|Hôtels / hébergements|94|2|3|non
Hotel De France|44.842382|-0.578304|Hôtels / hébergements|37|5|3|non
Hotel Des Familles|44.844489|-0.578114|Hôtels / hébergements|46|5|3|non
Hotel Ibis Bordeaux Centre Gare Saint Jean|44.82929|-0.555105|Hôtels / hébergements|257|1|3|non
Hotel Mondial|44.82694|-0.57034|Hôtels / hébergements|0|5|3|non
Hotel Restaurant Cazassus|44.840844|-0.577902|Hôtels / hébergements|70|5|3|non
Hotel Restaurant Santa Lucia|44.827559|-0.557775|Hôtels / hébergements|30|2|3|non
Hotel St Remi|44.841285|-0.572148|Hôtels / hébergements|29|4|3|non
Hypermarche Leclerc Bordeaux Chartrons|44.862954|-0.567368|Centres commerciaux|3400|2|2|non
Hypnotic Design'Hair|44.837449|-0.574559|Centres commerciaux|50|5|2|non
I.T.E.P Les Clarines : Bâtiment 94|44.818925|-0.578976|Écoles / collèges / lycées|63|6|7|oui
I.T.E.P. Liard Le Porz|44.822002|-0.582619|Écoles / collèges / lycées|0|6|7|oui
Ikks Men|44.84226|-0.577514|Centres commerciaux|41|5|2|non
Ilot 8.2 B - C - Centre De Formation Orsys|44.840838|-0.570978|Écoles / collèges / lycées|25|4|7|non
Ilot Achard-Etrangers-Blanqui Local Artisanal Batiments B2 B3|44.866325|-0.552387|Centres commerciaux|42|4|2|non
Immeuble|44.837494|-0.573937|Mairies / administrations|0|5|5|non
Immeuble (Parties Communes)|44.843723|-0.578587|Centres commerciaux|0|5|2|non
Immeuble Bureaux Sci Bordeaux Plaza|44.852935|-0.594842|Mairies / administrations|200|7|5|oui
Immeuble Bus Informatique|44.833195|-0.570758|Écoles / collèges / lycées|115|4|7|non
Immeuble Chateau : Bureaux|44.837406|-0.609953|Mairies / administrations|2|8|5|oui
Immeuble De Bureaux|44.833295|-0.591846|Mairies / administrations|100|7|5|oui
Immeuble De Bureaux|44.889099|-0.557421|Mairies / administrations|36|4|5|non
"Immeuble De Bureaux ""La Fabrique"""|44.843758|-0.573373|Écoles / collèges / lycées|185|4|7|non
Immeuble De Bureaux 1E - Ensemble Immobilier Brienne Ilot 5.1.C - Zac Bordeaux Saint Jean Belcier|44.840747|-0.569569|Mairies / administrations|426|4|5|non
Immeuble De Bureaux Et Logements|44.829104|-0.55878|Mairies / administrations|10|2|5|non
Immeuble De Bureaux Le G5|44.835091|-0.566165|Mairies / administrations|127|3|5|non
Immeuble De Bureaux Le Semaphore: Adenes|44.835091|-0.566165|Mairies / administrations|0|3|5|non
Immeuble De Bureaux Le Semaphore: Amaris|44.835091|-0.566165|Mairies / administrations|150|3|5|non
Immeuble Du C.C.A.S|44.858608|-0.569458|Mairies / administrations|415|3|5|non
Immeuble Et Bureaux|44.832083|-0.611477|Mairies / administrations|0|8|5|oui
Immeuble G.M.F. Locaux Du S.G.A.R.|44.836899|-0.583389|Mairies / administrations|23|6|5|oui
Immeuble Le Clos De Guyenne|44.860132|-0.574815|Mairies / administrations|10|4|5|non
Immeuble Le Tauzia|44.830235|-0.560606|Mairies / administrations|20|2|5|non
Immeuble Phoenix - Ecole D'Ingenieurs-|44.853367|-0.588106|Écoles / collèges / lycées|485|6|7|oui
Immeuble Phoenix : Association Cesi|44.853367|-0.588106|Écoles / collèges / lycées|485|6|7|oui
Inseec|44.853383|-0.587876|Écoles / collèges / lycées|920|6|7|oui
Inst Des Metiers: Bat H|44.814167|-0.569961|Écoles / collèges / lycées|40|6|7|oui
Inst Readapt Pratique Villa Flore Dos Gene|44.844755|-0.604989|Écoles / collèges / lycées|36|8|7|oui
Institut Belle Au Naturel|44.841061|-0.575608|Mairies / administrations|2|5|5|non
Institut Consulaire De Formation En Alternance : Bat B|44.876343|-0.5751|Écoles / collèges / lycées|236|4|7|non
Institut De Formation En Prothese Dentaire Ipso|44.826073|-0.590156|Écoles / collèges / lycées|70|7|7|oui
Institut Technique De Banque: Bat Principal|44.842682|-0.582988|Écoles / collèges / lycées|10|6|7|oui
Institut Technologique Fcba Batiment R|44.867852|-0.575619|Mairies / administrations|63|4|5|non
Institution Notre-Dame : Batiments A/B/C/G|44.842619|-0.582227|Écoles / collèges / lycées|387|6|7|oui
Institution Sevigne : Halte Garderie Les Petits Bouchons|44.837005|-0.576447|Écoles / collèges / lycées|280|5|7|non
Intermarche Express|44.831923|-0.60073|Centres commerciaux|216|8|2|non
Isefac Ex Iseg|44.832472|-0.572094|Écoles / collèges / lycées|0|5|7|non
Itep Rive Gauche - Sessad Bordeaux|44.844362|-0.598327|Hôpitaux / cliniques|6|7|9|non
Jan Lou|44.844664|-0.585956|Centres commerciaux|0|6|2|non
Jerem|44.858458|-0.562943|Centres commerciaux|190|1|2|non
Journees Francophones De Nutrition|44.872645|-0.571176|Salles de spectacle / conférences|6141|3|4|non
Jumping International De Bordeaux 2014|44.829192|-0.599982|Halls d'exposition|0|8|0|non
L'Epicerie De Choix|44.84443|-0.577758|Centres commerciaux|12|5|2|non
La Boutique Du The|44.84009|-0.579584|Centres commerciaux|24|5|2|non
La Croix Du Mail|44.838284|-0.581696|Mairies / administrations|51|6|5|oui
La Fabrique Givree|44.839394|-0.572051|Centres commerciaux|53|4|2|non
La Maison De L'Eau|44.843616|-0.579082|Mairies / administrations|79|5|5|non
La Maison Des Danses|44.855518|-0.606043|Écoles / collèges / lycées|90|8|7|oui
La Maison Poulaga|44.859162|-0.629437|Centres commerciaux|5|9|2|non
La Maison Rose|44.843604|-0.573344|Mairies / administrations|19|4|5|non
La Petite Machine|44.840534|-0.572187|Centres commerciaux|0|4|2|non
Laboratoire D'Analyses Medicales|44.840319|-0.582204|Mairies / administrations|11|6|5|oui
Laser  Park|44.843855|-0.555024|Gymnases / sports couverts|80|2|6|non
Laverie Automatique -  Zac La Berge Du Lac - Îlot Lago|44.880764|-0.572796|Centres commerciaux|9|3|2|non
Laverie Automatique Gasc 33|44.837991|-0.571935|Centres commerciaux|0|4|2|non
Laverie Lavomatique|44.818865|-0.57115|Centres commerciaux|7|5|2|non
Lcl|44.851437|-0.578164|Mairies / administrations|0|5|5|non
Le Chevalet Sans Tete|44.832721|-0.579896|Centres commerciaux|10|6|2|non
Le Comptoir De La Bastide|44.844003|-0.553355|Centres commerciaux|0|2|2|non
Le Comptoir N'Ansouty|44.817557|-0.572355|Centres commerciaux|5|6|2|non
Le Fournil Des Capucins|44.829978|-0.568469|Centres commerciaux|19|4|2|non
Le Jardin Des Fleurs|44.85967|-0.63178|Centres commerciaux|10|9|2|non
Le Jardin Des Fleurs|44.827519|-0.592892|Centres commerciaux|0|7|2|non
Le Nez Insurge|44.839358|-0.571948|Centres commerciaux|0|4|2|non
Le Pain De L'Olivier|44.856539|-0.602706|Centres commerciaux|0|8|2|non
Le Petit Institut De Chine|44.840622|-0.595138|Écoles / collèges / lycées|18|7|7|oui
Librairie Le Petit Chaperon Rouge|44.860468|-0.609936|Centres commerciaux|0|8|2|non
Librairie Olympique|44.852681|-0.572668|Centres commerciaux|19|4|2|non
Librairie Zone Du Dehors|44.835272|-0.569346|Centres commerciaux|0|4|2|non
Local Aides|44.830372|-0.557257|Mairies / administrations|6|1|5|non
Local Bouliste|44.854378|-0.583872|Salles de spectacle / conférences|0|6|4|non
Local Commercial|44.838771|-0.572579|Centres commerciaux|42|4|2|non
Local Commercial|44.847762|-0.588242|Centres commerciaux|237|6|2|non
Local Commercial|44.834983|-0.564321|Centres commerciaux|7|3|2|non
Local Commercial|44.841|-0.581832|Centres commerciaux|129|6|2|non
Local Commercial|44.84039|-0.569416|Centres commerciaux|19|4|2|non
Local Commercial|44.836336|-0.569881|Centres commerciaux|2|4|2|non
Local Commercial|44.851268|-0.609444|Centres commerciaux|18|8|2|non
Local Commercial|44.836151|-0.56971|Centres commerciaux|16|4|2|non
Local Commercial|44.840854|-0.559848|Centres commerciaux|0|1|2|non
Lycee Prof Les Menuts : Bâtiments 1,2 Et 3|44.829423|-0.562416|Écoles / collèges / lycées|314|3|7|non
Magasin|44.837406|-0.609953|Centres commerciaux|90|8|2|non
Magasin|44.839143|-0.570588|Centres commerciaux|0|4|2|non
Magasin|44.842529|-0.579751|Centres commerciaux|47|5|2|non
Magasin|44.84632|-0.588074|Centres commerciaux|1259|6|2|non
Magasin|44.84632|-0.588074|Centres commerciaux|1066|6|2|non
Magasin|44.84632|-0.588074|Centres commerciaux|226|6|2|non
Magasin|44.84632|-0.588074|Centres commerciaux|1267|6|2|non
Magasin|44.84632|-0.588074|Centres commerciaux|1386|6|2|non
Magasin|44.842253|-0.571408|Centres commerciaux|1|4|2|non
"Magasin  ""La Toque Cuivree"""|44.841713|-0.574537|Centres commerciaux|15|5|2|non
"Magasin ""Le Rebecca"""|44.827333|-0.557431|Centres commerciaux|140|2|2|non
Magasin Aprilia|44.84941|-0.582627|Halls d'exposition|27|6|0|non
Magasin C'10 F|44.833084|-0.573128|Centres commerciaux|68|5|2|non
Magasin Camaieu Enfants|44.838742|-0.575536|Centres commerciaux|108|5|2|non
Magasin Caroll|44.837851|-0.573779|Centres commerciaux|77|5|2|non
Magasin Ly Kim Hak Ex Shopi|44.841429|-0.557547|Centres commerciaux|180|1|2|non
Magasin Marche Plus|44.841558|-0.5816|Centres commerciaux|138|6|2|non
Magasin Noble Optique|44.841639|-0.581735|Centres commerciaux|0|6|2|non
Magasin Picard|44.825298|-0.589537|Centres commerciaux|46|7|2|non
Magasin Point P|44.879315|-0.559229|Centres commerciaux|130|2|2|non
Magasin Primeurs|44.82297|-0.580511|Centres commerciaux|0|6|2|non
Magasin Quicksilver|44.838912|-0.574426|Centres commerciaux|86|5|2|non
Magasin Stradivarius|44.840819|-0.574391|Centres commerciaux|225|5|2|non
Magasin Tel And Com|44.835715|-0.573554|Centres commerciaux|0|5|2|non
Magasin Tonton Cash|44.8554|-0.628927|Centres commerciaux|283|9|2|non
Magasin Un Jour Ailleurs|44.84087|-0.576974|Centres commerciaux|83|5|2|non
Magasin Veti Foly|44.852184|-0.540802|Centres commerciaux|73|5|2|non
Magasin Zoo-Shop|44.887426|-0.557355|Centres commerciaux|198|4|2|non
Maif - Délégation Conseil|44.837065|-0.581014|Mairies / administrations|9|6|5|oui
Mairie De Quartier Bordeaux Centre|44.839137|-0.576529|Mairies / administrations|33|5|5|non
Maison D'Accueil Des Familles D'Hospitalises|44.829973|-0.607156|Hôtels / hébergements|72|8|3|non
Maison D'Assistantes Maternelles Mains A Mains|44.854979|-0.577789|Écoles / collèges / lycées|12|5|7|non
Maison D'Assistantes Maternelles Mini Poppins|44.853792|-0.588511|Écoles / collèges / lycées|16|6|7|oui
Marche Des Capucins-Halle A-Banc 27|44.830671|-0.567738|Centres commerciaux|0|4|2|non
Marche Des Capucins-Halle A-Banc 28|44.830671|-0.567738|Centres commerciaux|0|4|2|non
Marche Des Capucins-Halle A-Banc 3 D   L'Ostal Du Gout|44.830671|-0.567738|Centres commerciaux|0|4|2|non
Marche Des Capucins-Halle A-Banc 45|44.838714|-0.596208|Centres commerciaux|0|7|2|non
Marche Des Capucins-Halle A-Banc 47 Ab|44.830671|-0.567738|Centres commerciaux|0|4|2|non
Marche Victor Hugo Etal Vins N° 12|44.835607|-0.570493|Centres commerciaux|0|4|2|non
Maternelle Fieffe|44.8241|-0.560958|Écoles / collèges / lycées|138|3|7|non
Maternelle Solferino|44.82358|-0.585011|Écoles / collèges / lycées|120|7|7|oui
Mc 2A  Galerie St'Art|44.848075|-0.572041|Halls d'exposition|20|4|0|non
Medical Sciences|44.825588|-0.597854|Écoles / collèges / lycées|168|8|7|oui
Meeting Of Cardio-Vascular Disease 17 Au 19/04/2013|44.872645|-0.571176|Salles de spectacle / conférences|6141|3|4|non
Merlin Decoration|44.864943|-0.559972|Centres commerciaux|19|2|2|non
Meubles Barret|44.835779|-0.580921|Centres commerciaux|0|6|2|non
Micro Creche P'Tit Bout'Chou|44.847938|-0.583562|Écoles / collèges / lycées|36|6|7|oui
Preparer Et Bien Vivre Sa Retraite 13 Et 14 Decembre 2013|44.856355|-0.568436|Halls d'exposition|5619|3|0|non
Pret A Partir|44.845074|-0.578382|Centres commerciaux|10|5|2|non
Projet Emile Counord N° 15|44.860132|-0.574815|Centres commerciaux|566|4|2|non
Psychiatre Docteur Nicolas Notz|44.818522|-0.578327|Mairies / administrations|4|6|5|oui
R.P.A Et Club Senior Achard|44.869148|-0.547986|Salles de spectacle / conférences|44|4|4|non
R.P.A. Et Club Senior Saumenude|44.831805|-0.566584|Salles de spectacle / conférences|60|4|4|non
Relooking Beaute Minceur|44.850168|-0.586414|Hôpitaux / cliniques|0|6|9|non
Rencontre Grandcoeur 2019|44.872645|-0.571176|Salles de spectacle / conférences|6141|3|4|non
Rencontres Emploi Handicap 19 Novembre 2013|44.856355|-0.568436|Halls d'exposition|5619|3|0|non
Residence Hoteliere|44.858608|-0.569458|Hôtels / hébergements|0|3|3|non
Restaurant Beija Flor|44.830822|-0.577351|Centres commerciaux|0|6|2|non
Running Shop Excafeteria Land'S|44.836338|-0.572232|Centres commerciaux|185|4|2|non
Saint Joseph De Tivoli : Batiments Prefabriques Precaires|44.853837|-0.597089|Écoles / collèges / lycées|0|7|7|oui
Saint Joseph De Tivoli: Garderie Bibliotheque|44.853854|-0.597092|Écoles / collèges / lycées|60|7|7|oui
Salle D'Examen Du Permis De Condui Re|44.885733|-0.556849|Écoles / collèges / lycées|80|3|7|non
Salle De Conference Mollat : Station Ausone|44.841346|-0.579448|Salles de spectacle / conférences|384|5|4|non
Salle De Fitness Bassins A Flot Ilot C1/Bat F02|44.843458|-0.59059|Gymnases / sports couverts|21|7|6|oui
Salle De Jeux Saja|44.825795|-0.557383|Salles de spectacle / conférences|50|2|4|non
Salle De La Piste Scolaire D'Education Routiere Du Parc Bordelais|44.853548|-0.606237|Écoles / collèges / lycées|35|8|7|oui
Salle De La Rotonde|44.845478|-0.556507|Salles de spectacle / conférences|234|1|4|non
"Salle De Musculation ""Cap Forme Sante"""|44.825428|-0.59695|Gymnases / sports couverts|50|8|6|oui
Salle De Quartier Bel Orme|44.848681|-0.59504|Salles de spectacle / conférences|46|7|4|non
Salle De Tennis De Table Du Cam|44.855299|-0.627177|Gymnases / sports couverts|290|9|6|oui
Salle Franklin|44.848489|-0.574264|Salles de spectacle / conférences|300|4|4|non
Salle Polyvalente - Snc Les Ecuries|44.841856|-0.575509|Salles de spectacle / conférences|450|5|4|non
Salle Polyvalente Rue Cadrouin|44.828068|-0.576564|Salles de spectacle / conférences|100|6|4|non
Salon Baby 30 Novembre Et 1Er Decembre 2013|44.856355|-0.568436|Halls d'exposition|5619|3|0|non
Salon Coiffure Jose|44.831636|-0.583486|Centres commerciaux|0|6|2|non
"Salon De Coiffure ""Sauvageonne De Figure Libre"""|44.855112|-0.573651|Centres commerciaux|17|4|2|non
Urban Store Bmw/Mini ( Ex Fob Fashion / Féraud)|44.858458|-0.562943|Halls d'exposition|40|1|0|non
Very Bad Geek|44.833966|-0.573269|Centres commerciaux|0|5|2|non
Viet Nam 33 Distribution|44.831688|-0.601775|Centres commerciaux|0|8|2|non
Villa Primrose : Pavillon Accueil/Boutique|44.842517|-0.604489|Centres commerciaux|46|8|2|non
Voyageurs Du Monde|44.844065|-0.577623|Centres commerciaux|59|5|2|non
Xxixeme Congres Scv Du 21 Au 23 Juin 2014|44.872645|-0.571176|Salles de spectacle / conférences|6141|3|4|non
Yan Salon De Coiffure|44.849477|-0.570513|Centres commerciaux|0|4|2|non
Zac Coeur De Bastide - Ilot C : Boutique 4|44.844613|-0.560477|Centres commerciaux|80|1|2|non
Zazzen  Microcreche|44.853792|-0.588511|Écoles / collèges / lycées|10|6|7|oui
Au Rencontre Nationale De La Torrefaction Du 28 Au 29 Septembre 2014|44.872645|-0.571176|Salles de spectacle / conférences|6141|3|4|non
Magasin Ephemere|44.841038|-0.575|Centres commerciaux|34|5|2|non
11Eme Universite Ete Communication Dvt Durable 22 Et 23 Aout 2013|44.856355|-0.568436|Halls d'exposition|5619|3|0|non
18Èmes Journées Nationales De La Smr|44.850031|-0.570868|Hôtels / hébergements|2500|4|3|non
33Ème Congres De La Societe Francaise D'Endocrinologie|44.872645|-0.571176|Salles de spectacle / conférences|6141|3|4|non
"6Eme Salon ""1000 Emplois Bordeaux"" Le 23/10/2013"|44.852746|-0.566354|Halls d'exposition|1500|2|0|non
8Ème Forum Handi Cap Nouvelle Aquitaine|44.856355|-0.568436|Halls d'exposition|5619|3|0|non
A.D'Appro Centre D'Education Specialisee|44.831194|-0.594218|Écoles / collèges / lycées|28|7|7|oui
Adhap Services|44.841619|-0.583707|Mairies / administrations|0|6|5|oui
Adopt'  (Ex Magasin L M V)|44.841662|-0.574529|Centres commerciaux|76|5|2|non
Aesthemedica|44.852307|-0.59871|Mairies / administrations|0|7|5|oui
Afec Bordeaux Sablieres|44.858415|-0.589468|Écoles / collèges / lycées|80|6|7|oui
Agence Ag2R La Mondiale|44.828268|-0.552992|Mairies / administrations|10|1|5|non
Agence Bancaire Bcp|44.83771|-0.571777|Mairies / administrations|22|4|5|non
Agence Bancaire Bnp Paribas|44.827881|-0.575283|Mairies / administrations|28|5|5|non
Agence Bancaire Bnp Paribas Cauderan|44.836895|-0.606442|Mairies / administrations|25|8|5|oui
Agence Bancaire Bnp Paribas Victoire|44.831183|-0.572456|Mairies / administrations|0|5|5|non
Agence Bancaire C.I.C.|44.842129|-0.573455|Mairies / administrations|20|5|5|non
Agence Bancaire Cic Sud-Ouest|44.852886|-0.620562|Mairies / administrations|18|9|5|oui
Agence Bancaire Credit Mutuel.Voir N.1-514|44.84976|-0.585034|Mairies / administrations|17|6|5|oui
Agence Bancaire Hsbc|44.843956|-0.571726|Mairies / administrations|50|4|5|non
Agence Bourse De L'Immobilier|44.843353|-0.570751|Mairies / administrations|10|4|5|non
Agence Commerciale Gambetta Credit Agricole D'Aquitaine|44.840038|-0.58097|Mairies / administrations|19|6|5|oui
Agence Csf|44.834665|-0.57497|Mairies / administrations|6|5|5|non
Agence Damien Cruse|44.841906|-0.578407|Mairies / administrations|0|5|5|non
Agence De La Compagnie Italienne De Tourisme|44.844302|-0.577056|Mairies / administrations|10|5|5|non
Agence De La Societe Generale|44.840071|-0.581975|Mairies / administrations|10|6|5|oui
Agence Du Credit Lyonnais|44.829458|-0.595232|Mairies / administrations|18|7|5|oui
Agence France Telecom|44.834526|-0.603508|Mairies / administrations|95|8|5|oui
Agence Immobiliere Barnes|44.84316|-0.578934|Mairies / administrations|38|5|5|non
Agence Immobiliere Cirso|44.843776|-0.573621|Mairies / administrations|19|4|5|non
Agence Societe Generale|44.826073|-0.590156|Mairies / administrations|0|7|5|oui
Agence Societe Generale Cauderan|44.837109|-0.606983|Mairies / administrations|14|8|5|oui
Amenagements Pour Manifestations Temporaires|44.843521|-0.583398|Mairies / administrations|30|6|5|oui
Amercan Fast Pizza|44.839307|-0.581629|Centres commerciaux|5|6|2|non
Angel Esthetique|44.838065|-0.567982|Mairies / administrations|0|4|5|non
Annexe De L'Ecole Francaise De Radio-Electrit|44.834892|-0.601512|Écoles / collèges / lycées|70|8|7|oui
Antenne Sportive S2|44.903561|-0.574971|Gymnases / sports couverts|250|7|6|oui
Ap Optique|44.844695|-0.57902|Centres commerciaux|8|5|2|non
Aquitanis|44.872378|-0.572313|Mairies / administrations|40|3|5|non
Arbre De Noel Cmcas|44.882912|-0.550513|Gymnases / sports couverts|1390|4|6|non
Argenterie Catherine Lassus|44.839313|-0.579778|Centres commerciaux|5|6|2|non
Assises Européennes De La Transition Energetique|46.327502|-0.471609|Salles de spectacle / conférences|6141|9|4|non
Association Calk|44.832602|-0.568591|Salles de spectacle / conférences|0|4|4|non
Association Cercle Segalier (Batiment A)|44.84223|-0.58616|Salles de spectacle / conférences|144|6|4|non
Association Clcv|44.838067|-0.588191|Mairies / administrations|0|6|5|oui
Association Craes-Crips|44.830372|-0.557257|Mairies / administrations|10|1|5|non
Association Formation Transport|44.887418|-0.558335|Écoles / collèges / lycées|100|3|7|non
Association Laique Prado Dupaty|44.828028|-0.587488|Salles de spectacle / conférences|14|7|4|non
Atelier De Carrosserie Et Bureaux|44.834874|-0.599012|Mairies / administrations|3|8|5|oui
Aumonerie|44.826092|-0.579928|Salles de spectacle / conférences|120|6|4|non
Auto Ecole Solidaire|44.843233|-0.546307|Mairies / administrations|14|4|5|non
Auto-Ecole Albert 1Er|44.856458|-0.591338|Écoles / collèges / lycées|19|6|7|oui
Auto-Ecole Sarl Cer Le Volant|44.831335|-0.574473|Écoles / collèges / lycées|19|5|7|non
Baillardran (Intendance)|44.842165|-0.57496|Centres commerciaux|18|5|2|non
Banque Marocaine Du Commerce Exterieur|44.848834|-0.598904|Mairies / administrations|5|7|5|oui
Banque Populaire Bx|44.840059|-0.599379|Mairies / administrations|0|8|5|oui
Banque Populaire Du Sud Ouest|44.830815|-0.57852|Mairies / administrations|5|6|5|oui
Basket Temple|44.831923|-0.60073|Centres commerciaux|89|8|2|non
Bassins A Flot - Ilot C1/Bat D01 : Bureaux Rdc|44.843458|-0.59059|Mairies / administrations|33|7|5|oui
Bassins A Flot - Ilot P9D : Commerce 2|44.864943|-0.559972|Centres commerciaux|64|2|2|non
Batiment De La 9É Circonscription De La Cub|44.832652|-0.548013|Mairies / administrations|25|3|5|non
Bâtiment Exploitation Du Pont Chaban Delmas|44.84039|-0.569416|Centres commerciaux|163|4|2|non
Bibliotheque Carle Vernet|44.8195|-0.55068|Bibliothèques / médiathèques|30|1|1|non
Bijouterie|44.839493|-0.570507|Centres commerciaux|0|4|2|non
Bnp Paribas|44.821326|-0.582641|Mairies / administrations|32|7|5|oui
Bordeaux So Good|44.856355|-0.568436|Halls d'exposition|5619|3|0|non
Boucherie Bouche|44.835074|-0.572338|Centres commerciaux|10|5|2|non
Boucherie El Bakal Delice D'Orient|44.8731|-0.572575|Centres commerciaux|0|3|2|non
Boulangerie|44.840305|-0.583401|Centres commerciaux|12|6|2|non
Boulangerie|44.85512|-0.572567|Centres commerciaux|0|4|2|non
Boulangerie Patisserie|44.827173|-0.550906|Centres commerciaux|4|1|2|non
Boulangerie Patisserie Laugery|44.85019|-0.593634|Centres commerciaux|10|7|2|non
Bourse De L'Immobilier|44.850242|-0.593817|Mairies / administrations|11|7|5|oui
Bourse De L'Immobilier Nansouty|44.819341|-0.572194|Mairies / administrations|11|6|5|oui
Bourse De L'Immobilier Tourny|44.844724|-0.578398|Mairies / administrations|11|5|5|non
Boutique Caudalie|44.841885|-0.578677|Centres commerciaux|0|5|2|non
Boutique Ekyog|44.840669|-0.57936|Centres commerciaux|0|5|2|non
Boutique Free|44.837671|-0.573356|Centres commerciaux|45|5|2|non
Boutique Freywille|44.842128|-0.575472|Centres commerciaux|0|5|2|non
Boutique High|44.840695|-0.57831|Centres commerciaux|0|5|2|non
Boutique Jb Martin|44.842|-0.577162|Centres commerciaux|14|5|2|non
Boutique Jean Baptiste Rautureau|44.843723|-0.578587|Centres commerciaux|7|5|2|non
Boutique Jules|44.840113|-0.574275|Centres commerciaux|81|5|2|non
Boutique Lolly'S|44.841038|-0.575|Centres commerciaux|32|5|2|non
Boutique Marithe Et Francois Girbaud|44.841518|-0.578646|Centres commerciaux|19|5|2|non
Boutique Massimo Dutti|44.841892|-0.57632|Centres commerciaux|109|5|2|non
Boutique Morgan Ex-La Generale D'Optique|44.838019|-0.573807|Centres commerciaux|40|5|2|non
Boutique Nitya|44.842355|-0.579428|Centres commerciaux|22|5|2|non
Boutique Octave|44.832504|-0.572908|Centres commerciaux|19|5|2|non
Boutique Sibel Mode|44.850685|-0.571978|Centres commerciaux|0|4|2|non
Briau Caviste|44.851759|-0.58717|Centres commerciaux|48|6|2|non
Bureau D'Avocats|44.833276|-0.588851|Mairies / administrations|8|7|5|oui
Bureau De Poste (Ex Le Cafe Des Sports)|44.830205|-0.573054|Mairies / administrations|21|5|5|non
Bureau Poste Bordeaux Nansouty|44.823014|-0.580379|Mairies / administrations|13|6|5|oui
Bureaux|44.840601|-0.58242|Mairies / administrations|0|6|5|oui
Bureaux|44.847659|-0.59592|Mairies / administrations|2|7|5|oui
Bureaux - Hyperion - Ilot 8.4|44.8195|-0.55068|Mairies / administrations|20|1|5|non
Bureaux D'Avocats|44.838096|-0.57382|Mairies / administrations|12|5|5|non
Bureaux De La Dga Ville De Bx Ex Cfa Des Prep En Pharmacie|44.833621|-0.574437|Mairies / administrations|13|5|5|non
Bureaux De La Sci Ribi - Institut Pinson|44.832785|-0.606253|Mairies / administrations|2|8|5|oui
Bureaux Et Agence D'Architecture|44.821654|-0.56666|Mairies / administrations|0|5|5|non
C.C. Meriadeck: Kiosque B Food&Beverage|44.838926|-0.583142|Centres commerciaux|0|6|2|non
C.C.Auchan Lac : Brice|44.88067|-0.570246|Centres commerciaux|29|2|2|non
C.C.Auchan Lac : Espace Services Sud|44.88067|-0.570246|Centres commerciaux|0|2|2|non
C.C.Auchan Lac : Naf Naf|44.88067|-0.570246|Centres commerciaux|29|2|2|non
C.C.Auchan Lac : Numissima|44.88067|-0.570246|Mairies / administrations|2|2|5|non
C.C.Auchan Lac : Parfois Ex-Celio Club|44.88067|-0.570246|Centres commerciaux|13|2|2|non
C.C.Auchan Lac : Pimkie|44.88067|-0.570246|Centres commerciaux|31|2|2|non
C.C.Auchan Lac : Stands Précaires|44.88067|-0.570246|Centres commerciaux|0|2|2|non
C.C.Auchan Lac: 1.2.3|44.88067|-0.570246|Centres commerciaux|0|2|2|non
C.C.Auchan Lac: Alain Afflelou|44.88067|-0.570246|Centres commerciaux|15|2|2|non
C.C.Auchan Lac: Calzedonia Ex-H.Landers|44.88067|-0.570246|Centres commerciaux|11|2|2|non
C.C.Auchan Lac: Hypermarche|44.88067|-0.570246|Centres commerciaux|6141|2|2|non
C.C.Auchan Lac: Sephora|44.88067|-0.570246|Centres commerciaux|30|2|2|non
C.C.Leclerc St Louis: St Louis Lingerie|44.862954|-0.567368|Centres commerciaux|3|2|2|non
C.C.Meriadeck: 1.2.3|44.837959|-0.584904|Centres commerciaux|15|6|2|non
C.C.St Christoly: Jacqueline Riu|44.839286|-0.576552|Centres commerciaux|0|5|2|non
C.C.St Christoly: Non Exploite|44.839286|-0.576552|Centres commerciaux|0|5|2|non
C.C.St Christoly: Orange Bleue|44.839286|-0.576552|Centres commerciaux|107|5|2|non
C.C.St Christoly: Origines Tea And Coffee|44.839286|-0.576552|Centres commerciaux|0|5|2|non
C.C.St Christoly: Sephora|44.839286|-0.576552|Centres commerciaux|186|5|2|non
C.E.F.O.C.|44.832775|-0.580942|Écoles / collèges / lycées|80|6|7|oui
C.E.S.D.A  R.Chapon : Bâtiment Sedahai|44.843006|-0.598178|Écoles / collèges / lycées|20|7|7|oui
C.E.S.D.A. R.Chapon: Dos General|44.843006|-0.598178|Maisons de retraite / handicapés|267|7|8|non
"Cabinet ""Edp Avocats"""|44.837279|-0.580116|Mairies / administrations|4|6|5|oui
Cabinet Bedin Immobilier|44.832525|-0.612217|Mairies / administrations|6|8|5|oui
Cabinet Conseil En Immobilier|44.85259|-0.568146|Mairies / administrations|0|3|5|non
Cabinet D'Avocat|44.834349|-0.574809|Mairies / administrations|0|5|5|non
Cabinet D'Avocats|44.832925|-0.57507|Mairies / administrations|3|5|5|non
Cabinet D'Avocats|44.838244|-0.576527|Mairies / administrations|3|5|5|non
Cabinet D'Avocats|44.839982|-0.576583|Mairies / administrations|3|5|5|non
Cabinet D'Avocats|44.834081|-0.585122|Mairies / administrations|0|6|5|oui
Cabinet D'Avocats Legi - Conseils|44.843085|-0.57898|Mairies / administrations|10|5|5|non
Cabinet D'Avocats Maitre Deffieux|44.833407|-0.576943|Mairies / administrations|19|5|5|non
Cabinet D'Avocats Riviere,  Maubaret, Borgia|44.847561|-0.574093|Mairies / administrations|10|4|5|non
Cabinet D'Expert Comptable|44.848508|-0.587727|Mairies / administrations|0|6|5|oui
Cabinet D'Expertise Medicale|44.851942|-0.57868|Mairies / administrations|7|5|5|non
Cabinet De Dermatologie|44.831459|-0.57248|Mairies / administrations|0|5|5|non
Cabinet De Kinesitherapie|44.841171|-0.581879|Mairies / administrations|0|6|5|oui
Cabinet De Kinesitherapie|44.842337|-0.591132|Mairies / administrations|19|7|5|oui
Cabinet De Kinesitherapie Gambetta|44.841943|-0.577919|Mairies / administrations|0|5|5|non
Cabinet De Kinesitherapie Sgard Lee|44.87114|-0.548463|Mairies / administrations|4|4|5|non
Cabinet De Masso-Kinesitherapie|44.845726|-0.586916|Mairies / administrations|3|6|5|oui
Cabinet De Medecine Esthetique|44.85211|-0.614255|Mairies / administrations|3|8|5|oui
Cabinet Dentaire|44.841369|-0.585192|Mairies / administrations|0|6|5|oui
Cabinet Dentaire|44.841613|-0.582073|Mairies / administrations|0|6|5|oui
Cabinet Dentaire|44.834989|-0.581454|Mairies / administrations|0|6|5|oui
Cabinet Dentaire|44.825715|-0.589614|Mairies / administrations|0|7|5|oui
Cabinet Dentaire|44.832498|-0.581798|Mairies / administrations|3|6|5|oui
Cabinet Dentaire Gomes-Silva|44.852907|-0.569286|Mairies / administrations|0|3|5|non
Cabinet Dentaire Rousseau|44.837172|-0.567156|Mairies / administrations|0|3|5|non
Cabinet Dentaire Sci Pocrate|44.84551|-0.581927|Hôpitaux / cliniques|11|6|9|non
Cabinet Dermatologie|44.845717|-0.57675|Mairies / administrations|0|5|5|non
Cabinet Hue-Pillette|44.830205|-0.573054|Mairies / administrations|0|5|5|non
Caneles Baillardran|44.843546|-0.574343|Centres commerciaux|46|5|2|non
Cap Associations 22 Septembre 2013|44.856355|-0.568436|Halls d'exposition|5619|3|0|non
Cap Associations Le 28 Septembre 2014|44.856355|-0.568436|Halls d'exposition|5619|3|0|non
Carrefour City|44.835905|-0.582902|Centres commerciaux|195|6|2|non
Cartridge World|44.839563|-0.581473|Centres commerciaux|0|6|2|non
Cc Les Passages Cmk : Vide (Ex Jeff De Bruges) Lot N°12|44.841134|-0.583628|Centres commerciaux|3|6|2|non
Centre Aquatique Les Plaisirs De L'Eau|44.838427|-0.613985|Gymnases / sports couverts|45|8|6|oui
Centre Catholique Etudiant|44.834278|-0.575567|Salles de spectacle / conférences|50|5|4|non
Centre Commercial Counord : Dos General|44.857168|-0.574634|Centres commerciaux|1190|4|2|non
Centre Commercial Counord: Simply Market Counord|44.857168|-0.574634|Centres commerciaux|1180|4|2|non
Centre Commercial Europe Du Gd Parc : Dossier General|44.859751|-0.582403|Centres commerciaux|0|5|2|non
Centre Commercial Europe Du Gd Parc : Ilot I|44.859751|-0.582403|Centres commerciaux|0|5|2|non
Centre Commercial Europe Du Grand Parc - Cabinet De Kinesitherapie|44.8511|-0.608535|Mairies / administrations|12|8|5|oui
Centre Commercial Grand Parc Ilot Counord Batiment 2 : Dos Gal|44.836806|-0.579934|Centres commerciaux|24|6|2|non
Centre De Formation De La Caisse D'Epargne|44.82819|-0.611511|Écoles / collèges / lycées|323|8|7|oui
Centre De Medecine Sociale Batiment A|44.848855|-0.599313|Mairies / administrations|6|7|5|oui
Centre De Paiement De La S.S.|44.861437|-0.570763|Mairies / administrations|60|3|5|non
Centre De Remise En Forme|44.83677|-0.606091|Gymnases / sports couverts|98|8|6|oui
Centre De Soins D'Osteopathie|44.85596|-0.571106|Hôpitaux / cliniques|10|3|9|non
Centre Jean Paul 2 : Batiment A|44.822082|-0.564994|Salles de spectacle / conférences|199|4|4|non
Centre Jean Paul 2 : Batiment B|44.822082|-0.564994|Salles de spectacle / conférences|103|4|4|non
Centre Medico Psychologique|44.860468|-0.609936|Hôpitaux / cliniques|12|8|9|non
Centre Medico-Social Pmi Achard|44.872801|-0.546735|Hôpitaux / cliniques|40|5|9|non
Centre Social Et Familial Bordeaux Nord - Labo Miam|44.858081|-0.562005|Écoles / collèges / lycées|12|1|7|non
Chausport|44.841601|-0.574398|Centres commerciaux|42|5|2|non
Chrs Ozanam|44.849752|-0.605678|Salles de spectacle / conférences|0|8|4|non
Chu Bordeaux:Centre De Resonnance Magnetique|44.830385|-0.603262|Hôpitaux / cliniques|10|8|9|non
Chu Bordeaux:Hopital Pediatrique-Urgences/Rea/Blocs Operatoires|44.830385|-0.603262|Hôpitaux / cliniques|325|8|9|non
Chu Bordeaux:Maison Des Familles Saint Jean|44.830385|-0.603262|Hôtels / hébergements|59|8|3|non
Ciel Cyber Cafe|44.82785|-0.575322|Centres commerciaux|0|5|2|non
Cija Biblio Universitaire|44.83749|-0.575839|Bibliothèques / médiathèques|195|5|1|non
Cite Mondiale|44.849752|-0.570368|Hôtels / hébergements|2471|4|3|non
Cite Mondiale Acfh Ex-Agence Bancaire Cic|44.850121|-0.570878|Mairies / administrations|0|4|5|non
Clinique Anouste:Accueil De Jour|44.828863|-0.610475|Hôpitaux / cliniques|35|8|9|non
Clinique Dentaire Sci Sequoia Cauderan|44.855838|-0.601537|Mairies / administrations|19|7|5|oui
Clinique Veterinaire Brochet|44.850211|-0.605368|Mairies / administrations|0|8|5|oui
College Assomption Sainte Clotilde : Bat Principal|44.848084|-0.595729|Écoles / collèges / lycées|460|7|7|oui
College Grand Parc:Dossier General|44.856304|-0.583204|Écoles / collèges / lycées|600|5|7|non
College International De Bordeaux|44.843604|-0.573344|Écoles / collèges / lycées|18|4|7|non
College Osteopathique Sutherland|44.843176|-0.573264|Écoles / collèges / lycées|99|4|7|non
College Osteopathique Sutherland|44.842978|-0.573005|Écoles / collèges / lycées|99|4|7|non
College St Andre:Bat A - Cerey|44.853413|-0.620225|Écoles / collèges / lycées|360|9|7|oui
Comite Departemental Du Tourisme|44.842055|-0.576431|Mairies / administrations|199|5|5|non
Commerce|44.836435|-0.571539|Centres commerciaux|80|4|2|non
Commerce|44.842905|-0.575992|Centres commerciaux|10|5|2|non
Commerce|44.836288|-0.571509|Centres commerciaux|18|4|2|non
Commerce (Ex: Le Jardin Des Fleurs)|44.848456|-0.597617|Centres commerciaux|27|7|2|non
Commerce 1 (Coque) - Zac Saint Jean Belcier - Lot 9.11 - Ilot A|44.829974|-0.581148|Centres commerciaux|52|6|2|non
Commerce 4 Bassins A Flot Ilot P11|44.835091|-0.566165|Centres commerciaux|65|3|2|non
Commerce C.2A - Ensemble Immobilier Brienne Ilot 5.1.C - Zac Bordeaux Saint Jean Belcier|44.821271|-0.544152|Centres commerciaux|25|2|2|non
Commerce El Mordjane|44.831022|-0.567353|Centres commerciaux|0|4|2|non
Commerce Lot C2 (Coque) - Brazza Lot A1 - Bâtiment G1|44.840747|-0.569569|Centres commerciaux|0|4|2|non
Commerce Rue Neuve|44.836496|-0.569385|Centres commerciaux|0|4|2|non
Commerces|44.852864|-0.609398|Centres commerciaux|10|8|2|non
Compagnons Du Tour De France Des Devoirs Unis|44.820746|-0.602389|Salles de spectacle / conférences|50|8|4|non
Complexe Barbey : Centre D'Animation Et Mission Locale|44.826781|-0.563873|Salles de spectacle / conférences|167|4|4|non
Congres 24H Coelio Le 24 Janvier 2014|44.850031|-0.570868|Hôtels / hébergements|2500|4|3|non
Copropriete Les Fauvettes|44.832175|-0.613067|Mairies / administrations|0|8|5|oui
Cos Villa Pia : Foyer Cl Quancard|44.825393|-0.583976|Écoles / collèges / lycées|30|6|7|oui
Cosderma Laboratoires|44.835722|-0.583535|Mairies / administrations|15|6|5|oui
Couleurs De Tollens|44.859093|-0.565908|Centres commerciaux|270|2|2|non
Cours Acces Et Polles|44.8337|-0.5865|Écoles / collèges / lycées|233|6|7|oui
Cours Galien Despagnet|44.843272|-0.622205|Écoles / collèges / lycées|148|9|7|oui
Cours Prives Casso|44.837513|-0.600394|Écoles / collèges / lycées|128|8|7|oui
Creche Canaillous Brascassat|44.814599|-0.557017|Écoles / collèges / lycées|20|3|7|non
Creche De La Cite Administrative|44.838893|-0.600895|Écoles / collèges / lycées|56|8|7|oui
Creche Enfantissimo|44.849962|-0.616912|Écoles / collèges / lycées|16|8|7|oui
Creche Little - Darwin|44.853995|-0.566388|Écoles / collèges / lycées|30|2|7|non
Creche O Delice|44.851007|-0.572467|Écoles / collèges / lycées|24|4|7|non
Creches Multi-Accueil - Creche Familiale - Grand Parc|44.880176|-0.550841|Écoles / collèges / lycées|102|4|7|non
Credit Commercial Du Sud Ouest. Bx-Chartrons|44.85567|-0.571498|Mairies / administrations|0|3|5|non
Croix Rouge Francaise|44.844016|-0.551807|Salles de spectacle / conférences|199|3|4|non
Cyvea Cycles Et Vehicules A Energie Alternative|44.842505|-0.572231|Centres commerciaux|18|4|2|non
Fromagerie Chez Francois|44.831097|-0.578304|Centres commerciaux|11|6|2|non
Fromagerie D'Alos|44.842708|-0.578052|Centres commerciaux|16|5|2|non
G-Vodent Laboratoire|44.832081|-0.596427|Mairies / administrations|0|7|5|oui
Gal Grands Hommes: Etal 16 Et 17  Villeroy Et Boch|44.842816|-0.577589|Centres commerciaux|0|5|2|non
Gal Grands Hommes: Etal 2 Les Jardins Des Grands Hommes|44.842816|-0.577589|Centres commerciaux|0|5|2|non
Gala Annuel Du Petit Institut De Chine|44.839846|-0.553339|Gymnases / sports couverts|356|2|6|non
Galerie Bordelaise|44.841095|-0.573589|Centres commerciaux|0|5|2|non
Le Temps Des Cerises|44.858458|-0.562943|Centres commerciaux|82|1|2|non
Leader Price Express|44.832963|-0.573867|Centres commerciaux|66|5|2|non
Les Ateliers De La Manutention|44.841524|-0.594387|Écoles / collèges / lycées|10|7|7|oui
Les Lumieres D'Ornano : Commerces 1A Et 1B|44.833715|-0.593571|Centres commerciaux|91|7|2|non
Les Lumieres D'Ornano : Commerces 2A Et 2B|44.833715|-0.593571|Centres commerciaux|173|7|2|non
Les Primeurs|44.856355|-0.568436|Halls d'exposition|5619|3|0|non
Les Thermes De Cauderan|44.846953|-0.621126|Mairies / administrations|0|9|5|oui
Local Associatif : Local Bouliste Bacalan|44.82446|-0.587783|Salles de spectacle / conférences|0|7|4|non
Local Bouliste Du Square E.Combes|44.836145|-0.608369|Salles de spectacle / conférences|10|8|4|non
Local Commercial|44.835399|-0.566844|Centres commerciaux|50|3|2|non
Local Commercial|44.839091|-0.570394|Mairies / administrations|0|4|5|non
Local Commercial|44.836012|-0.565444|Centres commerciaux|18|3|2|non
Local Commercial|44.841129|-0.560176|Centres commerciaux|88|1|2|non
Local Commercial|44.840927|-0.570876|Centres commerciaux|27|4|2|non
Local Commercial|44.845983|-0.58409|Centres commerciaux|18|6|2|non
Local Commercial 03 Magasin|44.864943|-0.559972|Centres commerciaux|142|2|2|non
Local Commercial Ex : Immeuble De La Surveillance Municipale|44.837942|-0.57618|Centres commerciaux|37|5|2|non
Local Commercial Ex Restaurant San Francisco|44.832457|-0.572467|Centres commerciaux|104|5|2|non
Local Commercial Livre Brut|44.85554|-0.613822|Centres commerciaux|0|8|2|non
Local Commercial N°1 In Cite|44.836656|-0.571585|Centres commerciaux|57|4|2|non
Local Commercial Quasard Facilities|44.850653|-0.570007|Centres commerciaux|0|3|2|non
Local Commun Residentiel Residence Chantecrit|44.848998|-0.582998|Salles de spectacle / conférences|100|6|4|non
Local D'Activites Marengo|44.83311|-0.56883|Salles de spectacle / conférences|180|4|4|non
Locaux Associatifs|44.839137|-0.576529|Salles de spectacle / conférences|199|5|4|non
Locaux Bvd Et Infopole|44.849609|-0.572478|Écoles / collèges / lycées|4|4|7|non
Locaux Crama|44.833799|-0.584959|Mairies / administrations|15|6|5|oui
Locaux Du Parti Socialiste|44.858945|-0.571539|Salles de spectacle / conférences|150|3|4|non
Locaux Du Syndicat Fo|44.84039|-0.569416|Mairies / administrations|150|4|5|non
Lycee M.Montaigne:Batiment 2 Aile Ouest|44.834845|-0.571889|Écoles / collèges / lycées|540|4|7|non
Lycee Technique Bel Orme Annexe|44.850578|-0.595235|Écoles / collèges / lycées|0|7|7|oui
Lycee Technologique St Vincent De Paul|44.825447|-0.575366|Écoles / collèges / lycées|771|6|7|oui
Mac Cosmetics|44.840524|-0.574779|Centres commerciaux|0|5|2|non
Macway|44.842364|-0.579086|Centres commerciaux|10|5|2|non
Magasin|44.848856|-0.622105|Centres commerciaux|41|9|2|non
Magasin|44.84632|-0.588074|Centres commerciaux|422|6|2|non
Magasin  Mood|44.837519|-0.573598|Centres commerciaux|0|5|2|non
"Magasin ""C.A.Dire"""|44.836581|-0.566395|Centres commerciaux|19|3|2|non
"Magasin ""L'Esprit Girondins"""|44.839276|-0.574139|Centres commerciaux|41|5|2|non
"Magasin ""La Trinitaine"""|44.838759|-0.576023|Centres commerciaux|20|5|2|non
"Magasin ""Ldlc.Com"""|44.832732|-0.573747|Centres commerciaux|23|5|2|non
"Magasin ""Scarlett"""|44.83929|-0.579322|Centres commerciaux|18|5|2|non
Marche Des Capucins-Halle A-Banc 10 Ab|44.830671|-0.567738|Centres commerciaux|0|4|2|non
Petit Bateau|44.840944|-0.577103|Centres commerciaux|0|5|2|non
Pharmacie  Les Diversites|44.832744|-0.604586|Centres commerciaux|80|8|2|non
Pharmacie Centrale Bordeaux Bastide|44.842882|-0.550677|Centres commerciaux|0|3|2|non
Pharmacie Delest|44.824708|-0.577243|Centres commerciaux|0|6|2|non
Pharmacie Des Grands Hommes|44.843234|-0.57714|Centres commerciaux|157|5|2|non
Pharmacie Du Musee|44.836439|-0.575895|Centres commerciaux|0|5|2|non
Residence Universitaire Et Espace Co-Working|44.830595|-0.573712|Mairies / administrations|83|5|5|non
Reve D'Ongle|44.854983|-0.577236|Centres commerciaux|0|5|2|non
Richy'S|44.837467|-0.571836|Centres commerciaux|48|4|2|non
Roche Bobois|44.836086|-0.581024|Centres commerciaux|195|6|2|non
Sabom|44.841499|-0.58236|Mairies / administrations|14|6|5|oui
Salle D'Escrime Guy Laupies|44.843715|-0.628607|Gymnases / sports couverts|50|9|6|oui
Salle De Sport Optimum Ex-Freeness|44.84941|-0.582627|Gymnases / sports couverts|106|6|6|oui
Salle De Yoga|44.840319|-0.582204|Gymnases / sports couverts|0|6|6|oui
Salle Quintin Loucheur|44.824884|-0.598629|Salles de spectacle / conférences|360|8|4|non
Salon Axa|44.872645|-0.571176|Salles de spectacle / conférences|6141|3|4|non
Salon De Coiffure|44.862132|-0.587876|Centres commerciaux|18|6|2|non
Salon De Coiffure Corinne Et Florence|44.844628|-0.57999|Centres commerciaux|9|5|2|non
"Salon De Coiffure Et Esthetique ""Addict"""|44.836207|-0.576209|Centres commerciaux|6|5|2|non
Salon De Coiffure Gilardin|44.832749|-0.611819|Centres commerciaux|10|8|2|non
Salon De Coiffure Jean Louis David|44.840521|-0.581741|Centres commerciaux|8|6|2|non
Salon De Coiffure Jean Louis David Et Colori|44.831546|-0.572874|Centres commerciaux|0|5|2|non
Salon De L'Immobilier Du 10 Au 12 Avril 2015|44.856355|-0.568436|Halls d'exposition|5619|3|0|non
Salon De L'Immobilier Du 10 Au 12 Octobre 2014|44.856355|-0.568436|Halls d'exposition|5619|3|0|non
Salon Du Chocolat De Bordeaux|44.862132|-0.587876|Halls d'exposition|0|6|0|non
Salon Idef 2015 Du 30 Juin Eu 2 Juillet 2015|44.856355|-0.568436|Halls d'exposition|5619|3|0|non
Salon N.A.I.A|44.856355|-0.568436|Halls d'exposition|5619|3|0|non
Sccv Labriz (Local Commercial)|44.860784|-0.557452|Centres commerciaux|0|2|2|non
Sci 29 Place Meynard|44.8448|-0.57891|Mairies / administrations|29|5|5|non
Sci Bordolabal|44.876267|-0.552976|Centres commerciaux|0|4|2|non
Sci Reneis|44.845829|-0.577715|Mairies / administrations|0|5|5|non
Scm Calluaud Et Hollier - Chirurgiens Dentistes|44.84706|-0.548367|Mairies / administrations|10|4|5|non
Sein Posium (Sur L'Imagerie Du Sein)|44.848845|-0.570835|Halls d'exposition|200|4|0|non
Selarl Perier/Chapeau|44.862132|-0.587876|Mairies / administrations|0|6|5|oui
Self Service Elementaire Albert Schweitzer B|44.862746|-0.581171|Écoles / collèges / lycées|160|5|7|non
Semaine Digitale 25 Au 30 Mars 2013|44.862132|-0.587876|Salles de spectacle / conférences|0|6|4|non
Serre Urbaine|44.839148|-0.586408|Salles de spectacle / conférences|0|6|4|non
Service Educatif Annexe Et Service Point Rencontre|44.853477|-0.588412|Hôpitaux / cliniques|12|6|9|non
Services Veterinaires De La Gironde|44.841982|-0.602928|Mairies / administrations|5|8|5|oui
Societe Cp2I|44.824708|-0.577243|Mairies / administrations|10|6|5|oui
Societe De Gestion De L'Assainissement De La Cub|44.82782|-0.575129|Mairies / administrations|0|5|5|non
Societe Generale|44.837961|-0.567576|Mairies / administrations|18|3|5|non
Societe Generale|44.835671|-0.580885|Mairies / administrations|0|6|5|oui
Societe Generale Agence Bancaire|44.854252|-0.578368|Mairies / administrations|19|5|5|non
Societe Philomathique De Bordeaux|44.842178|-0.582816|Écoles / collèges / lycées|275|6|7|oui
Solepain|44.84533|-0.616322|Centres commerciaux|0|8|2|non
Speed Burger|44.848286|-0.582248|Centres commerciaux|6|6|2|non
Sprint Copy|44.844681|-0.577996|Mairies / administrations|0|5|5|non
Ste De Ve Pa|44.837739|-0.570592|Centres commerciaux|130|4|2|non
Structure Multi Accueil Les Aubiers Apprentis D'Auteuil|44.852604|-0.57636|Écoles / collèges / lycées|99|5|7|non
Subdivision Mineralogique De La Gironde|44.847734|-0.574126|Mairies / administrations|10|4|5|non
Superette Petit Casino|44.847542|-0.576219|Centres commerciaux|125|5|2|non
Superette Vival|44.837382|-0.566829|Centres commerciaux|0|3|2|non
Supinfo Ex Ecole D'Infirmieres Croix Rouge Francaise|44.856199|-0.570958|Écoles / collèges / lycées|190|3|7|non
Surface Commercial (Coque) - Ilot Dunant (Df1.1)|44.841303|-0.583746|Centres commerciaux|0|6|2|non
Surface Commerciale 2|44.860468|-0.609936|Centres commerciaux|19|8|2|non
Sushi Shop|44.856326|-0.578773|Centres commerciaux|7|5|2|non
"Tabac ""La Chimere"""|44.845412|-0.578506|Centres commerciaux|6|5|2|non
Tabac Charles Menager|44.837937|-0.567893|Centres commerciaux|20|4|2|non
Tabac Presse Guyon|44.84054|-0.560942|Centres commerciaux|0|1|2|non
Tabac Presse La Perdrix|44.841613|-0.582073|Centres commerciaux|0|6|2|non
Taranis Club|44.846844|-0.607986|Gymnases / sports couverts|90|8|6|oui
The Blend By Vinexpo|44.856355|-0.568436|Halls d'exposition|5619|3|0|non
The Kooples Ex Pinasse Collection|44.840915|-0.576456|Centres commerciaux|0|5|2|non
Theatre Femina|44.841362|-0.577233|Salles de spectacle / conférences|1170|5|4|non
Theatre La Lucarne|44.847483|-0.584129|Salles de spectacle / conférences|119|6|4|non
Theatre Le Moliere Scene D'Aquitaine|44.840031|-0.577726|Salles de spectacle / conférences|167|5|4|non
Tournoi Open Entreprises Des Jsa Des 18 Octobre 2013 31 Janvier Et 6 Juin 2014|44.828496|-0.612598|Gymnases / sports couverts|200|8|6|oui
Tresoreries Principales|44.828151|-0.586094|Mairies / administrations|40|7|5|oui
Trois Petits Anglais|44.851227|-0.590093|Écoles / collèges / lycées|16|6|7|oui
Unite D'Accueil Pour Toxicomanes|44.850993|-0.583006|Hôpitaux / cliniques|29|6|9|non
Urban Immobilier|44.853685|-0.571033|Mairies / administrations|0|3|5|non
Voltaire Optique|44.842568|-0.577569|Centres commerciaux|0|5|2|non
Voyatourisme|44.841923|-0.575883|Mairies / administrations|10|5|5|non
Zac Coeur De Bastide - Ilot B - Boulangerie T80|44.842899|-0.55942|Centres commerciaux|74|1|2|non
Zac Coeur De Bastide - Ilot B - Radio France Fip Ucd Et Service Technique|44.842719|-0.559709|Mairies / administrations|5|1|5|non
Zac Coeur De Bastide - Ilot B - Radio Locale France Bleu Gironde|44.843094|-0.559442|Centres commerciaux|10|1|2|non
Zac Coeur De Bastide - Ilot E : Millenium 2 Et 3|44.846248|-0.560752|Mairies / administrations|50|1|5|non
Zac Des Chartrons : Ilot L-Immeuble Tertiaire|44.852935|-0.594842|Mairies / administrations|199|7|5|oui
Zac Hopital Des Enfants Ilot E : Dossier General|44.835763|-0.577734|Centres commerciaux|0|5|2|non
C.C.Meriadeck: Boutique Auchan France Ex-Morgan|44.852604|-0.57636|Centres commerciaux|15|5|2|non
Magasin Bershka|44.840296|-0.57533|Centres commerciaux|459|5|2|non
Magasin Lindt|44.840524|-0.574779|Centres commerciaux|41|5|2|non
23E European Symposium On Urogenital Radiology|44.872645|-0.571176|Salles de spectacle / conférences|6141|3|4|non
34Ème Congrès Sofmer|44.872645|-0.571176|Salles de spectacle / conférences|6141|3|4|non
A.D.E.A. Jacques Prevert|44.851473|-0.597037|Écoles / collèges / lycées|50|7|7|oui
A.R.E.S.C.J.:Service D'Accompagnement Des Mineurs Et Jeunes|44.84065|-0.582555|Mairies / administrations|10|6|5|oui
Agence Ag2R La Mondiale Gambetta|44.840585|-0.581206|Mairies / administrations|8|6|5|oui
Agence Bancaire Bnp Paribas|44.848288|-0.58319|Mairies / administrations|12|6|5|oui
Agence Bancaire Cic|44.842129|-0.573455|Mairies / administrations|22|5|5|non
Agence Bancaire Cic Bordeaux Pey Berland|44.837293|-0.576387|Mairies / administrations|12|5|5|non
Agence Bancaire Lcl Bordeaux St Jean|44.818802|-0.570998|Mairies / administrations|14|5|5|non
Agence Bordeaux Saint Jean Societe Generale|44.827341|-0.556837|Mairies / administrations|12|2|5|non
Agence Caisse D'Epargne|44.835615|-0.568878|Mairies / administrations|12|4|5|non
Agence Caixa Geral De Depositos Ex Fortis Banque|44.82794|-0.559389|Mairies / administrations|13|2|5|non
Agence Citya Atlantis|44.837761|-0.570289|Mairies / administrations|116|4|5|non
Agence Du Credit Lyonnais Merignac Montesquieu|44.846255|-0.63178|Mairies / administrations|19|9|5|oui
Agence Immobiliere|44.841152|-0.57078|Mairies / administrations|5|4|5|non
Agence Immobiliere Bourse De L Immobilier|44.851361|-0.609616|Mairies / administrations|6|8|5|oui
Agence Immobiliere Sarl Mapi|44.844017|-0.587738|Mairies / administrations|0|6|5|oui
Agence Lafaye|44.844748|-0.577954|Mairies / administrations|0|5|5|non
Agence Realy Smart|44.843638|-0.576122|Mairies / administrations|12|5|5|non
Aidadom 33|44.82446|-0.59101|Mairies / administrations|40|7|5|oui
Alliance Française|44.841671|-0.582654|Écoles / collèges / lycées|204|6|7|oui
Altideco|44.841575|-0.583275|Centres commerciaux|19|6|2|non
Annexe De La Compagnie De Formation Pigier|44.849529|-0.613426|Écoles / collèges / lycées|36|8|7|oui
Aquitain Hotel|44.826248|-0.558892|Hôtels / hébergements|38|3|3|non
Aquitaine Photo Reparation|44.862132|-0.587876|Centres commerciaux|8|6|2|non
Aquitaine Photo Reparation|44.84134|-0.554999|Centres commerciaux|8|2|2|non
Arbre De Noel Du Cmcas|44.882912|-0.550513|Gymnases / sports couverts|1390|4|6|non
Art Aum Zen Attitude|44.837768|-0.570196|Centres commerciaux|19|4|2|non
Assemblee Des Experts Comptables 2016|44.856355|-0.568436|Halls d'exposition|5619|3|0|non
Assises Nationales Du Foncier 17 Et 18 Octobre 2013|44.872645|-0.571176|Salles de spectacle / conférences|6141|3|4|non
Association  C.I.A.M.:Bat Annexe|44.834069|-0.569619|Écoles / collèges / lycées|19|4|7|non
Association  Du Terroir|44.854647|-0.572877|Salles de spectacle / conférences|95|4|4|non
Association Axis|44.859173|-0.563636|Écoles / collèges / lycées|40|1|7|non
Association Ayurveda Yoga Bordeaux|44.840743|-0.579362|Mairies / administrations|8|5|5|non
Association Coup D'Pouce 33|44.820992|-0.575618|Mairies / administrations|0|6|5|oui
Atelier D'Artiste|44.843849|-0.582417|Écoles / collèges / lycées|40|6|7|oui
Atelier De Photographie Herve Wambre|44.838852|-0.61884|Mairies / administrations|0|9|5|oui
Au Jardin De Cauderan|44.837406|-0.609953|Centres commerciaux|0|8|2|non
Auto Ecole De La Victoire|44.852934|-0.569005|Mairies / administrations|17|3|5|non
Basic Fit Republique|44.843715|-0.628607|Gymnases / sports couverts|160|9|6|oui
Bassins A Flot - Ilot C1/Bat D01 : Bureaux R+1|44.843458|-0.59059|Mairies / administrations|13|7|5|oui
Bassins A Flot - Ilot P9D : Commerce 1|44.864943|-0.559972|Centres commerciaux|135|2|2|non
Bassins A Flot - Ilot P9D : Commerce 6|44.864943|-0.559972|Centres commerciaux|154|2|2|non
Bassins A Flot Ilot C1-B02 Salle De Fitness|44.837098|-0.568861|Gymnases / sports couverts|0|4|6|non
Bati Saint Martin|44.855289|-0.550589|Mairies / administrations|0|4|5|non
Batiment Modulaire - Groupe Scolaire Jean Monnet Lac I|44.872697|-0.574826|Écoles / collèges / lycées|68|4|7|non
Batiment Multifonctionnel G1 Ilôt P4 - Bureaux (Coque W4)|44.835091|-0.566165|Mairies / administrations|0|3|5|non
Bazar Chinois Pasteur|44.833351|-0.574067|Centres commerciaux|197|5|2|non
Bibliotheque Son Tay|44.825649|-0.552974|Bibliothèques / médiathèques|80|1|1|non
Bijouterie Ducas|44.840736|-0.58005|Centres commerciaux|9|6|2|non
Bijoux Mode|44.835767|-0.573563|Centres commerciaux|6|5|2|non
Bnp  Paribas : Ag Bordeaux St Genes|44.842132|-0.617053|Mairies / administrations|19|9|5|oui
Bordeaux Inp - E.N.S.T.B.B - Bâtiment A|44.822135|-0.606361|Écoles / collèges / lycées|120|8|7|oui
Bordeaux Placards|44.834349|-0.574809|Centres commerciaux|0|5|2|non
Boucherie Collado|44.848413|-0.582427|Centres commerciaux|3|6|2|non
Boulangerie Sci Le 48|44.84213|-0.602513|Centres commerciaux|10|8|2|non
Bourse De L'Immobilier|44.832512|-0.611695|Mairies / administrations|16|8|5|oui
Bourse De L'Immobilier Cauderan|44.843137|-0.607253|Mairies / administrations|0|8|5|oui
Boutique Catimini|44.840883|-0.576828|Centres commerciaux|31|5|2|non
Boutique Comtesse Du Barry|44.842004|-0.577104|Centres commerciaux|12|5|2|non
Boutique De Vente De Bijoux|44.838823|-0.579169|Centres commerciaux|5|5|2|non
Boutique Dinh Van|44.843554|-0.578691|Centres commerciaux|0|5|2|non
Boutique Follow Me|44.841038|-0.575|Centres commerciaux|5|5|2|non
Boutique Inoui|44.841548|-0.578135|Centres commerciaux|14|5|2|non
Boutique Jacadi|44.840981|-0.576716|Centres commerciaux|0|5|2|non
Boutique Lafitte|44.844001|-0.577532|Centres commerciaux|7|5|2|non
Boutique Lalique|44.842063|-0.576333|Centres commerciaux|42|5|2|non
Boutique Marionnaud|44.842573|-0.579295|Centres commerciaux|19|5|2|non
Boutique Nathalie Chaize|44.842453|-0.578219|Centres commerciaux|17|5|2|non
Boutique Tara Jarmon|44.841875|-0.578815|Centres commerciaux|0|5|2|non
Bureau D'Avocats|44.837746|-0.57049|Mairies / administrations|5|4|5|non
Bureau De Poste Bordeaux Maritime|44.831923|-0.60073|Mairies / administrations|12|8|5|oui
Bureau De Poste Tourny|44.844815|-0.576612|Mairies / administrations|10|5|5|non
Bureaux|44.834883|-0.570932|Centres commerciaux|3|4|2|non
Bureaux|44.855345|-0.564534|Mairies / administrations|100|2|5|non
Bureaux|44.835091|-0.566165|Mairies / administrations|122|3|5|non
Bureaux|44.849529|-0.613426|Mairies / administrations|6|8|5|oui
Bureaux Avocats|44.819706|-0.597826|Mairies / administrations|0|8|5|oui
Bureaux Indagro|44.886446|-0.541719|Mairies / administrations|-20|6|5|oui
C.C. Meriadeck: Kiosque Tutti Frutti|44.839965|-0.583197|Centres commerciaux|0|6|2|non
C.C.Auchan Lac :  Boutique Maje|44.88067|-0.570246|Centres commerciaux|11|2|2|non
C.C.Auchan Lac : Boutique Ben & Jerry'S|44.88067|-0.570246|Centres commerciaux|3|2|2|non
C.C.Auchan Lac : Uniqlo|44.847784|-0.582228|Centres commerciaux|432|6|2|non
C.C.Auchan Lac: Fnac|44.88067|-0.570246|Centres commerciaux|1324|2|2|non
C.C.Auchan Lac: Grand Optical|44.88067|-0.570246|Centres commerciaux|27|2|2|non
C.C.Auchan Lac: Le Torchon A Carreaux|44.88067|-0.570246|Centres commerciaux|10|2|2|non
C.C.Auchan Lac: Les Entrepots Du Monde ( Ex Decathlon )|44.88067|-0.570246|Centres commerciaux|864|2|2|non
C.C.Leclerc St Louis: Talon Minute|44.862954|-0.567368|Centres commerciaux|0|2|2|non
C.C.Les Bastides: Boutique Photo|44.843955|-0.542428|Centres commerciaux|7|5|2|non
C.C.Les Bastides: Infirmieres|44.843955|-0.542428|Hôpitaux / cliniques|16|5|9|non
C.C.Meriadeck: Intersport ( Auchan Voir M 72.1 ).|44.852604|-0.57636|Centres commerciaux|532|5|2|non
C.C.Meriadeck: Kiosque A Food&Beverage|44.838926|-0.583142|Centres commerciaux|0|6|2|non
C.C.Meriadeck: Kiosque C Food&Beverage|44.838926|-0.583142|Centres commerciaux|0|6|2|non
C.C.Meriadeck: Restaurant 03|44.838926|-0.583142|Centres commerciaux|0|6|2|non
C.C.Meriadeck: Restaurant 04|44.838926|-0.583142|Centres commerciaux|0|6|2|non
C.C.St Christoly: Boutique 1.2.3|44.839286|-0.576552|Centres commerciaux|25|5|2|non
C.C.St Christoly: Comptoir Des Delices (Ex Tarte Julie)|44.839286|-0.576552|Centres commerciaux|0|5|2|non
C.C.St Christoly: Mac Orian|44.839286|-0.576552|Centres commerciaux|0|5|2|non
C.E.S.D.A. Richard Chapon: Batiment 1 (Aile A Et Aile B)|44.843006|-0.598178|Écoles / collèges / lycées|60|7|7|oui
C.F.I.P./I.S.@.R. Ex College Ste Eulalie|44.8292|-0.582234|Écoles / collèges / lycées|0|6|7|oui
C.F.I.P/I.S.@.R : Ex College Ste Eulalie|44.8292|-0.582234|Écoles / collèges / lycées|60|6|7|oui
Cabinet D'Assurances|44.833937|-0.574438|Mairies / administrations|0|5|5|non
Cabinet De Kinesitherapie / Osteopathie|44.84138|-0.583893|Mairies / administrations|6|6|5|oui
Cabinet De Kinesitherapie Caillaud|44.834076|-0.573868|Mairies / administrations|5|5|5|non
Cabinet De Kinesitherapie Mme Pechereau-Mr Pasquier|44.843836|-0.57744|Mairies / administrations|16|5|5|non
Cabinet De Kinesitherapie Pochet|44.877884|-0.571366|Mairies / administrations|5|3|5|non
Cabinets Medicaux Sci Gti|44.832939|-0.59307|Mairies / administrations|0|7|5|oui
Café Coton|44.852807|-0.580379|Centres commerciaux|29|5|2|non
Caisse Locale Du Credit Mutuel Du Sud Ouest|44.858614|-0.56703|Mairies / administrations|12|2|5|non
Caisse Regionale De Credit Agricole Mutuel D'Aquitaine|44.846018|-0.577597|Mairies / administrations|19|5|5|non
Call Box|44.835886|-0.567704|Centres commerciaux|8|4|2|non
Carrefour City|44.829733|-0.568189|Centres commerciaux|111|4|2|non
Carrefour City|44.832743|-0.588025|Centres commerciaux|170|7|2|non
Carrefour City Ex-Semp-7J - Coccinelle|44.83103|-0.598602|Centres commerciaux|100|8|2|non
Carrefour Express|44.854409|-0.572684|Centres commerciaux|2|4|2|non
Carrefour Market Bordeaux Cauderan : Artmania|44.861159|-0.634271|Centres commerciaux|5|9|2|non
Carrefour Market Bordeaux Cauderan : Cordonnerie-Cles Minute|44.861159|-0.634271|Centres commerciaux|5|9|2|non
Carrefour Market Bordeaux Cauderan : Mondial Kebab|44.861159|-0.634271|Centres commerciaux|5|9|2|non
Cc Auchan Lac : Madame Beauté|44.835438|-0.568041|Centres commerciaux|0|4|2|non
Cc Les Passages Cmk: Boutique Numericable Lot N° 8|44.841134|-0.583628|Centres commerciaux|0|6|2|non
Centre Clients Orange|44.840653|-0.583384|Écoles / collèges / lycées|85|6|7|oui
Centre Commercial Counord: Local Vide|44.856795|-0.573887|Centres commerciaux|30|4|2|non
Centre Commercial Europe Du Gd Parc : Ilot D - Crédit Lyonna|44.851748|-0.613472|Mairies / administrations|20|8|5|oui
Centre Commercial Grand Parc Ilot Counord Batiment 1 : Charcuterie Mathias|44.843814|-0.585063|Centres commerciaux|0|6|2|non
Centre Commercial Grand Parc Ilot Counord Batiment 1 : Lot 1A - Pharmacie|44.862132|-0.587876|Centres commerciaux|0|6|2|non
Centre Commercial Grand Parc Ilot Counord Batiment 2 : Lot 2A|44.843766|-0.585358|Centres commerciaux|0|6|2|non
Centre Commercial Grand Parc Ilot Counord Batiment 2 : Lot 2B|44.862132|-0.587876|Centres commerciaux|11|6|2|non
Centre D'Accueil De Jour Renovation|44.830656|-0.599111|Salles de spectacle / conférences|12|8|4|non
Centre D'Animation Du Grand Parc|44.858402|-0.583867|Salles de spectacle / conférences|360|6|4|non
Centre D'Examens Sylvan Prometric|44.842817|-0.578559|Écoles / collèges / lycées|8|5|7|non
Centre De Formation De La Tresorerie|44.850876|-0.577996|Écoles / collèges / lycées|30|5|7|non
Centre De Formation Notariale Annexe|44.843856|-0.577329|Écoles / collèges / lycées|45|5|7|non
Centre De Medecine Sociale Batiment Bde|44.848855|-0.599313|Hôpitaux / cliniques|30|7|9|non
Centre De Radiologie Du Pavillon De La Mutualite|44.82658|-0.576794|Hôpitaux / cliniques|0|6|9|non
Centre De Readaptation - Foyer Croix De Seguey|44.851618|-0.589669|Hôpitaux / cliniques|0|6|9|non
Centre De Remise En Forme|44.844881|-0.582328|Gymnases / sports couverts|50|6|6|oui
Centre De Remise En Forme Fitness Club|44.840542|-0.574806|Gymnases / sports couverts|90|5|6|non
Centre De Remise En Forme Le Different|44.851326|-0.5772|Gymnases / sports couverts|2|5|6|non
Centre Information Sur Les Droits Des Femmes Et Des Familles|44.84384|-0.582653|Mairies / administrations|0|6|5|oui
Centre Regional Aquitain De Formation Des Taxis|44.823189|-0.554261|Écoles / collèges / lycées|19|2|7|non
Ch.Ch.Perrens Creche|44.822417|-0.601328|Écoles / collèges / lycées|53|8|7|oui
Chambre Reg Des Comptes|44.84298|-0.576466|Mairies / administrations|19|5|5|non
Commerce - Les Bassins A Flots|44.852746|-0.566354|Centres commerciaux|306|2|2|non
Commerce 06 (Coque M 5) - Zac Saint Jean Belcier - Lot 8.3 A|44.82194|-0.553941|Centres commerciaux|16|2|2|non
Commerce 1|44.858433|-0.606433|Centres commerciaux|0|8|2|non
Commerce 10 Rue Cazenave|44.845845|-0.580916|Centres commerciaux|44|6|2|non
Commerce 2 (Ex: Le Jardin Des Fleurs)|44.848456|-0.597617|Centres commerciaux|27|7|2|non
Commerce C1 - Ilot Tauzin Bethmann|44.822416|-0.604674|Centres commerciaux|151|8|2|non
Commerce C3 - Ilot Tauzin Bethmann|44.822416|-0.604674|Centres commerciaux|79|8|2|non
Complexe Barbey : Dossier General|44.826781|-0.563873|Salles de spectacle / conférences|0|4|4|non
Complexe Sportif Et Bureaux|44.858289|-0.626155|Gymnases / sports couverts|106|9|6|oui
Concert De Scorpions|44.83489|-0.587663|Salles de spectacle / conférences|7212|7|4|non
Concession Bmw - Mini|44.82178|-0.541889|Halls d'exposition|120|3|0|non
Congres Cfdt Retraités|44.872645|-0.571176|Salles de spectacle / conférences|6141|3|4|non
Congres Wcvd|44.872645|-0.571176|Salles de spectacle / conférences|6141|3|4|non
Construction De 40 Logements Et 3 Erp  (Dossier General)|44.85099|-0.541955|Centres commerciaux|0|5|2|non
Convention Beauty Success 9 Octobre 2013|44.856355|-0.568436|Halls d'exposition|5619|3|0|non
Convention Gmf 2014|44.856355|-0.568436|Halls d'exposition|5619|3|0|non
Cordonnerie|44.826723|-0.576655|Centres commerciaux|0|6|2|non
Cour Administrative D'Appel|44.846447|-0.577331|Mairies / administrations|88|5|5|non
Creation De 2 Magasins|44.814356|-0.572884|Centres commerciaux|39|6|2|non
Creche Babilou|44.827677|-0.592505|Écoles / collèges / lycées|0|7|7|oui
Creche Cadet Rousselle|44.836965|-0.568258|Écoles / collèges / lycées|0|4|7|non
Creche D3|44.841226|-0.610131|Écoles / collèges / lycées|76|8|7|oui
Creche De La Benauge,Halte-Garderie Galipette|44.846014|-0.543728|Écoles / collèges / lycées|75|4|7|non
Creche Des Argentiers|44.83953|-0.570271|Écoles / collèges / lycées|10|4|7|non
Creche Graine De Malice|44.866832|-0.575603|Écoles / collèges / lycées|32|4|7|non
Creche Mirassou|44.821585|-0.566979|Écoles / collèges / lycées|60|5|7|non
Creche Multi Accueil Jean Marquaux|44.824326|-0.578824|Écoles / collèges / lycées|20|6|7|oui
Creche Petit Bout'Chou|44.846364|-0.589385|Écoles / collèges / lycées|35|6|7|oui
Creche Pirouette|44.824966|-0.564209|Écoles / collèges / lycées|18|4|7|non
Creche Pomme Et Lune Ex Maison De Retraite La Cle De Solle|44.859785|-0.625143|Écoles / collèges / lycées|22|9|7|oui
Creche Saint Augustin|44.832644|-0.60829|Écoles / collèges / lycées|44|8|7|oui
Credit Agricole Saint Genes|44.830708|-0.578347|Mairies / administrations|10|6|5|oui
Credit Lyonnais|44.842102|-0.575827|Mairies / administrations|100|5|5|non
Cts Surface De Vente Implantation Prolongee|44.88067|-0.570246|Centres commerciaux|6935|2|2|non
Darjeeling|44.840861|-0.577986|Centres commerciaux|0|5|2|non
Dentelia Victoire|44.830264|-0.570396|Mairies / administrations|39|5|5|non
Depôt De Bus Lescure|44.834284|-0.600352|Mairies / administrations|7|8|5|oui
Du Neuf Avec L'Ancien|44.847421|-0.571742|Mairies / administrations|0|4|5|non
Ecole De Danse|44.853685|-0.571033|Écoles / collèges / lycées|45|3|7|non
Ecole Du Bon Pasteur : Batiment Principal|44.842709|-0.608667|Écoles / collèges / lycées|234|8|7|oui
Ecole Elementaire Gan Yossef|44.829041|-0.600593|Écoles / collèges / lycées|30|8|7|oui
Groupe Scolaire Flornoy|44.832094|-0.601031|Écoles / collèges / lycées|545|8|7|oui
Gsm Boutique|44.83775|-0.572277|Centres commerciaux|5|4|2|non
Gymnase Et Tribune Du Stade Charles Martin|44.874343|-0.55271|Gymnases / sports couverts|60|4|6|non
Gymnase Grand Parc 1|44.85732|-0.577531|Gymnases / sports couverts|200|5|6|non
Gymnase Stade Maitre Jean|44.828496|-0.612598|Gymnases / sports couverts|207|8|6|oui
Gymnase Wustenberg|44.847178|-0.590209|Gymnases / sports couverts|250|6|6|oui
Halle Des Chartrons|44.856355|-0.568436|Salles de spectacle / conférences|1050|3|4|non
Halle Singe - Caserne Niel Darwin|44.835621|-0.565008|Salles de spectacle / conférences|795|3|4|non
"Halte Garderie ""Les Parents De Cauderan"""|44.844773|-0.629932|Écoles / collèges / lycées|15|9|7|oui
Halte Garderie Nuage Bleu|44.863812|-0.569731|Écoles / collèges / lycées|8|3|7|non
Halte-Garderie Ribambelle|44.844358|-0.586794|Écoles / collèges / lycées|10|6|7|oui
Haute Coiffure Masculine Stephane|44.851568|-0.574214|Centres commerciaux|0|4|2|non
Hauts Comme Trois Plumes|44.850722|-0.579151|Écoles / collèges / lycées|8|5|7|non
Holiday On Ice|44.83489|-0.587663|Salles de spectacle / conférences|7212|7|4|non
"Hotel ""La Porte Dijeaux """|44.840438|-0.579994|Hôtels / hébergements|37|6|3|non
Hotel A Vocation De Reinsertion Sociale - Hotel Des Salinieres|44.836046|-0.566221|Hôtels / hébergements|55|3|3|non
Hotel Abadie|44.854702|-0.574169|Hôtels / hébergements|20|4|3|non
Hotel Alton|44.829438|-0.608757|Hôtels / hébergements|361|8|3|non
Hotel B&B Bassins A Flot Ilot P11|44.835091|-0.566165|Hôtels / hébergements|274|3|3|non
Hotel Best Western Royal Saint Jean|44.827855|-0.55622|Hôtels / hébergements|74|2|3|non
Hotel Brasserie - Ilot Casteja|44.843521|-0.583398|Hôtels / hébergements|0|6|3|non
Hotel Choiseul|44.844775|-0.579069|Hôtels / hébergements|34|5|3|non
Hotel Clemenceau|44.841931|-0.579694|Hôtels / hébergements|86|5|3|non
Hotel De La Gare Bar Restaurant Indien|44.823961|-0.558299|Hôtels / hébergements|84|3|3|non
Hotel De La Porte Cailhau|44.838747|-0.568373|Hôtels / hébergements|31|4|3|non
Hotel Du Departement De La Gironde|44.835364|-0.584775|Mairies / administrations|19|6|5|oui
Hotel Du Quartier General Des Armees|44.840168|-0.578266|Mairies / administrations|0|5|5|non
Hotel Gambetta|44.840723|-0.57873|Hôtels / hébergements|41|5|3|non
Hotel Ibis Bordeaux Lac Et Restaurant Courtepaille|44.889074|-0.563505|Hôtels / hébergements|703|3|3|non
Hotel Ibis Budget Bordeaux Centre Bastide|44.843442|-0.558549|Hôtels / hébergements|251|1|3|non
Hotel La Cour Carree (Ex Hotel Ariane)|44.843351|-0.579992|Hôtels / hébergements|30|5|3|non
Hotel La Roulotte|44.841751|-0.581067|Hôtels / hébergements|80|6|3|non
Hotel Normandie|44.843939|-0.574858|Hôtels / hébergements|131|5|3|non
Hotel Novotel Bordeaux Centre Meriadeck|44.836156|-0.583841|Hôtels / hébergements|799|6|3|non
Hotel Quality Sainte Catherine|44.840556|-0.573949|Hôtels / hébergements|186|5|3|non
Hotel Restaurant Noel Annexe|44.818779|-0.571623|Hôtels / hébergements|6|5|3|non
Hotel Singulier Bordeaux|44.840132|-0.580759|Hôtels / hébergements|14|6|3|non
I.T.E.P Les Clarines : Bâtiments 90-92-94 Et Vignerons|44.818925|-0.578976|Écoles / collèges / lycées|63|6|7|oui
Ilot Bonnac Ii|44.839699|-0.581186|Centres commerciaux|20|6|2|non
Ilot Lucien Faure C5 - Lf1: Agence Credit Agricole|44.835154|-0.567124|Mairies / administrations|16|4|5|non
Ilot Lucien Faure C5 - Lf3 Commerce 1003 : Creche Babilou|44.864943|-0.559972|Centres commerciaux|272|2|2|non
Ilot P2 Usine Lesieur : Batiment B1 - Commerce|44.86203|-0.554897|Centres commerciaux|72|3|2|non
Immeuble De Bureaux ( Voir Dossier Efap R4-48 )|44.850031|-0.570868|Mairies / administrations|126|4|5|non
Immeuble De Bureaux Snc Godard|44.853975|-0.586472|Mairies / administrations|26|6|5|oui
Immeuble De La C.P.A.M.|44.866177|-0.572759|Mairies / administrations|95|3|5|non
Immeuble De La Cjp : Iso Bordeaux|44.82981|-0.556214|Écoles / collèges / lycées|0|1|7|non
Immeuble De La Prefecture|44.847852|-0.57439|Mairies / administrations|33|4|5|non
Immeuble Domofrance|44.859566|-0.565045|Centres commerciaux|109|2|2|non
Immeuble Du C.N.F.P.T.   Delegation Aquitaine|44.845641|-0.557724|Écoles / collèges / lycées|762|1|7|non
Immeuble Gambetta|44.8424|-0.581435|Centres commerciaux|0|6|2|non
Immeuble George V|44.82446|-0.587783|Mairies / administrations|185|7|5|oui
Immeuble Le Clos De La Chartreuse : Dossier General|44.832627|-0.596803|Centres commerciaux|0|7|2|non
Immeuble Scvv De Serr : Commerce 2|44.82506|-0.58529|Centres commerciaux|0|7|2|non
Immeubles|44.832724|-0.56906|Centres commerciaux|0|4|2|non
Immeubles La Marjolaine : Commerce 2|44.858372|-0.574765|Centres commerciaux|122|4|2|non
Immeubles Miniparc|44.88302|-0.560903|Mairies / administrations|20|2|5|non
Inauguration Siege Duclot|44.837156|-0.579031|Mairies / administrations|200|5|5|non
Industrie  Services Immobilier|44.88675|-0.548389|Halls d'exposition|18|5|0|non
Ins Sup Des Visiteurs Medicaux|44.851476|-0.586909|Écoles / collèges / lycées|50|6|7|oui
Institut Any D'Avray|44.832045|-0.596553|Centres commerciaux|8|7|2|non
Institut D'Aquitaine|44.846134|-0.581765|Écoles / collèges / lycées|250|6|7|oui
Institut De Biologie Cellulaire|43.124364|6.264983|Écoles / collèges / lycées|0|9|7|oui
Institut Empreinte Bordeaux Opera|44.843048|-0.573949|Mairies / administrations|4|5|5|non
Institut National Des Formations Notariales De Bordeaux|44.843315|-0.576711|Écoles / collèges / lycées|150|5|7|non
Institut Technique De Banque: Bat Annexe|44.842682|-0.582988|Écoles / collèges / lycées|55|6|7|oui
Intermarche Ginko Ilot C2.2 Lot 5.01|44.878852|-0.570495|Centres commerciaux|332|3|2|non
Ipcem|44.830372|-0.557257|Écoles / collèges / lycées|0|1|7|non
Iufm Bat 5 Espace Condorcet|44.842519|-0.609594|Écoles / collèges / lycées|250|8|7|oui
Joaillerie Elen Larcebeau|44.842338|-0.577528|Centres commerciaux|0|5|2|non
Joaillerie G&H|44.83698|-0.572225|Centres commerciaux|0|4|2|non
Joaillerie Prevot|44.842335|-0.578202|Centres commerciaux|18|5|2|non
Journees Nationales De L'Infectiologie Du 11 Au 13 Juin 2014|44.872645|-0.571176|Salles de spectacle / conférences|6141|3|4|non
Kaufman & Broad|44.837854|-0.57398|Mairies / administrations|11|5|5|non
L.T.P.Ste Famille Saintonge:Atelier Batiment|44.832138|-0.580067|Écoles / collèges / lycées|10|6|7|oui
La Cite|44.843586|-0.60702|Centres commerciaux|18|8|2|non
La Grande Recre|44.840524|-0.574779|Centres commerciaux|614|5|2|non
La Maison Des Enfants|44.83319|-0.576473|Écoles / collèges / lycées|170|5|7|non
La Maison Soleil|44.841503|-0.552112|Écoles / collèges / lycées|30|2|7|non
La Mutuelle Du Mans|44.854504|-0.572229|Mairies / administrations|2|4|5|non
La Voute|44.823138|-0.594931|Salles de spectacle / conférences|0|8|4|non
Laboratoire Anabio|44.855234|-0.571163|Mairies / administrations|14|3|5|non
Laboratoire De Protheses Dentaires|44.850224|-0.548248|Mairies / administrations|10|4|5|non
Lcl Place De L'Europe|44.852889|-0.584773|Mairies / administrations|0|6|5|oui
Le Fumoir Bordelais|44.840879|-0.580038|Centres commerciaux|0|6|2|non
Le Geant Des Beaux Arts|44.840568|-0.572399|Centres commerciaux|195|4|2|non
Le Germinal|44.833963|-0.569628|Salles de spectacle / conférences|0|4|4|non
Le Golf Club 33|44.838597|-0.589939|Centres commerciaux|0|7|2|non
Le Saint Germain|44.81995|-0.561994|Salles de spectacle / conférences|60|4|4|non
Leonidas|44.838622|-0.576847|Centres commerciaux|19|5|2|non
Les 1Ères Rencontres De La E Sante Du 9 Au 11 Novembre 2012|44.872645|-0.571176|Halls d'exposition|650|3|0|non
Les Belles Gueules|44.839328|-0.572046|Centres commerciaux|0|4|2|non
Les Bijoux D'Emilie|44.837966|-0.573521|Centres commerciaux|0|5|2|non
Les Compagnons Du Devoir:Bat Ouest|44.852282|-0.585369|Écoles / collèges / lycées|0|6|7|oui
Les Delices Du Mitron|44.845649|-0.578561|Centres commerciaux|19|5|2|non
Les Delices Du Mitron|44.840425|-0.581776|Centres commerciaux|19|6|2|non
Les Dessous D'Adonis|44.842288|-0.576009|Centres commerciaux|0|5|2|non
Les Portes De Cauderan : A.R.P.|44.842724|-0.608604|Écoles / collèges / lycées|70|8|7|oui
Les Voutes Des Chartrons|44.851648|-0.578333|Salles de spectacle / conférences|3|5|4|non
Lindt & Sprungli|44.852807|-0.580379|Centres commerciaux|57|5|2|non
Loca Moto Scoot 33|44.874156|-0.563393|Halls d'exposition|0|1|0|non
"Local Associatif ""Stop Misere"""|44.841285|-0.589809|Mairies / administrations|0|7|5|oui
Local Bureaux|44.860468|-0.609936|Centres commerciaux|0|8|2|non
Local Bureaux/Commerce|44.843856|-0.57278|Centres commerciaux|0|4|2|non
Local Commecrial|44.837185|-0.57749|Centres commerciaux|0|5|2|non
Local Commercial|44.824639|-0.610903|Centres commerciaux|2|8|2|non
Local Commercial|44.835976|-0.569303|Centres commerciaux|0|4|2|non
Local Commercial|44.834941|-0.570569|Centres commerciaux|12|4|2|non
Local Commercial|44.843815|-0.59065|Centres commerciaux|57|7|2|non
Local Commercial|44.822029|-0.582142|Centres commerciaux|11|6|2|non
Local Commercial|44.834542|-0.575527|Centres commerciaux|0|5|2|non
Local Commercial|44.833526|-0.610993|Centres commerciaux|0|8|2|non
Local Commercial 1 Bassin A Flots Lot A|44.863992|-0.551967|Centres commerciaux|79|4|2|non
Local Commercial 2 Altae (Coque)|44.851748|-0.613472|Centres commerciaux|0|8|2|non
Local Commercial N°2 In Cite|44.836656|-0.571585|Centres commerciaux|44|4|2|non
Local Commun Residentiel - Laverie - Ilot Casteja|44.843521|-0.583398|Salles de spectacle / conférences|0|6|4|non
Local D'Activite|44.824968|-0.598629|Centres commerciaux|0|8|2|non
Local Professionnel|44.828374|-0.584133|Centres commerciaux|16|6|2|non
Locaux Commerciaux|44.838926|-0.588778|Centres commerciaux|0|7|2|non
Locaux Commerciaux|44.841667|-0.559199|Centres commerciaux|0|1|2|non
Locaux Commerciaux|44.837959|-0.584904|Centres commerciaux|0|6|2|non
Locaux De L'Ass Bordeaux-Los Angeles|44.843776|-0.573621|Salles de spectacle / conférences|50|4|4|non
Locaux Temporaires Office De Tourisme|44.843647|-0.574363|Mairies / administrations|16|5|5|non
Lodge Coiffure|44.835041|-0.564523|Mairies / administrations|6|3|5|non
Lunettes Pour Tous|44.837041|-0.573773|Centres commerciaux|80|5|2|non
Lycee M.Montaigne:Batiment Direction Aile Nord|44.834845|-0.571889|Écoles / collèges / lycées|40|4|7|non
Magasin  (Supprime)|44.846574|-0.587875|Centres commerciaux|0|6|2|non
Magasin  Undiz|44.839423|-0.574039|Centres commerciaux|96|5|2|non
Magasin ( Voir M 102 )|44.862132|-0.587876|Centres commerciaux|0|6|2|non
Magasin Acanthe|44.847061|-0.580532|Centres commerciaux|10|5|2|non
Magasin Am'Metisse|44.839564|-0.570378|Centres commerciaux|0|4|2|non
Magasin Ame|44.840514|-0.575999|Centres commerciaux|0|5|2|non
Magasin Andre|44.838645|-0.57391|Centres commerciaux|86|5|2|non
Magasin Animalis|44.88067|-0.570246|Centres commerciaux|1177|2|2|non
Magasin Atac St Louis|44.859336|-0.569017|Centres commerciaux|466|3|2|non
Magasin Cash Express Ex La Papetheque ( Ex Maison De Valerie )|44.837615|-0.574121|Centres commerciaux|8|5|2|non
Magasin D'Optique|44.851165|-0.577061|Centres commerciaux|30|5|2|non
Magasin D'Optique Dessalle|44.845538|-0.577462|Centres commerciaux|47|5|2|non
Magasin De Chaussures Jonak|44.838677|-0.576245|Centres commerciaux|14|5|2|non
Magasin De Fursac|44.843211|-0.578135|Centres commerciaux|125|5|2|non
Magasin De Papiers Peints Et Peinture|44.844759|-0.576533|Centres commerciaux|84|5|2|non
Magasin De Ventes De Fleurs|44.860197|-0.610302|Centres commerciaux|10|8|2|non
Magasin De Vêtements|44.833311|-0.573038|Centres commerciaux|37|5|2|non
Magasin Docteur Knock|44.836617|-0.567183|Centres commerciaux|20|4|2|non
Magasin Express|44.852747|-0.573107|Centres commerciaux|136|4|2|non
Magasin Fleuriste Fabrice Normand|44.842644|-0.579251|Centres commerciaux|44|5|2|non
Magasin Francis Miot|44.840478|-0.579711|Centres commerciaux|9|6|2|non
Magasin Gocco|44.841337|-0.575839|Centres commerciaux|0|5|2|non
Magasin La Vie Saine|44.837353|-0.572686|Centres commerciaux|139|4|2|non
Magasin Laurie Lumiere Et Optical Center|44.877095|-0.561486|Centres commerciaux|487|1|2|non
Magasin Lidl|44.872329|-0.570182|Centres commerciaux|215|3|2|non
Magasin Louis Vuitton|44.841693|-0.578963|Centres commerciaux|196|5|2|non
Magasin Luna Crescens|44.83941|-0.577611|Centres commerciaux|4|5|2|non
Magasin Mac Cosmetics|44.842283|-0.579473|Centres commerciaux|15|5|2|non
Magasin Maison De La Literie|44.877098|-0.559811|Centres commerciaux|58|2|2|non
Magasin Materiel.Net|44.86449|-0.559181|Centres commerciaux|30|2|2|non
Magasin Moa|44.841038|-0.575|Centres commerciaux|32|5|2|non
Magasin Mobi Occases|44.855459|-0.545565|Centres commerciaux|90|5|2|non
Magasin Monop' Bordeaux Sainte Catherine|44.840524|-0.574779|Centres commerciaux|363|5|2|non
Magasin Naturalia|44.841591|-0.582367|Centres commerciaux|79|6|2|non
Magasin Roxy|44.838267|-0.573972|Centres commerciaux|40|5|2|non
Magasin Tourny Optique|44.845585|-0.578747|Centres commerciaux|0|5|2|non
Magasin U Express|44.837511|-0.572909|Centres commerciaux|233|5|2|non
Magasin Yse|44.841119|-0.577295|Centres commerciaux|12|5|2|non
Maison D'Assistantes Maternelles Il Etait Une Fois|44.846731|-0.588727|Écoles / collèges / lycées|10|6|7|oui
Maison D'Assistantes Maternelles L'Ile Aux Enfants|44.863023|-0.631009|Écoles / collèges / lycées|12|9|7|oui
Maison D'Assistantes Maternelles Mam'Ours|44.827971|-0.593577|Écoles / collèges / lycées|12|7|7|oui
Maison D'Assitantes Maternelles|44.835621|-0.565008|Écoles / collèges / lycées|15|3|7|non
Maison De Quartier Chantecler|44.853937|-0.576803|Salles de spectacle / conférences|185|5|4|non
Maison De Quartier Des Coqs Rouges|44.833635|-0.577568|Salles de spectacle / conférences|641|5|4|non
Maison De Quartier Union St Jean:Ex Cinevog|44.824832|-0.563654|Salles de spectacle / conférences|0|4|4|non
Maison De Quartier Union St Jean:Express Thea|44.824832|-0.563654|Salles de spectacle / conférences|20|4|4|non
Maison Relais Logements Sociaux D'Urgence|44.830468|-0.576877|Salles de spectacle / conférences|0|5|4|non
Maisons De Lumiere By Technal|44.835041|-0.564523|Centres commerciaux|64|3|2|non
Mam Les Petits Lions Bleus|44.84187|-0.547021|Écoles / collèges / lycées|0|4|7|non
Marche Des Capucins Halle A Banc 38 A -39 A Epicerie Bio|44.838714|-0.596208|Centres commerciaux|0|7|2|non
Marche Des Capucins Halle A-Banc 2B 15 Boutique Elliniko|44.862132|-0.587876|Centres commerciaux|0|6|2|non
Marche Des Capucins-Halle A-Banc 10 Cd|44.830671|-0.567738|Centres commerciaux|0|4|2|non
Marche Des Capucins-Halle A-Banc 12 B|44.830671|-0.567738|Centres commerciaux|0|4|2|non
Marche Des Capucins-Halle A-Banc 27 B Inexploite|44.838714|-0.596208|Centres commerciaux|0|7|2|non
Marche Des Capucins-Halle A-Banc 34 B( Voir 34 Ab)|44.830671|-0.567738|Centres commerciaux|0|4|2|non
Marche Des Capucins-Halle A-Banc 39|44.830671|-0.567738|Centres commerciaux|0|4|2|non
Marche Des Capucins-Halle A-Banc 6 B|44.830671|-0.567738|Centres commerciaux|0|4|2|non
Marche Des Capucins-Halle A-Banc 7 Ab|44.830671|-0.567738|Centres commerciaux|0|4|2|non
Mariza Henguift|44.832514|-0.612312|Centres commerciaux|18|8|2|non
Mary Maries|44.838143|-0.575692|Centres commerciaux|5|5|2|non
Maternelle Bechade|44.825807|-0.596453|Écoles / collèges / lycées|137|8|7|oui
Maternelle Pierre Trebod|44.858814|-0.58448|Écoles / collèges / lycées|124|6|7|oui
Maternelle Pins Francs|44.858615|-0.625035|Écoles / collèges / lycées|186|9|7|oui
Mezzo Di Pasta|44.831812|-0.572917|Centres commerciaux|7|5|2|non
Micro Creche Mimosa|44.821583|-0.563215|Écoles / collèges / lycées|10|4|7|non
Microcreche Ernestine|44.813153|-0.556884|Écoles / collèges / lycées|11|4|7|non
Mutuelle Eovimcd|44.84243|-0.579812|Mairies / administrations|8|5|5|non
Mutuelle Nationale Territoriale  Mnt|44.833175|-0.597813|Mairies / administrations|8|8|5|oui
N..1-00637-000Ecole B.L.S.18102001|44.845189|-0.579948|Écoles / collèges / lycées|45|5|7|non
Noble Optique|44.841639|-0.581735|Centres commerciaux|0|6|2|non
Retro Bicicletta|44.852282|-0.571727|Centres commerciaux|16|4|2|non
Rubi Participation|44.841992|-0.574916|Centres commerciaux|197|5|2|non
Sa Canneles Baillardran|44.841032|-0.575942|Centres commerciaux|5|5|2|non
Salle D'Enseignement|44.853924|-0.571588|Écoles / collèges / lycées|50|4|7|non
Salle De La Manufacture Darwin - Caserne Niel|44.853995|-0.566388|Halls d'exposition|1343|2|0|non
Salle De Spectacles Artisse|44.837626|-0.567855|Salles de spectacle / conférences|49|4|4|non
Salle De Sport I-Fitness 2|44.847972|-0.574795|Écoles / collèges / lycées|17|4|7|non
Salle De Sport Pour Aveugles Et Deficients Visuels|44.834883|-0.576427|Gymnases / sports couverts|25|5|6|non
Salle De Sports Magic Form|44.835299|-0.580761|Gymnases / sports couverts|0|6|6|oui
Salle De Yoga Bikram Ex Salle Des Ventes|44.852952|-0.569353|Gymnases / sports couverts|40|3|6|non
Salle Des Ventes Des Cheverus|44.838418|-0.575737|Centres commerciaux|100|5|2|non
Salle Gouffrand|44.855938|-0.572019|Salles de spectacle / conférences|300|4|4|non
"Salon ""Les Journees Cofrend"" Du 19 Au 22 Mai 2014"|44.872645|-0.571176|Salles de spectacle / conférences|6141|3|4|non
"Salon ""Que Faire Après Un Bac +2, +3, +4"|44.850031|-0.570868|Hôtels / hébergements|2500|4|3|non
Salon 1000 Emplois|44.856355|-0.568436|Halls d'exposition|5619|3|0|non
Salon 1000 Emplois Bordeaux|44.856355|-0.568436|Halls d'exposition|5619|3|0|non
Salon Afef - 79Èmes Journées De L'Afef|44.872645|-0.571176|Salles de spectacle / conférences|6141|3|4|non
Salon Apec|44.856355|-0.568436|Halls d'exposition|5619|3|0|non
Salon Bdx I/O|44.872645|-0.571176|Salles de spectacle / conférences|6141|3|4|non
Salon Chausson Materiaux Le 6 Novembre 2014|44.872645|-0.571176|Salles de spectacle / conférences|6141|3|4|non
Salon Coiffure Myriam.T|44.834505|-0.585457|Centres commerciaux|0|6|2|non
Salon Cycl'Eau|44.856355|-0.568436|Halls d'exposition|5619|3|0|non
Salon De Beaute|44.852905|-0.573008|Mairies / administrations|0|4|5|non
Salon De Coiffure|44.840209|-0.580693|Centres commerciaux|5|6|2|non
"Salon De Coiffure ""New Modern Coiffure"""|44.815177|-0.572442|Centres commerciaux|10|6|2|non
Salon De Coiffure La Suite Par Connivence|44.841981|-0.580084|Centres commerciaux|5|6|2|non
