rs_sv_chem_l;rs_sv_tronc_l
2173530;3922
2173533;3922
2173835;2794
2173836;2794
2173851;2794
2173852;2794
2173446;13300
2173688;13300
2173691;13300
2173693;13300
2173696;13300
2173418;1282
2173420;1282
2173562;1282
2173527;1514
2173532;1514
2173533;1514
2173534;1514
2173850;11670
2173835;12541
2173527;1518
2173850;1518
2173989;1518
2173778;1311
2173857;1660
2173418;1755
2173420;1755
2173560;1755
2173788;1755
2173862;1755
2173623;2676
2173710;2676
2174234;2676
2174270;2676
2174296;2676
2174334;2676
2174344;2676
2173861;1425
2173719;1537
2173820;1537
2173542;1307
2173713;85
2173852;908
2173537;1460
2173540;1460
2173422;1754
2173862;1754
2173780;994
2173832;994
2173791;1654
2173792;1654
2173820;268
2173411;2743
2173786;2042
2173722;1824
2174142;11789
2173465;2567
2173802;2567
2174428;2567
2174375;2570
2173857;6806
2173859;6806
2173860;6806
2173581;1760
2173584;1760
2173903;2337
2173530;513
2173533;513
2173581;3716
2173730;1308
2173722;11305
2173584;2028
2173791;1304
2173793;1304
2173790;3075
2173859;4440
2173786;1249
2173788;1249
2173850;1763
2173850;1431
2173853;755
2173790;3057
2173853;141
2173861;452
2173862;452
2173840;409
2173562;12786
2174417;2363
2174424;2363
2174447;2363
2174463;2363
2173828;8562
2173371;1990
2173852;1749
2173858;1649
2173861;6779
2173862;3088
2173868;34
2173860;1582
2173440;1126
2173681;1126
2173801;4204
2173801;1807
2173590;3462
2173422;3481
2173735;51
2173736;51
2173397;2867
2173454;2867
2174360;2917
2174361;2917
2173637;2079
2173638;2079
2173503;3373
2173765;3373
2173463;2565
2173616;2565
2173617;2565
2173618;2565
2173619;2565
2173650;2565
2173873;2565
2173417;1694
2173879;1818
2173858;1428
2173412;1551
2173878;1487
2173584;6880
2173793;1286
2173791;883
2173486;338
2173780;1665
2173546;686
2173858;22
2173581;1845
2173860;1845
2173780;1656
2173804;1656
2173857;1523
2173865;1593
2173862;779
2173861;1594
2173862;1594
2173455;1708
2173849;386
2173858;1615
2173581;1702
2173582;1702
2173804;4662
2173463;84
2173581;1653
2173582;1653
2173859;3082
2173843;720
2173582;12785
2173454;2005
2173851;1798
2173836;1717
2173581;12967
2173851;7689
2173839;1294
2173840;1159
2173981;1344
2174216;1344
2174336;1344
2174337;1344
2174349;1344
2173440;1473
2173441;1473
2173680;1473
2173440;1899
2173441;1899
2173734;11348
2173440;13334
2173441;13334
2173681;13334
2173440;1901
2173441;1901
2173734;1901
2173397;2679
2173440;218
2173680;218
2173414;4052
2173801;1510
2173486;439
2173798;439
2173810;2493
2173863;2493
2173864;2493
2174416;2375
2173867;2147
2173575;3588
2173577;3588
2173752;2232
2173807;2757
2173865;2757
2173886;376
2173463;583
2173704;402
2173752;402
2173769;2229
2173485;2574
2173465;324
2173542;1254
2173713;1254
2173496;2040
2173497;2040
2173790;3507
2173514;32
2173517;32
2173648;2782
2173636;3798
2173638;3798
2173503;2639
2173802;3793
2173634;1315
2173691;1012
2173853;1012
2173496;526
2174417;14272
2173894;6862
2173376;2591
2173377;2591
2173809;2321
2174295;2321
2173562;2712
2173465;578
2173514;11615
2173516;11615
2174176;11615
2174180;11615
2174182;11615
2174184;11615
2174369;11615
2173387;2219
2173380;2384
2173646;3134
2173899;3134
2173506;461
2173891;4613
2173517;543
2173417;1054
2173542;1054
2173742;2824
2173530;305
2174179;305
2174465;1144
2173690;13330
2173693;13330
2173835;1293
2173852;1293
2173520;1120
2173522;1120
2173523;1120
2173526;1120
2173874;3694
2173891;2966
2173367;1130
2173529;1015
2173530;1015
2173532;1015
2173533;1015
2173851;1015
2173802;12553
2173790;1580
2173791;1580
2173802;1561
2173765;2640
2173377;271
2173542;1532
2173546;1532
2173441;155
2173681;155
2173737;1812
2174369;2103
2173381;326
2173713;532
2173380;1024
2173381;1024
2173864;56
2173513;129
2173514;129
2173517;129
2173646;2416
2173647;2416
2173650;2416
2173634;2055
2173638;2055
2173803;2055
2173804;2055
2173540;792
2173610;319
2173580;4621
2173584;4621
2173589;4621
2173850;1588
2173420;1800
2173861;941
2173793;2139
2173879;3192
2173610;655
2173581;1324
2173562;1714
2173565;1714
2173835;1714
2173506;20
2173618;1322
2173758;1322
2173769;1322
2173882;1322
2173758;3377
2173769;3377
2174312;1480
2174313;1480
2174327;1480
2174331;1480
2174336;1480
2174345;1480
2173870;4630
2173514;4519
2173742;3526
2173887;3526
2173779;1624
2173876;3953
2173420;3596
2173422;3596
2173863;12
2173864;12
2173546;1045
2173865;2009
2173802;1461
2173802;1467
2173805;2137
2173486;25
2173801;25
2173542;1050
2173530;1841
2173725;3439
2173596;934
2173850;1406
2173411;721
2173810;1267
2173864;1267
2173617;1337
2173743;1337
2173807;2663
2173865;2534
2173808;3406
2174050;4824
2174102;4824
2174142;11904
2173617;8174
2173619;8174
2173795;8174
2173903;1004
2173398;705
2173406;2157
2173407;2157
2173497;3629
2173900;3682
2174357;3682
2173803;1667
2173463;1110
2173617;1110
2173619;1110
2174365;10274
2173454;3584
2173455;3584
2173623;3584
2174105;3584
2173634;209
2173645;3989
2173647;3989
2173633;3934
2173635;3934
2173646;4674
2173647;4674
2173635;4673
2173637;4673
2173645;3308
2173647;3308
2173784;966
2173786;966
2173835;966
2173852;966
2173581;3202
2173582;3202
2173906;4373
2173596;1448
2173590;2885
2173540;1928
2174334;1941
2174338;1941
2173425;1959
2174063;2844
2174107;2844
2174184;2844
2174192;2844
2173507;1844
2174135;1844
2174142;1844
2174146;1844
2174439;1844
2174066;3001
2173517;3605
2174180;3605
2174185;3605
2174192;3605
2174443;3605
2174337;2975
2174339;2975
2174336;3154
2174337;3154
2174214;9432
2174236;9432
2173478;9333
2173659;9333
2174214;2993
2174236;2993
2174334;2993
2173713;2903
2173820;9067
2173542;3271
2173546;3271
2173722;3283
2173730;11311
2173710;1340
2173707;2981
2173688;13291
2173690;13291
2173694;13291
2173383;2198
2173486;2198
2173617;1389
2173525;13007
2173521;2886
2173517;1838
2173537;956
2174265;1416
2174453;1416
2174324;2869
2174321;4813
2174323;4813
2174360;4908
2173381;4366
2173887;4041
2173414;90
2173479;2206
2173981;2206
2173472;2844
2173516;2844
2174176;2844
2174182;2844
2174443;2844
2173470;1844
2174138;1844
2174141;1844
2174294;1844
2174107;3605
2174108;3605
2174179;3605
2174216;2975
2174336;2975
2173707;10289
2174335;1355
2173398;9432
2174335;2819
2173367;9333
2173987;9333
2174237;2993
2173491;4387
2174334;3964
2173691;13291
2173507;2893
2173618;1389
2173503;1849
2174142;1849
2173523;13007
2174141;2886
2173516;1838
2173730;384
2173820;457
2174396;1416
2174447;1416
2174298;14281
2174303;14281
2174356;4908
2174359;4908
2174335;4894
2174338;4894
2173575;2649
2173710;2649
2174214;1920
2174334;1920
2173690;13322
2173691;13322
2173694;13322
2173696;13322
2174303;13322
2173491;10685
2174295;1921
2174296;1921
2174298;1921
2174334;1921
2174348;1921
2173838;1206
2173696;13338
2173697;13338
2173855;411
2173503;387
2173507;387
2173694;13286
2173856;1932
2173406;2847
2173707;2847
2174313;2847
2174314;2847
2174336;2847
2174349;2847
2173707;1770
2174215;1770
2174312;1770
2174314;1770
2174339;1770
2174349;1770
2174287;6824
2173981;404
2174215;404
2174349;404
2174338;395
2174295;6742
2174334;1940
2173743;4490
2173748;339
2173472;4254
2173472;1947
2173472;3736
2173802;3736
2173810;4734
2173425;12831
2173749;12831
2173886;12831
2174366;829
2174387;829
2174396;829
2174403;829
2174436;829
2174417;14247
2174424;14247
2173463;1962
2174252;1962
2174387;1962
2174396;1962
2174409;1962
2174436;1962
2173406;1415
2173465;1415
2173406;4239
2173417;4239
2173542;4239
2173837;4239
2173616;2467
2173617;2467
2173619;2467
2174213;2467
2174215;2467
2174271;2467
2174312;2467
2174337;2467
2173618;1482
2173707;1482
2174212;1482
2174269;1482
2174313;1482
2174314;1482
2174327;1482
2173710;1357
2174270;4817
2174332;4817
2174352;4817
2173887;7410
2174296;12617
2173367;1718
2173367;1974
2173798;6803
2173799;6803
2174050;4902
2174096;4902
2174102;4902
2174103;4902
2174138;4902
2174154;4902
2174052;4219
2174097;4219
2174176;4219
2174190;4219
2174193;4219
2173828;6793
2173737;1915
2173371;1993
2173511;2287
2173513;2287
2173514;2287
2173516;2287
2173517;2287
2173770;2287
2173881;2287
2173902;3662
2173397;2099
2173377;1211
2173496;3812
2173891;3861
2173865;1430
2173380;1266
2173381;1266
2173864;2745
2173381;2115
2173468;634
2173801;12550
2173748;796
2173758;2307
2173605;2267
2173540;1369
2173881;2586
2173623;2468
2173710;2468
2174236;2468
2174326;2468
2174332;2468
2174352;2468
2173420;718
2173874;4359
2173879;4359
2173880;4359
2173742;1317
2174143;6945
2173411;3496
2173414;3496
2174267;4454
2174447;4454
2174456;4454
2174460;4454
2174465;4454
2173497;4636
2173785;1777
2173617;2627
2173618;2627
2173619;2627
2173742;2627
2173743;2627
2173849;3516
2174188;3516
2173381;1118
2173837;1195
2173838;1195
2173853;1195
2173882;707
2173805;1468
2173806;1468
2174252;2135
2174368;2135
2174433;2135
2173803;2688
2173634;3307
2173638;3307
2173837;1578
2173790;1851
2173859;1851
2173860;1851
2173376;739
2173634;739
2173635;739
2173636;739
2173638;739
2173377;890
2173484;293
2173485;293
2173798;293
2173648;1370
2173649;1370
2173623;2558
2173869;2558
2173870;2558
2173872;2558
2173785;471
2173786;471
2173788;471
2173859;471
2173804;245
2173623;4000
2173455;4361
2173864;983
2173542;872
2173376;2379
2173377;2379
2173635;2379
2174243;1881
2174360;1881
2173617;2559
2173618;2559
2173867;2559
2173734;4726
2173484;3433
2173485;3433
2173616;7434
2173617;7434
2173748;1244
2173749;1244
2173549;416
2174252;3180
2174369;3180
2173737;14107
2173869;14107
2173617;786
2173619;786
2173425;1376
2173623;1376
2173623;340
2173478;2150
2174265;625
2174453;625
2174417;2121
2173634;3147
2174252;3842
2174403;3842
2174433;3842
2173806;4415
2173645;3148
2173649;3148
2173790;3506
2173792;3506
2173873;1299
2173881;2221
2173517;2238
2173463;1643
2173617;1643
2173649;1643
2173867;5361
2173860;2075
2173479;667
2173748;240
2173407;2001
2173407;878
2173902;4011
2173397;2338
2173773;548
2173377;950
2173902;75
2173397;2170
2173905;3675
2173397;3198
2173900;2186
2173903;2173
2173398;3681
2173398;642
2173743;9859
2173397;2179
2173407;569
2173903;599
2173900;1160
2173900;2007
2173776;2008
2173610;3402
2173796;138
2173513;3290
2173511;2192
2173514;2192
2173769;2192
2173770;2192
2173514;522
2173517;522
2173799;2193
2173517;332
2173514;640
2173517;640
2173383;2290
2173484;13471
2173485;13471
2173507;574
2173425;309
2173504;309
2173748;309
2173506;744
2173503;1080
2173504;1080
2173506;1080
2173507;1080
2173387;1678
2173616;2583
2173617;2583
2173776;2583
2174298;14245
2173387;1061
2173881;1061
2173503;1146
2173507;1115
2173764;1115
2173765;1115
2173764;1134
2173765;1134
2173764;2228
2173770;2228
2173752;2097
2173770;325
2173513;290
2173514;290
2173511;2142
2173383;73
2173882;73
2173383;1093
2173383;2243
2173758;1162
2173383;1141
2173796;1270
2173882;1119
2173881;7406
2173605;2256
2173758;2256
2173513;6854
2173517;6854
2173506;3291
2173507;3291
2173504;2265
2173506;2265
2173605;432
2173503;1021
2173882;1021
2173507;3365
2173513;2264
2173516;2264
2173511;2276
2173764;507
2173769;291
2173879;3467
2173893;7377
2173367;7387
2173470;7387
2173623;6777
2173783;7389
2173903;5290
2173868;6963
2173799;3400
2173617;7428
2173618;7428
2173367;13168
2173891;7043
2174314;14270
2173887;10295
2174174;11685
2174176;11685
2174177;11685
2173881;7036
2173637;7295
2173463;3512
2173637;7297
2173638;7297
2173824;6780
2173704;6996
2173561;10147
2173562;10147
2173563;10147
2174183;10544
2173897;7035
2173857;8003
2173858;8003
2173860;8003
2173688;13296
2173694;13296
2173616;13367
2173617;13367
2173618;13367
2173674;9414
2173839;11291
2173890;5412
2173903;3260
2173649;7293
2173890;6760
2173840;9734
2173836;2827
2173953;13671
2174153;12894
2174154;12894
2174417;14250
2173371;13311
2173875;5721
2173523;8441
2173525;8441
2174393;8721
2173397;12006
2173407;8741
2173874;8763
2173610;11565
2173484;11648
2173486;11648
2174396;14267
2174294;11894
2174369;11894
2174173;11890
2174151;12392
2174153;12392
2173748;11887
2173807;12533
2173808;12533
2173383;14228
2173801;12530
2173802;12554
2173748;11333
2173735;11229
2173913;12618
2173584;12966
2173749;12830
2173886;12830
2173742;12829
2173565;12965
2173690;13314
2173693;13314
2173694;13314
2173697;13314
2174295;14091
2173446;13310
2173447;13310
2173691;13310
2173697;13310
2173690;13301
2173691;13301
2173492;13499
2174396;13319
2174409;13319
2174442;13319
2174443;13319
2173696;13316
2173581;13361
2173582;13361
2173691;13361
2173694;13361
2173694;13325
2173737;13325
2173371;13313
2173688;13307
2173690;13307
2173690;13326
2174153;13865
2174440;13865
2173387;13867
2173680;13467
2173696;13811
2173580;13468
2173589;13468
2173736;13466
2173484;13465
2173485;13566
2173737;14106
2174435;14010
2173736;14105
2174428;14105
2173507;14065
2173617;13905
2173742;14025
2173873;14205
2173610;14230
2173849;11665
2173516;11673
2173707;11673
2174183;11673
2174192;11673
2174282;11673
2174369;11673
2174409;11673
2174436;11673
2173710;11668
2173988;11668
2174135;11668
2174139;11668
2174141;11668
2174142;11668
2174143;11668
2174145;11668
2174146;11668
2174153;11668
2174416;11668
2174439;11668
2174440;11668
2173517;11667
2174192;11667
2174442;11667
2173707;11867
2174282;14369
2174396;11903
2174409;11903
2173893;7357
2173894;7378
2173894;7365
2173981;7382
2174138;7382
2174143;8345
2174153;8345
2174439;8345
2173758;7381
2173383;13309
2174104;7331
2174105;7331
2173734;7386
2173735;7386
2174138;9439
2174139;9439
2174143;9439
2174145;9439
2174153;9439
2174154;9439
2174439;9439
2173371;8334
2174174;8334
2174176;8334
2174179;8334
2174180;8334
2174182;8334
2174184;8334
2174193;8334
2173672;9402
2173674;9402
2173734;11298
2173468;9349
2173660;9349
2173783;7358
2174051;7353
2174104;7353
2174143;7353
2174152;7353
2174141;8349
2174049;7395
2174053;7395
2174177;7395
2174182;7395
2174442;7395
2174053;7319
2174108;7319
2174177;7319
2174182;7319
2174048;7392
2174105;7392
2174141;7392
2174143;7392
2174152;7392
2174440;7392
2173884;7398
2173884;7400
2173882;7405
2173882;7372
2173881;7370
2174298;12607
2173886;7322
2174216;7322
2173887;7316
2173886;7309
2173886;7415
2173887;7419
2173887;7421
2173887;7335
2174439;14290
2174058;8348
2174070;8348
2174141;8348
2173701;7368
2173887;7317
2174182;8347
2174191;8347
2174192;8347
2174442;8347
2173503;11288
2173560;7347
2173561;7347
2174143;7347
2173616;9683
2173619;9683
2173496;7308
2174050;4832
2174104;4832
2174440;4832
2174142;12425
2174143;12425
2174151;12425
2174153;12425
2174154;12425
2174138;8350
2174052;4829
2174053;4829
2174060;4834
2174105;4834
2174142;12395
2174153;12395
2174440;12395
2174059;3780
2174102;4837
2174103;4837
2174180;8335
2174442;8335
2174106;4833
2174108;4833
2174058;4841
2174060;4841
2174102;4841
2174138;4841
2174139;4841
2174151;4841
2174439;4841
2174061;4835
2174176;4835
2174177;4835
2174183;4835
2174190;4835
2173981;4846
2174104;4846
2174139;4846
2174141;4846
2174151;4846
2174153;4846
2174059;4838
2174106;4838
2174107;4838
2174108;4838
2174177;4838
2174179;4838
2174180;4838
2174189;4838
2174193;4838
2173981;12847
2174105;4850
2174068;8351
2174070;8351
2174139;8351
2174141;8351
2174143;8351
2174153;8351
2174069;4840
2174067;4843
2174066;4854
2174102;4854
2174103;4854
2174104;4854
2174138;4854
2174143;13869
2174063;4783
2174069;4783
2174066;4857
2174068;4857
2174103;4857
2174104;4857
2174063;4851
2174106;4851
2174064;4858
2174139;10425
2174143;10425
2174153;10425
2174179;12387
2174183;12387
2174279;3927
2174111;4859
2174073;4864
2174141;10466
2174142;10466
2174146;10466
2174430;10466
2174074;4860
2174075;4860
2174093;4860
2174095;4860
2174106;4860
2174072;3754
2174076;3754
2174090;3754
2174095;3756
2174106;3756
2174180;3756
2174182;3756
2174184;3756
2174186;3756
2174279;3756
2174282;3756
2174072;3272
2174092;3272
2174103;3272
2174142;3272
2174145;3272
2174089;4875
2174184;4875
2174369;4875
2174146;12389
2174148;12389
2174092;4879
2174103;4879
2174361;4879
2174093;3340
2174369;3340
2174073;3347
2174086;3347
2174092;3347
2174361;3347
2174074;3273
2174079;3273
2174091;3273
2174106;3273
2174185;3273
2174072;4874
2174141;4874
2174143;4874
2174149;4874
2174091;4871
2174106;4871
2174188;4871
2174104;3775
2174143;3775
2174087;3274
2174180;3274
2174436;3274
2174073;4868
2174276;4868
2174369;4867
2174084;3337
2174388;652
2174102;3789
2174354;4883
2174359;4883
2174388;4883
2174368;3006
2174362;4888
2174368;4888
2174292;4796
2174304;4796
2174320;4796
2174305;4890
2174314;4890
2174295;1380
2174298;1380
2174303;1380
2174304;1380
2174338;1380
2174295;4893
2174298;4893
2174303;4893
2174338;4893
2174352;10282
2174339;4895
2174215;3185
2174216;3185
2174235;3185
2174313;3185
2174376;1101
2174379;4903
2174363;4057
2174368;4057
2174387;4057
2174435;4057
2174372;362
2174386;362
2174097;1033
2174102;3354
2174138;3354
2174386;4901
2174354;438
2174360;438
2174358;2606
2174380;4899
2174393;4922
2174395;4922
2174428;4922
2174050;4232
2174098;4232
2174042;9963
2174050;4906
2174100;4906
2174359;3007
2174360;3007
2174361;4578
2174368;2914
2174389;2914
2174417;2914
2174213;3042
2174337;3042
2174345;3042
2174342;4917
2174337;4914
2174312;9466
2174236;233
2174110;3929
2174145;3929
2174146;3929
2174361;3929
2174430;3929
2174369;13105
2174106;2842
2174111;3008
2174361;4918
2174393;2921
2174395;2921
2174401;2921
2174428;2921
2174430;2921
2174397;2607
2174428;2607
2174259;4615
2174416;4615
2174416;2370
2174455;2370
2174458;2370
2174462;2370
2174464;2370
2173491;3965
2174214;3965
2174311;3965
2173380;4720
2173796;907
2173828;9944
2173920;6539
2173564;4497
2173707;4497
2173497;13500
2173577;350
2173580;350
2173581;350
2173582;350
2173584;350
2173496;3206
2173781;4396
2173810;4393
2173808;4694
2173680;4240
2173690;4047
2173691;4047
2174288;4047
2174292;4047
2174311;4047
2173780;2769
2173780;3871
2173832;3871
2173805;3150
2173824;4420
2173824;7040
2173879;4435
2173858;10863
2173860;10863
2173857;6902
2173859;6902
2173737;1816
2173738;1816
2173381;4463
2173376;2752
2174265;4464
2174456;4464
2174460;4464
2173804;4460
2173377;4449
2173803;4449
2174265;2374
2173380;4635
2173381;4635
2174424;627
2174450;627
2173497;641
2173439;608
2173981;608
2173496;687
2173406;915
2173707;915
2174215;915
2174314;14257
2173446;143
2173492;143
2173710;143
2174237;143
2174338;143
2174295;14256
2174296;14256
2173526;367
2173529;4474
2173523;4472
2173522;3932
2173523;3932
2173525;3932
2173526;3932
2173527;4521
2173529;4521
2173808;3661
2173809;6926
2173465;13186
2173795;6792
2173796;6792
2173799;3396
2173748;1372
2173496;3993
2173560;3993
2173561;3993
2173564;3993
2173804;2391
2173899;2448
2174275;10471
2173902;6959
2173902;4505
2173634;2133
2174184;978
2174185;978
2174435;978
2173856;3761
2173580;119
2173581;119
2173589;119
2173989;119
2173560;1801
2173562;1801
2173565;1801
2174141;1801
2173514;3830
2173503;2208
2173507;2208
2173516;203
2173517;203
2173532;1792
2174045;13810
2173878;3558
2173874;3564
2173465;11285
2173496;11285
2173896;529
2173866;2447
2173868;2447
2173376;2593
2173377;2593
2174442;14289
2174443;14289
2173646;3797
2173649;3797
2173525;1031
2173529;4542
2173530;4542
2173534;4542
2173521;4537
2173525;4537
2173853;4537
2173529;4538
2173530;4538
2173534;4538
2173851;4538
2173852;4538
2173521;4539
2173525;4539
2173526;4539
2173527;4313
2173529;4313
2173533;4313
2173534;4313
2173407;4544
2173903;7005
2174365;347
2173810;6835
2173902;6835
2173808;8742
2173783;4097
2173828;9947
2173497;241
2173492;13231
2174311;4366
2174397;14286
2174430;14286
2174252;1964
2174387;1964
2174403;1964
2174405;1964
2174354;2908
2174359;2908
2174366;2908
2174397;2908
2174416;2908
2174430;2908
2174287;14089
2174312;14089
2174244;3188
2174391;5280
2174393;5280
2173874;2929
2173565;1826
2173584;6807
2173565;6814
2173787;6764
2173788;6764
2173789;6764
2173791;7009
2173791;1827
2173792;1827
2173785;11385
2173787;11385
2173788;11385
2173789;11385
2173791;12154
2173792;12154
2173734;2407
2173735;2407
2173736;2959
2173526;3305
2174192;975
2173496;7729
2173497;7729
2173492;2970
2173491;3053
2173484;752
2173486;752
2173672;752
2173675;752
2174337;752
2174339;2980
2174348;2821
2174212;1971
2174216;1971
2174313;1971
2174327;1971
2174331;1971
2174336;1971
2174347;1971
2173886;7425
2173807;3895
2173610;348
2173778;348
2174270;4814
2174295;4814
2174303;4814
2174334;4814
2174216;3205
2174336;3205
2174337;3205
2173463;4124
2173383;6758
2174062;2838
2174354;4886
2174356;4886
2174362;4909
2174364;4909
2173472;4660
2174305;14092
2173507;2843
2174105;2843
2174135;2843
2174138;2843
2174139;2843
2174146;2843
2174440;2843
2173892;4687
2173893;4687
2173899;4288
2174334;2849
2174335;2849
2174062;3012
2174103;3012
2174105;3012
2174324;3012
2173472;3739
2173801;12542
2174212;3194
2174271;3194
2174312;3194
2174313;3194
2174331;3194
2174341;3194
2174345;3194
2174457;626
2173491;1086
2173492;1086
2173425;2112
2173616;3050
2173619;3050
2173425;3047
2173497;2968
2173807;2003
2173808;2003
2173902;3657
2173788;815
2173414;1706
2173843;1706
2173849;179
2173417;3065
2173422;3065
2173414;3061
2173417;3068
2173846;3068
2173411;3064
2173417;1314
2173422;1314
2173846;1314
2173411;1201
2173843;801
2173846;4334
2173786;1738
2173790;3298
2173791;3298
2173793;1579
2173786;1584
2173788;1584
2173411;3595
2173422;2686
2173411;3077
2173412;3077
2173414;3077
2173862;1682
2173859;8281
2173862;3903
2173859;3087
2173860;3087
2173859;3089
2173860;3089
2173862;3086
2173860;1607
2173581;1758
2173562;3717
2173565;3717
2173636;3483
2173638;3483
2173803;3109
2173805;3152
2173806;3152
2173780;1690
2173800;1014
2173633;4008
2173635;4008
2173636;4008
2173637;4008
2173896;4008
2173645;3235
2173646;3235
2173648;3235
2173635;3112
2173637;3112
2173896;3112
2173865;867
2173454;4045
2174244;4045
2173806;3125
2173806;3129
2173804;3126
2173879;813
2173440;4522
2173441;4522
2174288;14088
2173878;8765
2174322;4801
2174295;14297
2174296;14297
2174367;501
2173447;3565
2174357;3565
2174367;3565
2174365;3567
2173981;3734
2174105;9789
2174395;10084
2174439;10084
2174215;4030
2174235;4030
2174312;4030
2174314;4030
2173496;1965
2174325;1965
2174336;1965
2173605;1464
2173610;3618
2173795;2760
2173646;4330
2174439;14263
2174354;3876
2173560;460
2173575;4364
2173577;4364
2173581;4364
2173710;4364
2173748;4689
2173802;3867
2173890;3867
2173801;9143
2173411;1751
2173412;1751
2173414;1751
2173417;1331
2173418;1331
2173420;1331
2173417;3079
2173420;3079
2173412;1739
2173414;1739
2173417;3601
2173418;3601
2173420;3601
2173411;3597
2173414;3597
2173516;4569
2173517;4569
2174174;4569
2174177;4569
2174442;4569
2174108;3155
2173803;1693
2173804;1693
2173795;10482
2173796;10482
2173797;10482
2173799;3612
2173800;3612
2173807;1038
2173798;616
2173896;4305
2173610;4213
2173610;11566
2174109;7393
2174177;7393
2174182;7393
2174189;7393
2173623;8151
2173799;8151
2173491;2630
2173465;48
2173496;48
2173748;2625
2173749;2625
2173455;4756
2173492;4756
2173742;3641
2173743;3641
2173492;3763
2173749;4125
2173798;4723
2173799;4723
2173810;2658
2173807;6976
2173808;2756
2173428;3916
2173810;3216
2173809;6941
2173808;3217
2173881;2299
2173776;4482
2173809;4482
2173902;4482
2173769;3660
2173770;3660
2173808;3054
2173902;4346
2173879;5723
2173875;1618
2173879;3667
2173902;2161
2173904;2161
2173905;3676
2173905;4147
2173902;3674
2173503;3697
2173589;3697
2173398;2175
2173411;3687
2173596;3463
2173873;3478
2173793;1138
2173794;1138
2173784;6763
2173581;3710
2173829;4603
2173560;3698
2173562;3698
2173581;3062
2173584;3299
2173565;1466
2173617;12069
2174354;4765
2173479;4770
2174362;503
2174396;10301
2173484;9922
2173565;1757
2173562;3709
2173802;12540
2173472;3037
2173565;12968
2173468;3033
2173470;3033
2173470;3738
2173455;6755
2173562;8985
2173563;8985
2173577;7
2173580;7
2173507;1062
2173688;1062
2173690;1062
2173680;1830
2174072;4866
2174090;4866
2174141;4866
2174142;4866
2173546;2083
2174077;4863
2174106;4863
2174108;4863
2174179;4560
2174283;4560
2173503;2887
2173520;2887
2173526;2887
2174141;2887
2174142;2887
2174143;2887
2173496;3640
2173796;7049
2174176;3779
2174189;3779
2174190;3779
2174192;3779
2174183;4873
2174080;4885
2174102;4885
2174143;3167
2174145;3167
2174060;4831
2174183;12426
2174190;12426
2174193;12426
2173840;2061
2173371;5422
2173989;5422
2174078;1208
2174082;1208
2174102;1208
2174104;1208
2174145;1208
2173882;108
2173801;1628
2173645;208
2173646;208
2173649;208
2173650;208
2173633;3102
2173635;3102
2173801;3806
2173748;3827
2173748;4134
2173491;2353
2173497;3815
2173496;6969
2173497;6969
2173516;2892
2173503;4520
2173517;4516
2173646;3935
2173647;3935
2173635;3554
2173636;3554
2173737;3907
2173804;1276
2174243;2690
2174360;2690
2174361;2690
2174425;2690
2173523;1063
2173529;839
2173530;839
2173533;839
2173534;839
2173735;3838
2173890;270
2173867;4648
2173868;4648
2173869;4651
2173870;4651
2174251;4053
2173890;3858
2174244;3980
2174395;11515
2174428;11515
2174430;11515
2174396;4898
2174411;4898
2174435;4898
2173891;3860
2173802;1814
2173779;3845
2173832;3917
2173831;4784
2173780;970
2173832;970
2173888;6759
2174357;2765
2174362;2770
2174365;2770
2173840;11292
2173810;2988
2174436;14252
2174182;12427
2173784;10546
2173785;10546
2173787;10546
2173788;10546
2173861;6801
2173858;3085
2173860;3085
2173870;485
2173617;747
2173619;747
2173867;747
2173736;2961
2173832;12218
2173779;3870
2173550;1887
2173527;4477
2173532;4477
2173534;4477
2173989;12846
2173867;2438
2174094;3930
2174107;4919
2174111;4919
2174369;4919
2174186;8222
2174283;8222
2174435;8222
2174095;3925
2174107;3925
2174185;3925
2174186;3925
2174279;3925
2174283;3925
2174436;3925
2174102;4861
2174103;4861
2174275;4861
2174361;4861
2174430;4861
2173965;12929
2173522;2962
2173526;2962
2173645;2787
2174143;12432
2173562;4563
2173565;4563
2173796;4721
2173797;4721
2173542;3528
2173411;4054
2173537;4054
2173835;4054
2173596;3882
2173590;3880
2173849;1745
2173530;6782
2174296;11162
2174297;11162
2174298;11162
2173876;3363
2173878;3363
2173472;4209
2173610;4209
2174099;4226
2174183;4226
2174193;4226
2173605;4217
2173742;442
2173398;2646
2174311;2646
2174335;2646
2173979;3538
2174365;3538
2174396;3538
2174354;9781
2174439;9781
2173783;7394
2173418;4362
2173422;4362
2174149;3498
2173412;1447
2173414;1447
2174282;6837
2174243;2680
2174297;8508
2173743;3985
2173743;11286
2173805;3608
2173806;3608
2173633;2780
2173637;2780
2173645;3331
2173646;3331
2173647;3331
2173648;3331
2173649;3331
2173862;3905
2173560;2651
2173562;2651
2173563;2651
2173707;2651
2173797;1083
2173623;3319
2173637;3319
2173638;3319
2173619;489
2173650;489
2174045;489
2173803;3128
2173805;3459
2173905;6846
2174433;13926
2173617;2704
2174252;2704
2174251;8923
2174244;4203
2174384;4203
2173637;4780
2174391;4780
2174428;4780
2174430;4780
2174244;3857
2173417;3944
2174391;4904
2173798;1078
2173799;1078
2173800;1078
2173376;1417
2174109;4763
2174354;1042
2173887;6836
2173742;7472
2173463;3119
2174251;3119
2173454;2923
2173417;223
2173420;223
2173837;223
2174304;4060
2173522;6944
2173680;4408
2173926;6540
2173537;4119
2174362;4205
2174377;4205
2174382;4205
2174383;4205
2174405;4205
2174435;4205
2174287;4805
2174294;4805
2174321;4805
2173707;4585
2174312;14300
2173710;4066
2174288;4066
2174292;4066
2174297;4066
2174303;4066
2174307;4066
2173707;4058
2174305;4058
2174312;4058
2174321;4058
2174325;4058
2174336;4058
2173710;3982
2174288;3982
2174296;3982
2174297;3982
2174303;3982
2174307;3982
2174311;3982
2174324;4808
2174334;4808
2173532;1451
2173537;1451
2173540;4567
2173580;13368
2173523;4564
2173525;4564
2173526;4564
2173546;4564
2173694;4564
2173532;4068
2173534;4068
2173633;4725
2173634;4725
2173909;11276
2173909;4086
2173783;4095
2173781;4092
2173783;4547
2173783;4102
2173781;4098
2173826;9946
2173829;4103
2173829;8565
2173783;4110
2173781;4108
2173783;4198
2173781;4113
2173454;2996
2173455;2996
2173742;3638
2173748;428
2173749;428
2173497;4757
2173780;4709
2173479;758
2174055;3623
2174048;4825
2174051;4825
2174139;4825
2174439;4825
2174440;4825
2173891;2675
2173856;1051
2173905;5332
2173898;4150
2173898;11003
2173807;42
2173781;3426
2173857;7044
2173860;7044
2173492;2620
2173646;10288
2173650;10288
2173634;10296
2173527;977
2174179;977
2174397;737
2173781;4195
2173783;4717
2174385;1625
2174243;4025
2174244;4025
2174361;4025
2174374;4025
2174381;4025
2174363;2459
2174409;2459
2174369;2705
2173649;4018
2173650;4018
2173835;7438
2173605;3960
2173468;4247
2173470;4247
2173645;3214
2173648;3214
2173610;10462
2174050;1981
2174100;1981
2174142;1981
2174151;1981
2174099;3959
2174101;3959
2174106;3959
2174173;3959
2174190;3959
2173802;378
2173867;2562
2174298;4812
2174307;4812
2174322;4812
2174321;4809
2174323;4809
2174314;8507
2174307;2913
2174322;2913
2174335;2913
2174312;4811
2174321;4811
2174325;4811
2174336;4811
2174337;4811
2174296;2031
2174334;2031
2174215;2994
2174271;2994
2174270;1358
2174334;1358
2174212;1970
2174271;1970
2174327;1970
2174333;1970
2174337;1970
2174347;1970
2174353;1970
2174237;4821
2174268;4821
2174270;4821
2174295;4821
2174296;4821
2174326;4821
2174330;4821
2174334;4821
2174346;4821
2174342;4915
2174346;4915
2174303;14301
2174298;14295
2174052;759
2174179;759
2174182;3624
2174189;3624
2174442;3624
2174056;4826
2173981;4830
2174104;4830
2174439;4830
2174176;4823
2174179;4823
2174182;4823
2174190;4823
2174442;4823
2174180;12399
2173690;1054
2173691;1054
2173697;1054
2173853;1054
2173534;1283
2173633;10203
2173636;10203
2173637;10203
2173897;10203
2173507;2210
2173503;3356
2173506;3356
2173765;3356
2173882;3388
2173428;1485
2173887;1485
2173478;462
2173522;424
2173525;424
2173853;424
2173797;3939
2174052;1984
2174179;10547
2174193;10547
2173808;6867
2173478;6919
2173479;6919
2173690;6919
2173693;6919
2173697;6919
2173864;2596
2173882;835
2173865;2536
2173693;3750
2173696;3750
2173697;3750
2173856;4318
2173691;4069
2173853;4566
2174213;4916
2174215;4916
2174312;4916
2174343;4916
2174345;4916
2173514;410
2173387;1001
2173688;13308
2173520;1843
2173503;174
2174141;12394
2173562;7427
2173575;1278
2173581;1278
2173582;1278
2173584;1278
2173589;1278
2173484;317
2173486;317
2174363;3441
2174368;3441
2173479;1142
2173491;822
2173773;6852
2173881;6852
2173491;63
2173798;1979
2173562;3743
2173506;2209
2173412;1668
2173465;145
2173806;2137
2173485;25
2173546;1050
2173376;1337
2173377;1337
2173618;1337
2173619;1337
2173773;3551
2173808;2663
2173486;3971
2173397;705
2173496;3629
2174354;3682
2173465;1110
2173616;1110
2174362;1110
2173633;209
2173635;209
2173648;3989
2173636;4673
2173649;3308
2173788;966
2173577;3202
2173589;3202
2173590;1139
2173748;1959
2173749;1959
2173742;4041
2173836;90
2173886;4403
2173887;1026
2173886;633
2173517;2844
2174067;2844
2174108;2844
2174179;2844
2174180;2844
2174105;1844
2174153;1844
2174154;1844
2174067;3605
2174193;3605
2174215;2975
2174349;2975
2174237;9432
2174304;9432
2173454;9433
2174298;2819
2174334;2819
2173662;9333
2174338;2993
2174350;2993
2173454;4365
2173693;13291
2173696;13291
2173697;13291
2173623;2030
2173517;1733
2174174;11686
2174143;1849
2173526;13007
2173503;2886
2173522;2886
2173526;2886
2173820;3229
2173730;457
2174435;1416
2174236;17
2174295;14281
2174354;4908
2174292;4366
2173582;177
2173589;177
2174182;10468
2174279;10468
2173688;13306
2173690;13306
2173693;13306
2173694;13306
2173696;13306
2173697;13306
2174141;3753
2174143;3753
2174275;3753
2173546;6937
2173533;4073
2173534;4073
2173690;13329
2173697;11309
2173420;3183
2173560;3183
2174138;3014
2174139;3014
2174145;3014
2174146;3014
2174154;3014
2174311;3014
2174174;3157
2174176;3157
2174179;3157
2174184;3157
2174442;3157
2174388;4887
2173503;11672
2174135;11672
2174141;11672
2174142;11672
2174153;11672
2174395;11672
2174430;11672
2174439;11672
2174440;11672
2173988;4577
2174294;14090
2174305;14090
2173707;4582
2174305;4063
2173798;6810
2173486;1727
2173479;1280
2173808;4590
2173808;4593
2173824;4604
2173808;4599
2173829;6971
2173824;4398
2173809;3704
2174259;2920
2173492;4367
2174259;4612
2174416;4612
2174458;2342
2174452;4923
2174463;1599
2173563;426
2173565;426
2174457;1479
2174460;1479
2174463;1479
2174465;1479
2174424;14260
2174416;4628
2174459;4628
2174259;4620
2174446;4620
2174462;4620
2173871;2366
2173872;2366
2174416;2366
2174455;4627
2174459;4627
2174464;4627
2173899;1003
2173376;4461
2173377;4461
2173381;4297
2173491;1071
2173492;1071
2173806;852
2173805;4638
2173806;3122
2173804;4234
2174416;951
2173895;10964
2173866;3923
2173867;3923
2173870;3854
2173872;3854
2173869;4695
2173872;4695
2173872;2400
2173869;243
2173807;4151
2173808;4151
2173809;586
2173563;4388
2173565;4388
2173707;4388
2173472;2841
2173898;4665
2173896;2072
2174182;8343
2174183;8343
2174192;8343
2173605;4215
2173807;3998
2173633;2786
2173637;7298
2173647;2792
2173648;2792
2173650;2792
2173894;4304
2173895;4304
2173892;4647
2173582;8982
2173561;7452
2173575;7433
2173577;7433
2173580;7433
2173582;7433
2173580;7448
2173575;8570
2173560;7328
2173565;7328
2173484;13324
2173486;13324
2173839;13324
2173485;7364
2173616;7364
2173617;7364
2173979;7364
2174409;7364
2173839;9749
2173623;7329
2174395;7329
2173857;7313
2173861;7795
2173861;7349
2173701;7369
2174303;9472
2173748;7310
2173742;7471
2173889;7477
2173888;9863
2173901;7341
2173903;7343
2173902;7345
2173824;12605
2173808;7490
2173824;7494
2173825;7494
2173825;7496
2173865;7495
2173795;7350
2173797;7350
2173722;7337
2173533;7314
2173885;7401
2173516;11608
2173517;11608
2174177;11608
2174185;11608
2174193;11608
2174283;11608
2174435;11608
2173582;10284
2173890;9127
2173671;9164
2173672;9164
2173674;9164
2173662;11279
2173672;9416
2173675;9416
2173864;11023
2173659;9361
2173660;9361
2173671;9528
2173472;9839
2173380;9399
2173671;9399
2173633;9353
2173635;9353
2173636;9353
2173638;9353
2173897;9353
2173674;9403
2173367;9338
2173660;9338
2173661;9338
2173662;9338
2173671;9410
2173674;9410
2173377;9342
2173659;9342
2173660;9342
2173662;9342
2173605;8161
2173619;8161
2173795;8161
2173647;9881
2173649;9881
2173898;9881
2173645;10202
2173646;10202
2173650;10202
2173659;9346
2173660;9346
2173484;9391
2173672;9391
2173662;9341
2173671;9527
2173659;9330
2173660;9330
2173659;9336
2173662;9336
2173674;9421
2173645;9523
2173647;9523
2173671;9523
2173674;9413
2173638;9345
2173616;7308
2173617;7308
2173492;7634
2173623;7325
2173565;7447
2173617;13907
2173618;13907
2173904;7435
2173560;7431
2173562;7431
2173563;7431
2173577;8982
2173672;9424
2173648;10487
2173650;10487
2173671;9521
2173660;9343
2173377;9354
2173662;9354
2173671;9381
2173662;9351
2173874;7953
2173380;9312
2173674;9312
2173809;8153
2173659;9348
2173662;9348
2173634;9842
2174297;9322
2174138;9853
2174439;9853
2173662;9360
2173633;10201
2173634;10201
2173635;10201
2173637;10201
2173896;10201
2173865;9936
2173671;9404
2173376;9943
2173377;9943
2173662;9329
2173672;9409
2173863;9385
2173634;9357
2173638;9357
2173895;10962
2174430;14255
2173503;11617
2173507;11617
2174138;11617
2174143;11617
2174146;11617
2174154;11617
2173565;10285
2173634;10280
2173636;10280
2173638;10280
2173662;9364
2173672;9415
2173660;9324
2173648;10277
2173660;9347
2173662;9347
2173659;9350
2173662;9350
2173857;7732
2173859;7732
2173860;7732
2173381;10803
2173672;9396
2173659;9344
2173662;9344
2173376;9935
2173377;9935
2173659;9359
2173660;9359
2173662;9359
2173634;10276
2173638;10276
2173550;8481
2173963;11282
2173975;11282
2173827;8581
2173764;9101
2173765;9101
2173596;9102
2174312;11245
2174337;11245
2174343;11245
2174347;11245
2173909;11262
2173674;11272
2173367;11897
2173659;11897
2173406;11227
2173463;11227
2173497;11227
2174312;11227
2173869;11265
2173871;11265
2173872;11265
2173503;11252
2173748;11290
2173839;11258
2173961;11255
2173989;11255
2173839;11297
2173840;11294
2173688;13317
2173694;13317
2173941;11274
2173722;11256
2173889;11247
2173925;14126
2173537;11260
2173565;11260
2173564;11264
2173504;11313
2173514;11314
2173550;11316
2173690;13318
2173696;13318
2174182;9854
2173790;6820
2173791;6820
2173792;6820
2173581;6732
2173701;10286
2173886;10286
2173798;5600
2173784;6765
2173786;6765
2173637;9842
2173896;9842
2173659;9331
2173662;9331
2173674;9420
2173662;9358
2173660;9339
2173671;9411
2174298;6916
2173748;7468
2174405;14009
2173795;5481
2173618;6827
2173882;2276
2173513;1272
2173517;1272
2173610;3382
2173757;2285
2173511;3367
2173383;960
2173610;1291
2173617;5381
2173619;5381
2174295;14291
2174297;14291
2173981;8344
2173896;5492
2173704;7463
2173890;5576
2173897;6924
2174312;14299
2173890;9131
2173367;11296
2173839;11296
2173796;6743
2174142;11784
2174154;11784
2173526;8441
2174135;8441
2174141;8441
2174153;8441
2173693;13326
2173694;13326
2173696;13326
2173697;13326
2173681;13298
2173681;13303
2173439;13287
2174312;14283
2174313;14283
2173681;13289
2173446;13288
2173693;13288
2173696;13288
2173697;13288
2173383;13363
2173691;13321
2173696;13321
2173697;13321
2174141;13865
2174269;1480
2174314;1480
2174347;1480
2173869;4630
2173871;4630
2173831;653
2173417;3596
2173418;3596
2173810;12
2173779;2137
2173529;12532
2173412;721
2173809;1267
2173879;1289
2173765;59
2174103;4824
2174138;4824
2173618;8174
2173773;928
2174395;3682
2173674;9383
2173618;1110
2173901;1110
2174109;1110
2173648;4674
2173590;2806
2173590;2809
2173537;1928
2174295;1941
2174298;1941
2174303;1941
2173886;1959
2173425;633
2173486;633
2173468;1844
2173503;1844
2174104;1844
2174106;3605
2174174;3605
2174176;3605
2173406;11284
2174287;11284
2173455;9433
2174296;2819
2173479;9333
2173661;9333
2174307;2993
2174335;2993
2173497;4387
2173605;1340
2173610;11301
2174335;3964
2173428;1389
2173776;1389
2173710;2030
2173383;1733
2173484;1733
2173514;1733
2174176;11686
2173590;734
2173520;2886
2174142;2886
2173540;956
2173849;2082
2173719;963
2173820;963
2174334;2869
2174335;2869
2174296;14281
2174325;4813
2174336;4813
2174337;4813
2173465;3455
2173871;7047
2174179;617
2174183;617
2174193;617
2174052;4907
2174099;4907
2174106;4907
2174107;4907
2173865;4237
2173864;1559
2174134;1559
2174154;1559
2174050;4218
2174096;4218
2174138;4218
2173418;4410
2173542;4410
2173837;4410
2173407;4703
2173681;13812
2173411;3686
2173412;3686
2174138;8337
2173468;4208
2173605;4208
2173414;4251
2173454;1099
2173801;704
2173704;9955
2173798;10505
2173800;10505
2173899;4301
2173892;4299
2173893;4299
2173866;4306
2173899;4260
2173869;4652
2173866;4284
2173868;4284
2173896;4281
2173897;4281
2173895;4282
2173893;4261
2173898;181
2173380;1145
2173798;657
2173799;657
2173896;2511
2173381;4279
2173796;2551
2173892;866
2173893;866
2173899;866
2173380;4310
2173892;4331
2173376;4634
2173895;7376
2173899;619
2173866;4271
2173897;4747
2173376;4300
2173527;1184
2173533;1184
2173534;1184
2173371;13170
2173855;13170
2173892;3021
2173895;4302
2173412;3071
2173414;3071
2173417;4336
2173422;4336
2173412;4333
2173581;4333
2173843;4333
2173418;4337
2173846;4337
2173784;1528
2173785;1528
2173861;1528
2173862;1528
2173873;3212
2173581;4343
2173581;1732
2173584;1732
2173465;4349
2173902;4506
2173455;4347
2173465;4141
2173827;8569
2173826;3422
2173680;1060
2173503;1867
2173507;1867
2173690;1867
2173691;1867
2173693;1867
2173696;1867
2173697;1867
2173873;2140
2173874;1074
2173880;3364
2173801;774
2173417;153
2173418;153
2173422;153
2173846;153
2173491;4390
2173575;4390
2173581;4390
2173582;4390
2173584;4390
2173710;4390
2174362;3724
2173484;4768
2173485;4768
2173617;4768
2173619;4768
2174354;4039
2173478;7458
2173623;7458
2173484;3725
2173485;3725
2173486;3725
2173479;4766
2174395;4766
2174395;4026
2174397;4026
2174428;4026
2173618;4207
2173650;4207
2174107;4844
2174109;4844
2174067;4847
2174177;8352
2174183;8352
2174192;8352
2173831;12220
2173832;3874
2174439;14305
2173516;954
2173517;9064
2174311;4797
2174320;4797
2174335;4797
2174292;14086
2174295;14086
2174297;14086
2174304;14086
2174311;14086
2174318;4799
2174320;4799
2174324;4799
2174334;4799
2174337;4891
2174334;4802
2174335;4802
2174325;4798
2174321;4800
2174336;4800
2174337;4800
2174214;11161
2174296;11161
2174318;4807
2174320;4807
2174294;4803
2174305;4803
2174320;4067
2174320;4810
2174324;4810
2174335;4810
2174235;4064
2174325;4064
2173795;3110
2173796;3110
2173797;3110
2173478;1069
2173447;1095
2173801;3351
2173765;552
2173550;30
2174105;3539
2173596;2451
2174376;2451
2174396;2451
2174405;2451
2173383;1960
2173371;1427
2173561;3587
2173565;3587
2173605;10227
2173590;3461
2173758;518
2173472;1951
2173901;2612
2174362;2612
2173387;13366
2173504;2222
2173507;2222
2173903;2335
2173380;1002
2173646;1002
2173650;1002
2173526;1189
2173897;220
2173398;1923
2173491;1923
2173710;1923
2174214;1923
2174236;1923
2174307;1923
2173799;1124
2173440;13305
2173748;2737
2173749;2737
2173387;492
2173769;2234
2173765;198
2173565;1168
2173790;7008
2173792;7008
2173793;7008
2173590;2804
2173478;353
2174267;4645
2173506;2141
2173809;713
2173810;713
2173725;984
2173486;9
2173446;1914
2173696;1914
2173697;1914
2173491;812
2173492;812
2173371;3707
2173734;2057
2173735;2057
2173736;2057
2173840;3265
2173776;3292
2173900;3292
2173758;3522
2173769;3522
2173770;3522
2173383;859
2173769;859
2173517;10602
2173504;1147
2173565;468
2173371;1155
2173828;9942
2173829;9942
2173881;67
2173881;2298
2173865;2490
2173758;257
2173387;2304
2173704;4014
2173886;459
2173565;298
2174233;21
2174335;21
2174342;21
2173809;2334
2173810;2334
2174213;1055
2174215;1055
2174345;1055
2173809;2320
2173882;2320
2174295;2320
2174335;2320
2174344;2320
2173503;6849
2173807;158
2173808;158
2174215;158
2174312;158
2174341;158
2174347;158
2173516;1011
2173504;3547
2173764;3547
2173903;1116
2173397;3258
2173902;2162
2173425;1023
2173807;3645
2173808;3645
2173773;596
2173901;596
2173902;1224
2173836;299
2173851;299
2173381;1259
2173802;322
2174417;4626
2174460;4626
2174463;4626
2173890;7027
2173869;2073
2173870;2073
2174417;1478
2174424;1478
2173868;2396
2174259;341
2174416;341
2174455;341
2174459;341
2174464;341
2174446;4924
2174455;4924
2174458;4924
2174462;4924
2173381;2718
2173645;2718
2173646;2718
2173633;2713
2173637;2713
2173638;2713
2173381;1263
2173380;2071
2173645;2071
2173647;2071
2173648;2071
2173649;2071
2173634;215
2173635;215
2173638;215
2173897;4632
2173376;2383
2173618;1321
2173758;1321
2173769;1321
2173866;4696
2173868;4696
2173871;1483
2173872;1483
2173735;3910
2173738;2401
2173867;2401
2173869;2394
2173803;4457
2173867;4262
2173736;2399
2173803;2399
2173804;2399
2173737;2405
2173806;2405
2173806;4676
2173734;2403
2173735;2403
2173736;2403
2173805;313
2173805;1336
2173863;197
2173864;197
2173649;3486
2173377;9953
2173659;9953
2173662;9953
2173662;9363
2173381;2602
2173623;2019
2173868;315
2173863;2538
2173540;6956
2173537;11308
2173865;11027
2173866;6973
2174362;4168
2174371;4168
2174376;4168
2174396;4168
2174409;4168
2173596;1097
2173596;2453
2173414;698
2174373;4896
2174379;4896
2174382;4896
2174387;4896
2174409;8723
2173561;1848
2174212;2711
2174216;2711
2174327;2711
2174347;2711
2173623;1972
2174234;1972
2174303;1972
2174326;1972
2174332;1972
2174352;1972
2173810;24
2173863;24
2173807;102
2173808;102
2173865;102
2173864;2414
2173809;7696
2173865;2497
2173865;3138
2173864;2496
2173659;2498
2173674;2504
2173809;10046
2173894;4303
2173895;4303
2173897;4303
2173898;227
2173636;10293
2173899;11004
2173895;3533
2173892;3327
2173893;3327
2173892;3532
2173865;2535
2173864;3416
2173616;836
2173618;836
2173798;3625
2173617;3353
2173623;2740
2173869;2105
2173868;754
2173616;3909
2173618;3909
2173619;3909
2173868;3909
2173454;2566
2173455;2566
2173637;2566
2173617;2561
2173618;2561
2173619;2561
2173463;4225
2173465;4225
2174045;4225
2173637;1639
2173874;7849
2173802;4001
2174428;14273
2173617;3320
2173619;3320
2173623;4019
2174243;4019
2174361;4202
2174375;4202
2173479;3302
2173680;13336
2173681;13336
2173693;2581
2173697;2581
2173580;1922
2173584;1922
2173688;1922
2173691;1922
2173693;1922
2173694;1922
2173696;1922
2173616;491
2173617;491
2173618;491
2173619;491
2173377;1111
2173377;229
2173748;249
2173377;4531
2173376;354
2173864;331
2173454;437
2173455;437
2174391;437
2174395;437
2174397;437
2174362;1067
2174363;1067
2174409;3442
2173463;613
2174409;12531
2174443;12531
2173618;680
2173619;680
2173454;2771
2173900;2771
2174439;14278
2173454;385
2173623;385
2173491;656
2174304;656
2174307;628
2173454;2628
2173455;2628
2173492;2628
2173742;740
2173748;606
2173749;606
2173742;2043
2173743;2043
2173748;1390
2173749;1390
2173743;695
2173616;2090
2173619;2090
2173491;248
2173492;248
2174396;6873
2174409;6873
2174443;14266
2173463;4159
2173496;4159
2174354;9681
2173749;11289
2173455;581
2173507;14066
2173503;7426
2173765;1091
2174334;3024
2174335;3024
2173397;9754
2173398;9754
2173455;9754
2173491;9754
2173492;9754
2174214;9754
2174292;9754
2174295;9754
2174311;9754
2173560;13333
2173562;13333
2173565;13333
2173577;540
2173580;540
2173589;540
2173710;540
2173565;2648
2173560;2650
2173563;2650
2173564;2650
2173565;2650
2173707;2650
2173617;6771
2173428;2659
2173809;2660
2173428;2664
2173425;335
2173807;335
2173428;35
2173425;2665
2173428;2673
2173428;3649
2173428;2657
2174435;14251
2173710;3178
2174233;3178
2174237;3178
2174298;3178
2174326;3178
2173623;7012
2173875;2687
2173876;2687
2173878;2687
2173807;931
2173809;8176
2173810;8176
2174243;857
2173503;1019
2173504;1019
2173623;2029
2173752;2029
2173418;1297
2174045;13809
2173803;2768
2174391;13930
2174430;13930
2173514;4512
2173516;4512
2173517;4512
2173580;4512
2173582;4512
2173584;4512
2173589;4512
2173989;4512
2173529;1569
2173530;1569
2173533;1569
2174368;773
2173618;2569
2173649;2569
2174045;2569
2174435;14274
2173623;797
2173542;909
2173546;909
2173616;2873
2173617;2873
2173707;2873
2173776;2873
2174212;4815
2174313;4815
2174327;4815
2174347;4815
2174353;4815
2173376;775
2173377;775
2173417;3974
2173422;3974
2173414;5587
2173381;2380
2173647;2380
2173596;2461
2174106;3169
2174179;3169
2174183;3169
2174279;3169
2173618;2553
2173377;2597
2173440;3186
2173680;3186
2173851;1450
2173582;4070
2173486;6871
2173470;531
2173484;2730
2174173;2730
2173617;2724
2174395;1041
2174439;1041
2174439;14262
2173623;2622
2173748;2622
2173584;2797
2173710;11312
2173380;761
2173381;761
2174177;11671
2174179;11671
2174182;11671
2174183;11671
2174185;11671
2174283;11671
2174435;11671
2174436;11671
2174442;11671
2174416;5760
2174440;5760
2173988;11791
2173503;11616
2174145;11616
2174361;11616
2173807;2990
2173808;2990
2173872;853
2173881;3385
2173623;2250
2174304;14087
2173397;4704
2173398;4704
2173919;6537
2173398;4701
2174292;4701
2174310;4701
2173926;6538
2173398;294
2173737;13360
2173691;13335
2173693;13335
2173694;13335
2173696;13335
2173831;4706
2173780;4712
2173831;4708
2173780;4714
2173832;4714
2173381;3300
2173795;3580
2173796;3580
2173797;12157
2173798;4027
2173646;4074
2173650;4074
2173633;3933
2173636;3933
2173638;3933
2173735;1882
2173736;1882
2173873;1882
2173855;4727
2173809;232
2173882;232
2173807;733
2173523;7503
2173896;3531
2173897;3531
2173690;1924
2173691;1924
2173693;1924
2173455;4123
2173463;3635
2173465;3635
2173497;3635
2174141;12388
2174440;12388
2174051;447
2174105;447
2174143;447
2174153;447
2173645;4007
2173646;4007
2173650;4007
2173898;4007
2173864;2499
2173864;3137
2173865;6747
2173636;1275
2173638;1275
2173803;3843
2173647;673
2173649;673
2173650;673
2173779;673
2174063;1767
2174067;1767
2173406;3575
2173465;3575
2174215;3575
2174337;3575
2174107;7385
2174108;7385
2174109;7385
2174182;7385
2174192;7385
2174442;7385
2173849;2900
2173850;467
2174141;12391
2173722;3438
2173839;9748
2173840;9725
2174091;3773
2174108;3773
2174179;3773
2174185;3773
2174186;3773
2174279;3773
2173577;826
2173584;826
2173589;826
2173882;7403
2173605;9435
2173710;9435
2174233;4818
2174268;4818
2174330;4818
2174334;4818
2174335;4818
2174346;4818
2174252;2054
2174377;2054
2173650;7299
2173637;7294
2173638;7294
2174243;2088
2174361;2088
2174384;2088
2173417;1517
2173420;1517
2173540;1517
2173681;13299
2174313;13299
2174314;13299
2173981;1895
2174215;1895
2174349;1895
2174411;2909
2173873;2677
2173875;2677
2173876;2677
2173879;2035
2174212;2983
2174216;2983
2174271;2983
2174312;2983
2174313;2983
2174314;2983
2174331;2983
2174341;2983
2173605;8587
2174395;11785
2174357;4546
2173397;12007
2173561;2798
2173577;771
2173580;771
2173581;771
2173582;771
2173584;771
2174216;190
2174314;190
2174353;190
2174215;3203
2174336;3203
2174353;3203
2173864;107
2173873;6962
2173635;4211
2173885;6913
2173447;1918
2173691;1918
2173694;1918
2173725;3279
2173820;519
2173647;9867
2173899;9867
2173633;10204
2173634;10204
2173637;10204
2173638;10204
2173648;10489
2173885;3473
2173463;544
2173465;544
2173873;12547
2173873;3250
2174143;12431
2174151;12431
2174154;12431
2174183;12430
2174190;12430
2173903;456
2173371;275
2174065;4856
2174067;4856
2174106;4856
2174107;4856
2174177;8341
2173371;660
2173550;524
2173810;3650
2173537;27
2173540;27
2174091;4865
2174095;4865
2174106;4865
2174185;4865
2174186;4865
2174279;4865
2174282;4865
2174435;4865
2174436;4865
2174361;13106
2174090;4872
2174104;4872
2174092;4876
2174148;4876
2173725;1150
2173725;28
2173730;2905
2173820;2905
2173730;3173
2173582;2729
2173835;2729
2173503;2226
2173506;2226
2173511;2277
2173513;2277
2173514;2277
2173504;3289
2173507;3289
2173398;3602
2173786;2950
2173789;2950
2173786;3073
2173791;1247
2173862;1677
2173581;3092
2173584;3092
2173479;296
2173484;2089
2173485;2089
2173540;816
2173520;1886
2173521;1886
2173522;1886
2173525;1886
2173725;1151
2174428;14261
2173802;2113
2173619;4003
2173650;4003
2173801;4003
2173387;464
2173893;2528
2173895;2532
2173893;2531
2173895;2522
2173645;4724
2174073;4870
2174086;4870
2174092;4870
2174103;4870
2173542;3342
2173840;3342
2174148;3342
2174182;1140
2174283;1140
2174435;1140
2174436;1140
2173537;2813
2174085;4877
2174093;4877
2174107;4877
2173839;9746
2174146;3349
2173537;3339
2173590;1351
2174087;4869
2174184;12428
2174142;12429
2174146;12429
2174148;12429
2174276;12429
2173839;3344
2174184;3344
2173619;2759
2173801;2759
2174100;2759
2174102;2759
2174142;2759
2173840;9727
2173371;407
2173549;407
2173855;10302
2173504;1295
2173765;1295
2173881;588
2173511;2284
2173517;2284
2173765;3368
2173507;2681
2173752;2681
2173757;2681
2173799;2681
2173764;6908
2173503;3521
2173504;3521
2173506;3521
2173514;2191
2173517;2191
2173769;2191
2173770;2191
2173513;1161
2173516;1161
2173517;1161
2174216;3039
2174327;3039
2174331;3039
2174313;6917
2174314;6917
2173881;2194
2173610;2188
2173798;5314
2173799;5314
2173623;2549
2173799;2549
2173610;1434
2173380;2912
2173381;2912
2173865;4229
2173808;4670
2173864;3417
2173863;3419
2173864;3419
2173802;463
2173470;3447
2173485;2575
2173725;3170
2173455;3261
2174366;3859
2174396;3859
2174436;3859
2174368;4897
2174405;4897
2173428;1437
2173562;3093
2173454;4223
2173873;4385
2174045;4385
2173463;5457
2173465;5457
2173422;360
2173875;1652
2173880;1644
2173884;6898
2173414;2456
2173635;4507
2173636;4507
2173645;4536
2173648;4536
2173649;4536
2173849;3492
2173850;2744
2173412;3975
2174185;3975
2174186;3975
2174279;3975
2174282;3975
2174074;3517
2174079;3517
2174091;3517
2174179;3517
2173791;6883
2173792;6883
2173784;844
2173785;844
2173789;844
2173793;88
2173784;1210
2173786;1210
2173787;1210
2173789;1210
2173791;1442
2173792;1442
2173794;1442
2173463;4485
2173454;5319
2174141;3497
2173850;2037
2174145;2037
2174275;2037
2173849;3518
2174074;3518
2174108;3518
2174186;3518
2174188;3518
2174279;3518
2173849;6815
2174083;2721
2174108;2721
2174179;2721
2174279;2721
2173387;930
2173504;930
2173506;930
2173752;930
2173514;3383
2173517;3383
2173383;2246
2174314;7032
2173748;2207
2173428;14026
2173743;14026
2173417;1967
2173542;1967
2174362;614
2173694;1223
2174395;3970
2174439;3970
2173479;7455
2173511;1186
2173513;1186
2173516;1186
2173517;1186
2173507;2271
2173765;2271
2173779;741
2173780;1819
2173773;282
2173901;282
2174314;14292
2173645;3833
2173634;3211
2173635;3211
2173446;1916
2173697;1916
2173738;13327
2173446;13323
2173693;13323
2173696;13323
2174214;4894
2174236;4894
2174237;4894
2174334;4894
2173769;91
2173418;1333
2173420;1333
2173417;3063
2173846;3063
2173806;2415
2173376;2359
2173377;2359
2173803;1313
2174336;663
2174216;1937
2173439;13332
2173440;13332
2173681;13332
2174312;13332
2173590;1316
2173550;2888
2174283;9736
2174435;9736
2173367;2856
2173454;2856
2173479;2856
2173491;2856
2173661;2856
2174297;2856
2174303;2856
2173470;11347
2174236;1529
2174335;1529
2174344;1529
2173564;4657
2173707;4657
2173560;1367
2173561;1367
2173562;1367
2173563;1367
2173561;1361
2173562;1361
2173752;858
2173757;858
2173563;521
2173537;1309
2173648;688
2173801;1946
2173533;1513
2173580;2111
2173589;2111
2173610;2111
2173492;2862
2173496;2862
2174237;2862
2174335;2862
2174338;2862
2174350;2862
2174296;14268
2173865;2080
2173412;1797
2173838;6838
2173577;1362
2173580;1362
2173496;2120
2173497;2120
2173891;7031
2173618;1402
2173707;1402
2173776;1402
2173749;2021
2173807;1398
2174107;1871
2174179;1871
2174193;1871
2173809;6868
2173807;3610
2173808;3610
2173560;1360
2173561;1360
2173562;1360
2173564;1360
2173707;1360
2173777;1360
2173776;3048
2173837;1574
2173838;1574
2173795;6987
2173376;2916
2173377;2916
2174312;2916
2174314;2916
2173463;1963
2174411;1963
2174417;1963
2174436;1963
2173806;1432
2174105;7396
2174139;7396
2174439;7396
2173861;1723
2173367;1359
2173371;674
2173859;1703
2173860;1703
2173802;1500
2173849;1729
2173805;3585
2173806;3585
2173387;2218
2173478;2833
2173743;2833
2173887;2833
2173791;1785
2173680;4353
2173850;4353
2173412;2716
2174148;3335
2173533;564
2173534;564
2173680;564
2173780;120
2173832;120
2174259;4616
2174416;4616
2174452;4616
2174454;4616
2174458;4616
2173838;6731
2173537;1531
2173540;1531
2173820;833
2173537;1166
2173478;1462
2173479;1462
2173802;4128
2173693;972
2173696;972
2173562;1135
2173802;2361
2173646;2134
2174435;2134
2173680;2725
2173441;1346
2173866;2369
2173867;2369
2173617;156
2174456;156
2174457;156
2174212;4816
2174269;4816
2174271;4816
2174327;4816
2173618;1969
2173619;1969
2174216;12616
2174312;12616
2174313;12616
2173616;1480
2173617;7429
2173618;7429
2173485;1152
2173397;217
2173826;6787
2173478;1436
2173565;967
2173796;310
2173797;310
2173779;3465
2173514;1486
2173516;1486
2173514;4167
2173517;4167
2173527;4167
2173529;4167
2173533;4167
2174183;4167
2173439;403
2173981;403
2173605;1236
2173749;2835
2173805;2413
2173867;4529
2173868;4529
2173484;916
2173485;916
2173463;1501
2173465;1501
2173770;2233
2173809;4759
2173801;4761
2173520;204
2173523;204
2173514;412
2173516;412
2173808;2339
2173411;3592
2173801;3038
2174416;4629
2174446;4629
2174455;4629
2173380;751
2173381;751
2173617;1879
2173618;1879
2173407;2160
2173577;1377
2173584;1377
2173589;1377
2173778;1377
2173479;2573
2173376;694
2173377;694
2174045;2703
2174354;4201
2174374;4201
2173520;3846
2173542;4386
2173886;2829
2173623;2614
2174354;2614
2173507;4354
2173693;4354
2173694;4354
2173696;4354
2173849;4354
2173849;1789
2174334;199
2174295;14284
2174296;14284
2173897;2445
2173801;2362
2173752;2317
2173757;2317
2173440;3569
2173439;4468
2173440;4468
2174235;4468
2174339;4468
2174349;4468
2173371;269
2173549;269
2173680;13315
2173681;13315
2173514;168
2173516;168
2173517;168
2173516;169
2173549;239
2173853;1591
2173550;1790
2173520;31
2173521;31
2173522;31
2173526;31
2173560;1104
2173561;1104
2173562;1104
2173563;1104
2173734;703
2173736;703
2173873;8022
2173577;768
2173581;768
2173582;768
2173881;2262
2173807;12548
2174334;142
2173454;1637
2174355;1637
2174391;1637
2174393;1637
2174428;1637
2173486;1029
2173765;1252
2173742;2036
2173743;2036
2173713;572
2173981;1422
2174139;1422
2174143;1422
2173802;6756
2173862;1613
2173407;2761
2173905;6845
2173730;3284
2173820;3284
2173563;528
2173504;4518
2173507;4518
2173802;1429
2173582;1192
2173584;1192
2173417;2032
2173418;2032
2173420;2032
2173540;2032
2173836;2032
2173561;1364
2173562;1364
2173784;1722
2173859;6942
2173860;6942
2173549;621
2173852;1736
2173503;1049
2173507;1049
2173849;1049
2173504;2275
2173637;2563
2173638;2563
2174045;2144
2173616;7020
2173617;7020
2173618;7020
2173619;7020
2173387;2051
2173496;2652
2173497;2652
2173618;2652
2173619;2652
2173485;1655
2173479;246
2173795;246
2174362;4889
2173425;2669
2173742;780
2173865;6774
2173479;2572
2173529;1795
2173777;1363
2173560;3201
2173561;3201
2174362;905
2174365;905
2173503;1005
2173506;1005
2173507;1005
2173881;6848
2173617;691
2173649;691
2173855;4136
2174336;2854
2174337;2854
2173463;9662
2173465;9662
2174314;9662
2173672;9423
2173674;9423
2173730;3285
2173866;2367
2173623;1392
2173802;1392
2174106;1392
2174107;1392
2173799;3642
2173479;2117
2173380;2431
2173890;4022
2174424;2123
2173610;1394
2173575;62
2173577;62
2173730;237
2173581;3175
2173584;3175
2173778;3175
2174377;1257
2174385;1257
2174403;1257
2174381;5626
2173454;570
2173455;570
2174435;14265
2173376;10
2174336;914
2174337;914
2173550;135
2173861;1823
2173862;1823
2173743;4121
2173890;2056
2173596;1925
2173367;1053
2173398;2180
2173743;2180
2173618;3253
2173537;2697
2173749;1127
2173850;2935
2173406;238
2173411;3069
2173412;3069
2173542;1929
2173406;346
2173638;2382
2173896;2382
2173491;370
2173492;370
2173786;1515
2173851;1515
2173852;1515
2173371;1931
2173902;4144
2173560;12787
2173562;12787
2173491;790
2173853;999
2173577;1404
2173581;1404
2173584;1404
2173406;301
2173407;301
2174251;301
2174366;2608
2174367;2608
2174368;2608
2174369;2608
2174387;2608
2174396;2608
2174409;2608
2174411;2608
2173610;3954
2173796;4274
2173882;2294
2173719;1549
2173820;1549
2173617;2107
2173619;2107
2173795;5590
2173529;4473
2173874;1258
2173786;3295
2173787;3295
2173809;1149
2173785;600
2173371;1175
2173468;377
2173470;377
2173748;377
2173870;4653
2173871;4653
2173872;4653
2173584;3706
2173787;3706
2173788;3706
2173752;1265
2173757;1265
2173514;3751
2173517;3751
2173406;1966
2173407;1966
2173892;4278
2173899;4278
2173865;1672
2173514;2699
2173517;2699
2173580;2699
2173581;2699
2173582;2699
2173478;1027
2174409;2629
2173407;2159
2173792;11307
2173690;13285
2173691;13285
2173693;13285
2173865;41
2173748;2594
2173440;13302
2173765;2224
2173743;2623
2174109;2623
2174362;2623
2174365;2623
2173383;1164
2173851;1715
2173537;683
2173540;683
2173896;399
2173407;1936
2174216;1936
2174235;1936
2174336;1936
2173486;2066
2173851;480
2173852;480
2173701;392
2173776;472
2173616;7029
2173619;7029
2173795;927
2173795;4287
2173796;4287
2173797;4287
2173773;789
2173827;9929
2173503;1641
2173506;1641
2173752;1641
2173765;1641
2173808;1298
2173472;1956
2173377;2065
2173633;2065
2173634;2065
2173636;2065
2173638;2065
2174180;12390
2173596;3348
2173522;1869
2173526;1869
2173719;3199
2173862;1530
2173479;807
2174259;33
2174416;33
2174446;33
2174459;33
2173537;50
2173465;1696
2173516;304
2173486;2871
2173719;3781
2173784;3076
2173836;2058
2173533;1841
2173527;3922
2173529;3922
2173532;3922
2173784;2794
2173788;2794
2173387;13300
2173447;13300
2173690;13300
2173697;13300
2173540;1282
2173560;1282
2173989;1514
2173376;9956
2173412;252
2173581;252
2173582;252
2173584;252
2173851;252
2173852;252
2173529;1518
2173530;1518
2173532;1518
2173533;1518
2173411;1660
2173414;1660
2173858;1660
2173859;1660
2173860;1660
2173417;1755
2173422;1755
2173565;1755
2173787;1755
2173846;1755
2173861;1755
2174233;2676
2174298;2676
2174326;2676
2174346;2676
2173862;1425
2173537;1537
2173546;1307
2173542;85
2173546;85
2173719;1460
2173820;1460
2173417;1754
2173418;1754
2173780;1312
2173790;1654
2173861;1654
2173478;874
2173780;2127
2173414;2743
2173787;2042
2174134;11789
2174151;11789
2174430;2567
2174243;2570
2174360;2570
2174384;2570
2174391;13929
2174425;13929
2173858;6806
2173773;4481
2173534;513
2173584;3716
2173820;1308
2173581;2028
2173853;2028
2173790;1304
2173837;1304
2173838;1304
2173793;3075
2173857;4440
2173858;4440
2173860;4440
2173784;1249
2173791;3057
2173562;1405
2173565;1405
2173853;1216
2173560;12786
2173565;12786
2174457;2363
2174461;2363
2173890;3589
2173806;2053
2173546;2864
2173713;2864
2173730;2864
2173859;1649
2173860;1649
2173859;1582
2173875;1218
2173878;1218
2173680;1126
2174385;4017
2173455;4204
2173734;1807
2173735;1807
2173736;1807
2173406;865
2174252;8901
2173734;51
2173398;2867
2173455;2867
2174354;2917
2174359;2917
2173988;4921
2174391;4921
2174397;4921
2173455;2079
2173764;3373
2173387;2217
2173465;2565
2173649;2565
2173418;1694
2173420;1694
2173850;3488
2173799;4280
2173800;4280
2173779;1452
2173802;3428
2173857;1428
2173859;1428
2173860;1428
2173411;1551
2173414;1551
2173779;1487
2173875;1487
2173876;1487
2173581;1674
2173790;883
2173792;883
2173484;338
2173485;338
2173803;1665
2173542;686
2173891;990
2173412;1845
2173584;1845
2173793;1845
2173804;3151
2173581;254
2173584;254
2173803;1656
2173411;1523
2173414;1523
2173858;1523
2173860;1523
2173725;3784
2173780;3468
2173860;1615
2173417;1774
2173418;1774
2173420;1774
2173465;1701
2173849;1775
2173584;1653
2173860;3082
2173411;336
2173414;336
2173581;12785
2173455;2005
2173584;1798
2173849;1697
2173849;389
2173565;1717
2173835;1717
2173851;1717
2173852;1717
2173851;1734
2173582;12967
2173584;12967
2173835;6799
2173562;7010
2173565;7010
2173468;1356
2173820;2901
2173784;10909
2173862;10909
2173478;4591
2173514;1443
2173517;1443
2173680;1443
2173681;1443
2173584;1666
2173517;10601
2173484;2872
2173485;2872
2173788;2074
2173414;1664
2173455;1735
2173412;1650
2173562;3091
2173581;1661
2173784;1554
2173785;1554
2173562;3727
2173565;1803
2173581;1753
2173584;1753
2173417;3599
2173803;2406
2173804;4675
2174067;3263
2173407;1935
2174312;1935
2174313;1935
2174336;1935
2174349;1935
2173422;1780
2173784;7015
2173417;1788
2173420;1778
2174341;1007
2173792;6932
2173793;6932
2173794;6932
2173565;2936
2173420;3593
2173530;568
2173412;1383
2173546;1383
2173838;1383
2173530;1802
2173850;3166
2173581;1520
2173412;3288
2173851;3288
2173852;3288
2173418;265
2173853;265
2173507;1064
2173561;1064
2174143;1064
2173562;71
2173565;71
2173862;71
2173734;1633
2173735;1633
2173737;1809
2173874;14207
2173738;213
2173802;213
2173738;1817
2173737;1568
2173738;1568
2173879;3362
2173780;1548
2173875;1052
2173850;3950
2173862;6887
2173565;6966
2173562;1781
2173790;2138
2173794;2138
2173719;1459
2173820;1459
2173725;3281
2173514;1730
2173516;1730
2173517;1730
2173561;612
2173565;612
2173680;2578
2173826;9924
2173827;9924
2173367;1982
2173681;13293
2173533;380
2173526;935
2173468;3000
2174102;3000
2174294;3000
2174305;3000
2174138;4576
2174141;4576
2174145;4576
2174153;4576
2174154;4576
2174440;4576
2173412;4335
2173414;4335
2173581;4335
2173790;2063
2173792;2063
2173793;2063
2173857;2063
2173858;2063
2173860;2063
2173858;1864
2173859;1864
2173503;4513
2174143;4513
2173791;1542
2173792;1542
2173857;1847
2173859;1847
2173860;1847
2174049;4760
2174180;4760
2174189;4760
2174139;2881
2173507;3757
2174142;3757
2174361;13107
2174146;4503
2174154;12793
2173849;14050
2173857;1880
2173858;1880
2173849;481
2173371;1032
2173795;1032
2173797;1032
2174052;1032
2174107;1032
2174173;1032
2174176;1032
2174190;1032
2174193;1032
2173381;1375
2173514;864
2173516;864
2174109;1888
2174409;14304
2174442;14304
2174443;14304
2173465;565
2173533;99
2173616;2550
2173617;2550
2173857;2148
2173859;2148
2173860;2148
2174375;1562
2174384;1562
2174391;1562
2173735;427
2173520;8442
2173522;8442
2173523;8442
2173525;8442
2173526;8442
2174109;4892
2174362;4892
2174365;4892
2173596;1329
2173623;2708
2173550;274
2174339;1344
2173681;1473
2173681;1899
2173735;11348
2173680;13334
2173734;13334
2173735;13334
2173736;13334
2173681;1901
2173735;1901
2173736;1901
2173398;2679
2173681;218
2173455;3742
2173575;3742
2173577;3742
2173580;3742
2173486;1510
2173610;3579
2173484;439
2173800;889
2174237;12611
2173485;498
2173486;498
2173503;6855
2173506;6855
2173507;6855
2173764;6855
2173765;6855
2174213;11275
2174337;11275
2174343;11275
2173537;3304
2173725;3304
2173730;3304
2173523;374
2173517;278
2174258;2373
2174259;2373
2174446;2373
2174458;2373
2173580;3588
2173582;3588
2173584;3588
2173589;3588
2173710;3588
2173748;3588
2173757;2232
2173549;3
2173898;250
2173497;583
2173757;402
2173540;2442
2173736;1248
2173864;57
2173743;101
2173582;1065
2173776;995
2173691;4749
2173693;4749
2173881;1072
2173565;1752
2173862;1752
2173770;2229
2173882;7034
2173881;8621
2173902;2348
2173758;1330
2173769;1330
2173486;2574
2173849;819
2173546;1254
2173791;3507
2173792;3507
2173794;3507
2173439;306
2173981;306
2173485;2834
2173802;1945
2173523;575
2173367;295
2173865;537
2173864;1028
2173882;2260
2173891;6856
2173752;4697
2173757;4697
2173855;1183
2173580;1158
2173589;1158
2173832;4126
2173876;1743
2173503;2870
2173507;2870
2173387;2220
2173513;2241
2174334;434
2173527;4540
2173530;4540
2173532;4540
2173533;4540
2173534;4540
2173516;32
2173520;1227
2173526;1227
2173645;2782
2173649;6948
2173650;6948
2173634;3798
2173637;3798
2173479;2639
2173507;2639
2173738;2125
2173633;1315
2173635;1315
2173636;1315
2173637;1315
2173680;13295
2173418;1012
2173525;1012
2173526;1012
2173694;1012
2173697;1012
2173837;12545
2173497;526
2173898;4663
2173743;2591
2173752;39
2173882;2321
2174233;2321
2174303;2321
2174335;2321
2174340;2321
2173484;1066
2173486;1066
2173407;8743
2173730;1571
2173497;454
2173749;454
2173869;4293
2173870;4293
2173871;4293
2173803;2412
2173804;2412
2173479;947
2173584;1799
2173849;1799
2173381;283
2173757;7014
2173550;321
2173850;466
2173565;973
2173853;973
2173900;2185
2173719;1720
2173890;764
2173853;926
2173371;1601
2173828;1601
2173516;2197
2173503;2322
2173506;2322
2174453;1597
2174456;1597
2174461;1597
2173496;226
2174424;226
2174451;4617
2173406;2341
2173773;2341
2173873;2926
2173563;3201
2173511;3544
2173881;3544
2173839;9724
2173496;559
2173560;1401
2173562;1401
2173564;1401
2173896;1121
2173713;445
2173855;445
2173674;9384
2173807;2301
2173463;4249
2173580;37
2173581;37
2173584;37
2173507;279
2173465;959
2173441;1256
2173710;4409
2174045;13807
2173610;2866
2173707;2866
2173758;2385
2173371;1103
2173693;13294
2173694;13294
2173697;13294
2173411;654
2173412;654
2173537;654
2173680;654
2173463;974
2173881;745
2173530;1373
2173533;1373
2173534;1373
2173454;986
2173890;986
2173713;1533
2173855;4317
2173659;520
2173777;2318
2173497;2632
2173810;2507
2173383;2060
2173440;1900
2173441;1900
2173735;1900
2173736;1900
2173773;594
2173903;594
2173439;1471
2173561;1171
2173565;1171
2173777;1171
2174105;2635
2173440;89
2173852;982
2173562;1079
2173563;1079
2173979;1876
2174362;1876
2173798;14
2173799;14
2174173;8338
2174176;8338
2174183;8338
2174190;8338
2173562;1409
2174447;636
2174450;636
2174456;636
2174457;636
2174237;2616
2173546;496
2173890;1598
2173486;383
2173425;3443
2174417;280
2174447;280
2174451;280
2174453;280
2174456;280
2173516;2196
2173748;597
2174356;3720
2173779;3872
2173831;3872
2173532;1242
2173537;4048
2173680;4048
2173398;4470
2174236;4470
2174307;4470
2173798;420
2173371;11222
2173688;11222
2173690;11222
2173693;11222
2173694;11222
2173406;1632
2173407;1632
2174252;1632
2174336;777
2174337;777
2173478;1084
2173743;1037
2173748;560
2173463;1200
2173465;1200
2173618;1200
2173619;1200
2173367;1214
2173537;1251
2173540;1251
2173380;2049
2173381;2049
2173645;2049
2173646;2049
2173649;6893
2173619;2086
2173867;14168
2173454;2615
2173455;2615
2173377;899
2173863;3232
2173414;3482
2173734;1627
2173472;100
2173882;3973
2173387;2283
2173367;1157
2173736;1157
2173425;2656
2173810;12549
2173418;632
2173417;2715
2173420;2715
2173371;1992
2173383;2877
2173590;2293
2174370;538
2174374;538
2173796;1129
2173618;905
2173852;2058
2173832;1539
2173446;1153
2173694;1153
2173853;1544
2173517;11615
2174179;11615
2174192;11615
2174193;11615
2174283;11615
2173550;8483
2173850;8483
2173496;2610
2173851;814
2173725;3228
2173582;856
2173864;563
2173773;2110
2173891;1237
2173367;1238
2173758;6729
2173865;3942
2173645;9865
2173646;9865
2173899;9865
2173647;3134
2173648;3134
2173898;3134
2173903;567
2173507;461
2174328;170
2173383;2253
2173511;543
2173516;543
2173420;1054
2173743;2824
2173516;305
2173527;305
2174183;305
2173513;6833
2173514;6833
2173516;6833
2173517;6833
2173769;6833
2173770;6833
2173881;6833
2173525;4475
2173748;2093
2173749;2093
2173582;147
2173584;147
2173584;1407
2173707;486
2173463;1016
2173465;1016
2173900;6866
2174409;14264
2174442;14264
2173412;3066
2173850;1783
2174072;3515
2174082;3515
2174090;3515
2174145;3515
2174149;3515
2173785;3505
2173787;3505
2173478;499
2173795;499
2174447;1144
2173688;13330
2173697;13330
2173562;1293
2173565;1293
2173836;1293
2173605;3193
2173826;6829
2173827;6829
2173534;1015
2173852;1015
2173748;2094
2173367;712
2173793;1580
2173734;13470
2173735;13470
2173736;13470
2173786;3297
2173788;3297
2173537;891
2173414;155
2173836;155
2174252;2103
2174368;2103
2173381;2360
2173752;6721
2173757;6721
2173809;4154
2173387;129
2173516;129
2173649;2416
2173779;2416
2173633;2055
2173635;2055
2173636;2055
2173637;2055
2174428;2055
2173577;4621
2173891;825
2173737;12326
2173795;678
2173417;1800
2173418;1800
2173560;1800
2173565;1800
2173850;1800
2173853;1800
2173529;200
2173532;200
2173874;3192
2173882;1958
2173584;1324
2173851;1714
2173764;20
2173858;6804
2173418;1764
2173420;1764
2173807;4402
2173808;4402
2173616;343
2173617;343
2173618;343
2173791;1458
2173542;1605
2173546;1605
2173820;1605
2173674;11612
2173780;3549
2173417;714
2173422;714
2173846;714
2173638;933
2173590;3350
2173529;2700
2173533;2700
2173616;1322
2173617;1322
2173619;1322
2173616;2216
2173617;2216
2173618;2216
2173882;2216
2173868;2146
2173577;2649
2173582;2649
2173589;2649
2174236;1920
2174237;1920
2174348;1920
2173447;13322
2173688;13322
2174295;13322
2174298;13322
2174307;13322
2173397;785
2173398;785
2173492;785
2173446;1921
2174236;1921
2174304;1921
2174335;1921
2174338;1921
2173446;1197
2173422;1206
2173690;13338
2173694;13338
2173537;980
2173540;980
2173542;2811
2173856;1350
2173688;13286
2173691;13286
2173693;13286
2173503;1932
2173507;1932
2173407;2847
2174215;2847
2174312;2847
2174235;11283
2174337;1770
2174216;404
2174235;404
2174339;404
2174334;395
2174335;395
2174348;395
2174296;6742
2174303;6742
2174338;1940
2174348;1940
2173472;1955
2173809;4734
2173882;4734
2173748;12831
2173383;643
2173406;829
2173407;829
2173465;829
2174251;829
2174362;829
2174363;829
2174368;829
2174369;829
2174435;829
2173497;1386
2173465;1962
2174362;1962
2174366;1962
2174369;1962
2174403;1962
2174405;1962
2174435;1962
2173407;1415
2173496;1415
2174325;2907
2174336;2907
2174337;2907
2173418;4239
2173707;2467
2174212;2467
2174216;2467
2174336;2467
2174353;2467
2174213;1482
2174215;1482
2174271;1482
2174331;1482
2174336;1482
2174347;1482
2173623;1357
2173773;1357
2174234;4817
2174334;4817
2174346;4817
2174236;12617
2174237;12617
2174298;12617
2173367;60
2173826;6739
2173827;6739
2173800;6803
2174098;4902
2173367;929
2174099;4219
2174101;4219
2174173;4219
2174183;4219
2173829;6793
2173828;6830
2173829;6830
2173773;12606
2173497;3812
2173407;2764
2173903;8801
2173773;2167
2173725;1687
2173546;297
2173398;267
2173900;267
2173776;3055
2173809;3055
2173783;6923
2173659;2501
2173722;368
2173623;2115
2173748;2115
2173470;634
2173749;796
2173537;1369
2173838;2349
2173853;2349
2173757;1327
2173773;2468
2174233;2468
2174295;2468
2174303;2468
2174335;2468
2173540;718
2173836;5586
2173850;5586
2173722;1606
2173743;1317
2174149;6945
2174275;6945
2173412;3496
2173843;3496
2173616;2750
2173618;2750
2173619;2750
2174265;4454
2174417;4454
2174463;4454
2173496;4636
2173523;6999
2173520;12566
2173784;1777
2173788;1777
2173616;2627
2173448;3557
2174185;3516
2174186;3516
2174279;3516
2173380;1118
2173646;1118
2173647;1118
2173650;1118
2174369;2135
2174377;2135
2174385;2135
2174403;2135
2173804;2688
2174428;2688
2173633;3307
2173635;3307
2173636;3307
2173637;3307
2173890;4666
2173734;7383
2173735;7383
2173736;7383
2173835;6800
2173836;6745
2173851;917
2173852;917
2173853;1578
2173881;906
2173840;9750
2173397;2166
2173793;1851
2173858;1851
2173843;6967
2173637;739
2173380;1370
2173646;1370
2173647;1370
2173896;2516
2173892;5339
2173893;5339
2173784;471
2173787;471
2173858;471
2173803;245
2173637;4000
2173638;4000
2173454;4361
2173865;3405
2173633;2379
2173634;2379
2173637;2379
2173638;2379
2174361;1881
2174384;1881
2174430;1881
2173616;2559
2173619;2559
2173868;2559
2173735;4726
2173486;3433
2173618;7434
2173748;3961
2173610;2255
2173463;4345
2173425;3049
2173871;14107
2174435;14107
2173616;786
2173618;786
2173710;1376
2173773;1376
2173580;429
2173589;429
2173778;429
2173748;382
2173479;2150
2174447;625
2174417;4466
2173496;1387
2174265;2121
2174424;2121
2174447;2121
2174453;2121
2173780;2281
2173879;2281
2173880;2281
2173804;1342
2173633;3147
2173635;3147
2173646;3148
2173647;3148
2173648;3148
2173779;1604
2173805;1604
2173791;3506
2173793;3506
2173794;3506
2173504;483
2173511;2238
2173513;2238
2173742;3637
2173465;1643
2173618;1643
2174045;1643
2173867;1614
2173868;1614
2173868;5361
2173857;2075
2173858;2075
2173478;667
2173406;405
2173407;405
2173407;240
2173749;240
2173406;800
2173407;800
2173406;2001
2173406;878
2173901;878
2174362;878
2173904;4011
2173902;2338
2173397;75
2173397;388
2174395;3198
2173398;2173
2173900;2173
2173398;2178
2173398;1160
2173902;1160
2173900;2184
2173882;2310
2173511;3290
2173516;3290
2173769;2237
2173610;3390
2173513;2192
2173517;2192
2173511;522
2173770;522
2173881;522
2173516;332
2173516;640
2173981;1472
2173479;574
2173503;309
2173507;309
2173886;309
2173507;744
2173882;622
2173387;2214
2173387;1435
2173504;1146
2173506;1146
2173507;1146
2173504;1115
2173506;1115
2173770;2235
2173765;2227
2173769;2227
2173765;2228
2173769;2228
2173764;458
2173757;2097
2173769;352
2173769;1133
2173511;290
2173516;290
2173517;290
2173513;2142
2173514;2142
2173517;2142
2173513;2239
2173514;2239
2173517;2239
2173383;2244
2173383;1162
2173383;2247
2173752;2286
2173605;2022
2173776;6939
2173882;6776
2173516;6854
2173503;2265
2173881;2265
2173605;1325
2173507;1021
2173765;1021
2173383;587
2173511;2264
2173514;2264
2173514;2276
2173516;2276
2173517;2276
2173765;507
2173780;3467
2173511;1272
2173514;1272
2173752;3520
2173752;2285
2173514;3367
2173516;3367
2173517;3367
2173770;3367
2173417;1630
2173809;1291
2173810;1291
2173773;4700
2173701;7305
2173742;6794
2173827;6903
2173897;5378
2173798;3400
2173890;6761
2173618;5381
2174296;14291
2173897;5492
2173890;5282
2173881;8622
2174313;14270
2173623;5346
2173840;9735
2173882;7408
2173371;7753
2173961;7753
2173881;6844
2173638;7295
2173371;1835
2173565;10147
2173795;3395
2174173;10544
2174179;10544
2174190;10544
2173859;8003
2173795;6986
2173691;13296
2173693;13296
2173697;13296
2173671;9414
2173870;3480
2173871;3480
2173623;7033
2173743;9847
2173414;2827
2173371;11049
2173796;5336
2173605;10223
2174134;11784
2173798;5366
2173799;5366
2174424;14250
2173855;13311
2173879;5722
2173886;8170
2173886;8171
2173503;8441
2173549;8441
2173849;8441
2174138;8441
2174139;8441
2174142;8441
2174145;8441
2174154;8441
2174361;8441
2173935;10364
2173953;12909
2174395;8721
2174397;8721
2173596;8761
2173801;12551
2173367;11895
2173659;11896
2173661;11896
2173662;11896
2174435;14267
2174305;11894
2174141;12392
2174180;12398
2174134;11891
2173425;11887
2173850;12156
2173809;12537
2173810;12537
2173769;14227
2173770;14227
2173734;11229
2174180;12396
2173522;13474
2173526;12565
2173921;13108
2174192;12892
2174193;12892
2174154;12893
2173748;12830
2173428;12829
2173887;12829
2173560;12965
2173562;12965
2173418;13265
2173367;13171
2173691;13314
2173696;13314
2174296;14091
2174298;14091
2174303;14091
2174307;14091
2173690;13310
2173693;13310
2173694;13310
2173696;13310
2173447;13301
2173693;13301
2173696;13301
2173697;13301
2173492;13230
2173484;13319
2173486;13319
2173618;13319
2173839;13319
2173446;13316
2173693;13316
2173738;13316
2173580;13361
2173584;13361
2173696;13361
2173446;13325
2173691;13325
2173696;13325
2173691;13307
2173697;13307
2173691;13326
2173561;13303
2173562;13303
2173563;13303
2173564;13303
2173565;13303
2173680;13303
2173440;13287
2173441;13289
2173734;13289
2173735;13289
2173736;13289
2173691;13288
2173680;13312
2173681;13312
2173694;13321
2173387;13866
2174143;13865
2174154;13865
2174439;13865
2173871;14165
2173867;14166
2173868;14166
2173691;13811
2173693;13811
2173486;13465
2173820;13565
2173867;14167
2173870;14167
2173735;14105
2174430;14105
2173882;14226
2173743;14025
2173850;11666
2173514;11673
2174174;11673
2174176;11673
2174179;11673
2174180;11673
2174182;11673
2174193;11673
2174283;11673
2174396;11673
2174417;11673
2174442;11673
2174443;11673
2173503;11668
2174105;11668
2174138;11668
2174154;11668
2174275;11668
2174397;11668
2173514;11667
2174109;11667
2174177;11667
2174183;11667
2174184;11667
2174193;11667
2174443;11667
2174424;14293
2174369;11903
2173780;12216
2173832;12216
2173779;12215
2173831;12215
2173892;7357
2173895;7378
2174139;7382
2173757;7379
2173758;7303
2173981;8345
2174142;8345
2174151;8345
2174154;8345
2174440;8345
2174142;9439
2174146;9439
2174440;9439
2174442;14287
2174106;8334
2174108;8334
2174109;8334
2174183;8334
2174185;8334
2174192;8334
2173387;13337
2173470;9349
2173662;9349
2173987;9349
2173781;7367
2174054;7353
2174105;7353
2174153;7353
2174440;7353
2173981;8349
2174055;7395
2174180;7395
2174192;7395
2174055;7319
2174109;7319
2174104;7392
2174153;7392
2173884;7340
2173884;7399
2174236;12607
2174314;7322
2173887;7416
2173887;7418
2173886;8184
2174440;14290
2174138;8348
2174139;8348
2174151;8348
2174154;8348
2173886;7368
2173704;7317
2174059;8347
2174176;8347
2174183;8347
2174189;8347
2174071;8881
2173886;7336
2174142;7347
2174051;4832
2174056;4832
2174102;4832
2174439;4832
2173981;8350
2174139;8350
2174102;4834
2174103;4834
2174143;12395
2174151;12395
2174152;12395
2174439;12395
2174061;3780
2174107;3780
2174109;3780
2174177;8335
2174179;8335
2174182;8335
2174189;8335
2174190;8335
2174192;8335
2174193;8335
2174059;4833
2174109;4833
2173981;4841
2174104;4841
2174105;4841
2174141;4841
2174142;4841
2174152;4841
2174109;4835
2174180;4835
2174182;4835
2174189;4835
2174058;4846
2174060;4846
2174102;4846
2174152;4846
2174439;4846
2174109;4838
2174182;4838
2174183;4838
2174190;4838
2174061;4839
2174066;4850
2174102;4850
2174103;4850
2174104;4850
2174142;8351
2174154;8351
2174071;4840
2174068;4854
2174139;4854
2174141;13869
2174071;8882
2174189;8882
2174191;8882
2174065;4783
2174067;4783
2174107;4783
2174108;4783
2174109;4783
2174062;4857
2174138;4857
2174065;4851
2174069;4851
2174108;4851
2174109;4851
2174062;4858
2174066;4858
2174102;10425
2174104;10425
2174138;10425
2174141;10425
2174154;10425
2174065;1769
2174069;1769
2174062;3027
2174066;3027
2174180;12387
2174182;12387
2174111;3927
2174184;3927
2174185;3927
2174369;3927
2174074;4862
2174093;4862
2174072;4864
2174076;4864
2174092;4864
2174094;4864
2174102;4864
2174103;4864
2174104;4864
2174143;10466
2174275;10466
2174276;10466
2174077;4860
2174091;4860
2174108;4860
2174369;4860
2174073;3754
2174094;3754
2174104;3754
2174361;3754
2174074;3756
2174075;3756
2174077;3756
2174107;3756
2174108;3756
2174179;3756
2174283;3756
2174369;3756
2174435;3756
2174076;3272
2174094;3272
2174102;3272
2174104;3272
2174143;3272
2174146;3272
2174275;3272
2174361;3272
2174430;3272
2174075;4875
2174087;4875
2174093;4875
2174107;4875
2174182;4875
2174187;4875
2174283;4875
2174435;4875
2174276;12389
2174430;12389
2174073;4879
2174086;4879
2174075;3340
2174087;3340
2174107;3340
2174081;3273
2174179;3273
2174080;4874
2174090;4874
2174074;4871
2174079;4871
2174081;4871
2174183;4871
2174186;4871
2174072;3775
2174080;3775
2174090;3775
2174102;3775
2174141;3775
2174145;3775
2174275;3775
2174075;3274
2174093;3274
2174107;3274
2174182;3274
2174187;3274
2174435;3274
2174086;4868
2174092;4868
2174103;4868
2174142;4868
2174146;4868
2174148;4868
2174430;4868
2174075;4867
2174087;4867
2174089;4867
2174107;4867
2174089;4878
2174073;3337
2174086;3337
2174325;3159
2174356;652
2174078;3789
2174104;3789
2174356;4883
2174389;3006
2174364;4888
2174389;4888
2174295;4796
2174296;4796
2174297;4796
2174310;4796
2174334;4796
2174335;4796
2174235;4890
2174294;4890
2174336;4890
2174109;4038
2174236;1380
2174334;1380
2174352;1380
2174349;10268
2174236;4893
2174237;4893
2174296;4893
2174334;4893
2174349;4893
2174350;10282
2174336;4895
2174337;4895
2174353;4895
2174312;3185
2174362;1101
2174363;1101
2174382;4903
2174387;4903
2174369;4057
2174376;4057
2174377;4057
2174383;4057
2174436;4057
2174358;4905
2174359;4905
2174354;362
2174355;362
2174374;362
2174378;362
2174098;3354
2174103;3354
2174151;3354
2174154;3354
2174355;438
2174359;2606
2174386;2606
2174374;4899
2174430;4922
2174100;4232
2174102;4232
2174096;4906
2174098;4906
2174102;4906
2174356;3007
2174388;4578
2174362;2914
2174424;2914
2174215;3042
2174341;3042
2174347;3042
2174335;4917
2174340;4917
2174307;4366
2174416;14286
2174251;1964
2174362;1964
2174368;1964
2174369;1964
2174355;2908
2174387;2908
2174395;2908
2174446;2908
2174243;3188
2173454;4483
2173850;1281
2173849;860
2173560;1826
2173793;1827
2173784;11385
2173790;12154
2173793;12154
2173866;2390
2173734;3848
2173735;3848
2173736;3848
2173737;3841
2173738;3841
2173734;2959
2173735;2959
2173523;3305
2173525;3305
2173965;12910
2173371;752
2173671;752
2174215;752
2174216;752
2174349;2980
2174338;2821
2174328;1784
2174213;1971
2174314;1971
2174337;1971
2174345;1971
2174234;4814
2174296;4814
2174298;4814
2174314;14271
2174235;3205
2174287;3205
2174339;3205
2174353;3205
2173454;4140
2173455;4140
2174359;4886
2174360;4886
2174368;4909
2174102;4920
2174104;4920
2174294;14092
2173468;2843
2173470;2843
2174142;2843
2174154;2843
2174294;2843
2174305;2843
2173898;4288
2174066;3012
2173743;610
2173468;3735
2173470;3735
2173468;3031
2174342;4819
2174216;3194
2174328;3194
2174336;3194
2174337;3194
2174461;626
2173617;3050
2173618;3050
2173623;3047
2173428;292
2173616;292
2173617;292
2173618;292
2173619;292
2173496;2968
2173903;2003
2173809;3657
2173784;815
2173786;815
2173412;1706
2173584;1706
2173418;3065
2173420;3065
2173846;3065
2173422;3068
2173412;3064
2173420;1314
2173414;1201
2173843;1201
2173417;4334
2173788;1738
2173793;3298
2173790;1579
2173791;1579
2173784;1584
2173414;3595
2173861;1682
2173857;8281
2173857;7905
2173858;7905
2173859;1607
2173565;3446
2173584;3445
2173635;3483
2173803;2077
2173795;809
2173797;809
2173798;1014
2173638;4008
2173647;3235
2173649;3235
2173898;3235
2173633;3112
2173636;3112
2173463;539
2174251;2452
2173803;3123
2173804;3123
2173805;3129
2173803;3126
2173596;813
2173880;813
2173442;4522
2174292;14088
2174304;14088
2174310;14088
2173875;8765
2173876;8765
2173440;3556
2173442;3556
2174288;3556
2174304;3556
2174310;3556
2174368;501
2174389;501
2174357;4764
2173623;12071
2173979;3734
2173987;3734
2174216;4030
2173463;1965
2174337;1965
2173783;2760
2173650;4330
2173454;6960
2173561;460
2173563;460
2173491;4364
2173580;4364
2173589;4364
2173891;1659
2173422;1331
2173411;1493
2173411;1739
2173902;2343
2173776;3550
2173764;9103
2173765;9103
2173472;4569
2174176;4569
2174180;4569
2174182;4569
2174183;4569
2174184;4569
2174185;4569
2174192;4569
2174193;4569
2174443;4569
2174106;3155
2174107;3155
2173798;3612
2173806;3612
2173799;616
2173800;616
2173803;3606
2173804;3606
2173605;7504
2174053;7393
2174108;7393
2173497;3052
2173496;3626
2173497;3626
2173491;3632
2173492;3632
2173497;3627
2173497;48
2173491;4756
2173496;4125
2173497;4125
2173748;4125
2173800;4723
2173809;2658
2173809;3216
2173764;3366
2173765;3366
2173810;4482
2173765;3656
2173769;1165
2173807;3054
2173903;3054
2173407;187
2173903;187
2173454;2100
2173880;4753
2173880;3667
2173903;7026
2173904;3674
2173902;3678
2173507;3697
2173580;3697
2173581;3697
2173582;3697
2173584;3697
2173397;2175
2173900;2175
2173411;3945
2173412;3945
2173537;3945
2173835;3945
2173590;6982
2173525;1190
2173590;3294
2173580;868
2173581;868
2173582;868
2173584;868
2173503;1933
2173507;1933
2173549;1933
2173565;1138
2173790;1138
2173792;1138
2173582;1710
2173810;7492
2173824;7492
2173825;7492
2173786;6763
2173788;6763
2173789;6763
2173584;3710
2173582;3062
2173584;3062
2173616;12069
2174364;503
2174424;10301
2174442;10301
2174443;10301
2174109;10867
2173486;9922
2173562;1757
2173565;3709
2173562;12968
2173468;3738
2173454;6755
2173577;2582
2173582;2582
2173584;2582
2173561;8985
2173564;8985
2173565;8985
2173575;7
2173581;7
2173584;7
2173589;7
2173691;1062
2173694;1062
2173681;1830
2174073;4866
2174092;4866
2174143;4866
2174145;4866
2174275;4866
2174276;4866
2174074;4863
2174075;4863
2174095;4863
2174369;4863
2174180;4560
2174182;4560
2174183;4560
2174279;4560
2174435;4560
2173521;2887
2173525;2887
2173497;3640
2173799;2195
2174182;3779
2174442;3779
2174074;4873
2174186;4873
2174188;4873
2174279;4873
2174282;4873
2174104;4885
2174141;3167
2174149;3167
2174275;3167
2174106;4828
2174108;4828
2174177;4828
2174180;4828
2174182;12426
2174189;12426
2173713;52
2173961;5422
2173725;11304
2173722;545
2174072;1208
2174141;1208
2174143;1208
2174275;1208
2174428;14253
2173890;571
2173802;3792
2173890;3792
2173891;3869
2173648;208
2173636;3102
2173638;3102
2173802;527
2173801;3804
2173802;3801
2173802;4134
2173492;2353
2173743;3028
2173748;11334
2173748;3824
2173748;4491
2173514;2892
2173507;4520
2173514;4516
2173645;3935
2173633;3554
2173634;3554
2173737;3849
2173738;3907
2173803;1276
2174428;1276
2174430;1276
2174384;2690
2174391;2690
2173520;1063
2173526;1063
2173891;3912
2173866;4648
2173871;4651
2173872;4651
2173891;4053
2174243;3980
2174397;11515
2174359;4898
2174387;4898
2173801;3590
2173891;3590
2173891;3142
2173831;3845
2173596;877
2173839;3947
2173809;2988
2173808;6927
2174283;14252
2174184;12427
2173862;6801
2173857;3085
2173862;4158
2173737;2397
2173638;485
2173618;747
2173650;747
2173868;747
2173734;2961
2173890;3850
2173891;3913
2173831;3870
2173530;4477
2174095;3924
2174184;8222
2174279;8222
2174282;8222
2174436;8222
2174106;3925
2174108;3925
2174111;3925
2174369;3925
2174145;4861
2173520;2962
2173521;2962
2173525;2962
2173634;3988
2173636;3988
2173634;3835
2173646;2787
2173647;2787
2173648;2787
2173516;869
2173560;4563
2173865;2444
2173417;3528
2173418;3528
2173837;3528
2173839;1890
2173529;6782
2174214;11162
2174303;11162
2173875;3363
2173610;4220
2174052;4226
2174101;4226
2174176;4226
2174190;4226
2173743;442
2173397;2646
2173491;2646
2174214;2646
2174292;2646
2174295;2646
2174307;2646
2174324;2646
2174334;2646
2173874;4384
2174109;3538
2174362;3538
2174409;3538
2174442;3538
2174357;9781
2173486;11650
2173417;4362
2174275;3498
2173546;1447
2174279;6837
2174214;8508
2174288;8508
2174292;8508
2174296;8508
2174303;8508
2174307;8508
2174311;8508
2173638;2780
2173722;1572
2173820;1572
2173861;3905
2173564;2651
2173742;2651
2173808;6933
2173799;7499
2173800;7499
2173617;489
2173801;489
2173648;3113
2173649;3113
2173899;3113
2173634;806
2173638;806
2173896;806
2173897;806
2173903;6846
2173704;7464
2173743;284
2173616;2704
2173618;2704
2173619;2704
2173649;2704
2174385;2704
2173455;13187
2174243;4203
2173465;4780
2173623;4780
2173638;4780
2174425;4780
2173890;3857
2174243;3857
2174395;3857
2174401;3857
2174430;3857
2173420;3944
2174375;4904
2174380;4904
2173422;4751
2173838;4751
2174287;1417
2174105;1042
2174357;1042
2173428;2874
2173743;7472
2173749;2823
2173886;2823
2174244;8922
2173691;223
2173681;4060
2174288;4060
2173920;14127
2173520;6944
2173412;4408
2173835;4408
2173925;6540
2173927;6540
2173891;3915
2173414;4205
2174252;4205
2174363;4205
2174387;4205
2174403;4205
2174409;4205
2174436;4205
2174325;4805
2174337;4805
2174314;14300
2174214;4066
2174295;4066
2174296;4066
2174298;4066
2174304;4066
2174310;4066
2174311;4066
2173681;13808
2174287;4058
2174294;4058
2174337;4058
2174214;3982
2174304;3982
2174322;4808
2174335;4808
2173534;1451
2173680;1451
2173562;4567
2173690;4564
2173581;13369
2173533;4068
2173645;2377
2173646;2377
2173650;2377
2173637;4725
2173911;4083
2173781;4094
2173781;4371
2173827;9946
2173783;4105
2173781;4142
2173781;4106
2173826;8566
2173828;8582
2173783;180
2173463;4757
2173465;4757
2173496;4757
2173832;4709
2173478;758
2173781;758
2173802;758
2174104;4825
2174152;12434
2173605;8924
2173743;3809
2173801;3809
2173855;4574
2173454;4348
2173455;4348
2173903;7487
2173463;2995
2173465;2995
2173781;4101
2173827;4101
2173905;4146
2173899;4150
2173899;11003
2173807;4153
2173809;4656
2173810;4656
2173808;42
2173809;4152
2173810;4152
2173858;7044
2173859;7044
2173497;2766
2173463;6874
2173465;6874
2173454;2620
2173491;2620
2173636;10296
2173638;10296
2173516;977
2173529;977
2173530;977
2173534;977
2174244;737
2174355;737
2174374;737
2174395;737
2173781;4718
2173783;4194
2173411;2459
2173414;2459
2174376;2459
2174396;2459
2174405;2459
2174377;2705
2174383;2705
2173455;4018
2173619;4018
2173801;4018
2174252;4018
2174433;4018
2174435;4018
2173605;4247
2173646;3214
2173605;4212
2174103;1981
2174154;1981
2173610;3959
2174107;3959
2174179;3959
2173874;2564
2173463;3455
2174045;3455
2174190;617
2174101;4907
2173806;4641
2173537;3686
2174151;8337
2174154;8337
2173470;4208
2173463;4251
2173422;1631
2173898;4301
2173868;4306
2173870;4652
2173872;4652
2173867;4284
2173795;924
2173894;2511
2173895;2511
2173380;4279
2173795;2551
2173869;4265
2173870;4265
2173872;4265
2173899;2515
2173381;4310
2173377;4634
2173856;4575
2173856;834
2173856;4316
2173367;13328
2173411;3071
2173418;4336
2173562;4336
2173846;4336
2173411;4333
2173414;4333
2173582;4333
2173417;4337
2173783;4093
2173829;9948
2173514;1060
2173516;1060
2173850;1060
2173688;1867
2173694;1867
2173420;153
2173850;153
2173577;4390
2173589;4390
2174365;3572
2174395;7458
2173616;3722
2174409;3725
2174442;3725
2174443;3725
2173802;1626
2173837;4026
2173838;4026
2174391;4026
2174393;4026
2174430;4026
2174433;4207
2174106;4844
2174062;4852
2174064;4852
2174176;8352
2174180;8352
2174193;8352
2174442;8352
2173779;12220
2173484;9064
2174295;4797
2174296;4797
2174304;4797
2174310;4797
2174334;4797
2174296;14086
2174310;14086
2174320;4802
2174294;4798
2174321;4798
2174214;4804
2174324;4804
2174335;4804
2174323;3562
2174319;4800
2174297;11161
2174322;4807
2174322;4067
2174324;4067
2174334;4067
2174322;4810
2174292;4812
2174271;1480
2174337;1480
2173517;4519
2173428;3526
2173743;3526
2173517;94
2173875;3953
2173878;3953
2173779;653
2173414;1668
2173865;3420
2173463;145
2173764;59
2173406;3551
2173485;3971
2173783;3971
2173616;8174
2173796;8174
2173407;1004
2173780;1667
2173804;1667
2173534;3922
2173989;3922
2173786;2794
2173694;13300
2173417;1282
2173565;1282
2173850;1282
2173853;1282
2173529;1514
2173530;1514
2173550;778
2173377;9956
2173411;252
2173546;252
2173849;252
2173534;1518
2173550;1518
2173412;1660
2173562;1755
2173784;1755
2173785;1755
2173786;1755
2174236;2676
2174237;2676
2174268;2676
2174295;2676
2174303;2676
2174330;2676
2174335;2676
2173540;1537
2173713;1307
2173851;908
2174154;11789
2173463;2567
2174361;2570
2173738;1813
2173529;513
2173853;273
2173837;2028
2173857;1582
2173858;1582
2173876;1218
2173441;1126
2173779;1646
2174386;2917
2174243;4921
2174244;4921
2174393;4921
2173757;3373
2173776;2217
2174045;2565
2173422;1694
2173846;1694
2173880;1818
2173861;1286
2173862;1286
2173804;1665
2173582;1845
2173790;1845
2173411;3080
2173412;3080
2173414;3080
2173861;7460
2173780;3151
2173803;3151
2173412;1523
2173859;1523
2173581;985
2173582;985
2173584;985
2173861;779
2173387;300
2173659;9325
2173849;556
2173454;1708
2173857;1615
2173859;1615
2173584;1702
2173803;4662
2173846;1334
2173422;1774
2173470;1356
2173856;4728
2173786;10909
2173787;10909
2173479;4591
2173849;7630
2173850;1443
2173581;1666
2173454;1685
2173851;1535
2173831;303
2173849;1603
2173414;1650
2173565;3091
2173862;7461
2173584;1661
2173420;1490
2173422;1490
2173862;6817
2173417;1538
2173422;1538
2173861;1538
2173862;1538
2173788;1554
2173581;1761
2173857;1761
2173858;1761
2173859;1761
2173859;1563
2173860;1563
2173418;3599
2173420;3599
2173422;3599
2173581;1570
2173584;1570
2174065;3263
2173406;1935
2173707;1935
2174216;1935
2174337;1935
2174339;1935
2173440;547
2173786;7015
2173788;7015
2173418;1788
2173420;1788
2173422;1788
2173417;1778
2173418;1778
2173565;1825
2173560;1786
2173562;1786
2173850;1403
2174328;1007
2173560;2936
2173562;2936
2173418;3593
2173533;1802
2173534;1802
2173411;1520
2173412;1520
2173546;1520
2173581;3288
2173582;3288
2173417;265
2173420;265
2173560;265
2173565;265
2173850;265
2173503;1064
2173560;1064
2173562;1064
2174141;1064
2173529;3847
2173530;3847
2173533;3847
2173861;71
2173736;1633
2173737;2104
2173738;2104
2173737;213
2173876;1052
2173878;1052
2173722;3280
2173562;6966
2173560;1781
2173565;1781
2173791;2138
2173792;2138
2173537;1459
2173540;1459
2173680;1730
2173850;1730
2173562;612
2173563;612
2173564;612
2173514;1875
2173680;13293
2173522;935
2173523;935
2173470;3000
2174104;3000
2174135;4576
2174139;4576
2174142;4576
2174143;4576
2174146;4576
2174439;4576
2173507;4513
2173561;4513
2173562;4513
2174141;4513
2174142;4513
2173790;1542
2173793;1542
2173858;1847
2173791;1868
2174053;4760
2174108;4760
2174109;4760
2174182;4760
2174192;4760
2174442;4760
2173521;3757
2173525;3757
2174141;3757
2174275;4503
2174276;4503
2174430;4503
2174153;12793
2173549;14050
2173859;1880
2173860;1880
2173688;481
2173691;481
2173694;481
2173697;481
2173522;2041
2173523;2041
2174101;1032
2174106;1032
2173829;6832
2173791;1855
2173793;1855
2173380;1375
2173517;864
2174362;1888
2173681;13292
2173463;565
2173530;7565
2173522;99
2173618;2550
2173619;2550
2174360;1562
2174361;1562
2173734;427
2174428;14280
2173549;8442
2173979;7457
2173590;1294
2173549;1159
2174215;1344
2174235;1344
2173680;1899
2173736;709
2173680;1901
2173441;218
2173887;3174
2173406;2002
2173901;2002
2173484;1510
2173485;439
2173376;2168
2173377;2168
2173809;2493
2173799;889
2174236;12611
2173484;498
2173504;6855
2173882;6855
2174341;11275
2174347;11275
2173857;479
2173809;1491
2173863;1491
2173486;541
2173719;3304
2173820;3304
2173550;1217
2173520;374
2173525;374
2173526;374
2173514;278
2173516;278
2174464;2373
2173868;2147
2173428;2666
2173491;3588
2173581;3588
2173749;3588
2173808;2757
2173899;250
2173465;583
2173496;583
2173537;2442
2173713;2902
2173903;281
2173864;11024
2173902;1010
2173765;2231
2173575;1065
2173577;1065
2173589;1065
2173623;7430
2173694;4749
2173383;482
2173397;2348
2173865;256
2173590;3878
2173484;2574
2173463;324
2173793;3507
2173440;306
2173414;1255
2173484;2834
2173486;2834
2173367;784
2173533;7502
2173743;295
2173808;537
2173863;1028
2173590;2810
2173758;2303
2173650;7296
2173802;13786
2173371;1089
2173367;1246
2173549;476
2173514;1183
2173516;1183
2173582;1158
2173989;1158
2173780;4126
2173779;1743
2173878;1743
2173511;2241
2173514;2241
2173517;2241
2173863;6891
2173864;6891
2173765;904
2174335;434
2174338;4469
2174348;4469
2173387;2300
2173850;1796
2173522;1227
2173523;1227
2173748;644
2173646;2782
2173647;2782
2173633;3798
2173635;3798
2173779;3104
2173478;2639
2173737;2125
2173376;1315
2173377;1315
2173638;1315
2173398;1905
2173523;1012
2173542;1012
2174424;14272
2173895;6862
2173899;4663
2173757;39
2173810;2321
2174236;2321
2174346;2321
2173485;1066
2173406;2155
2173407;2155
2173406;454
2173872;4293
2173478;947
2173454;3636
2173455;3636
2173748;3823
2173852;1799
2173581;675
2173584;675
2173752;7014
2173417;466
2173540;466
2173560;973
2173562;973
2173820;1720
2173856;1720
2173549;2095
2173377;2084
2173550;1092
2173829;1601
2173517;2197
2173507;2322
2174265;1597
2174447;1597
2174457;1597
2174417;226
2173901;2341
2173903;2341
2173380;2599
2173743;2599
2173530;1795
2173533;1795
2173534;1795
2173758;918
2173722;992
2173659;9323
2173562;3201
2173513;3544
2173517;3544
2173770;3544
2173561;1401
2173563;1401
2173565;1401
2173605;1401
2173777;1401
2173470;3430
2173808;2301
2174371;2450
2174355;4900
2174372;4900
2173590;2291
2174393;14011
2173577;37
2173710;37
2173506;279
2173463;959
2173722;2033
2173773;2762
2173748;2018
2173550;1348
2173638;3908
2173871;3908
2173765;3370
2173496;112
2173497;112
2173802;112
2173748;1103
2173446;13294
2173696;13294
2173863;1215
2173851;654
2173852;654
2173529;1373
2173407;635
2173455;986
2173478;211
2173503;211
2173522;329
2173454;6
2173455;6
2173496;2632
2173748;851
2173546;4322
2173773;1564
2173680;1900
2173901;594
2173748;1987
2173903;746
2173784;3510
2173785;3510
2173440;1471
2173769;72
2174357;2635
2173439;89
2173743;98
2173465;1079
2173560;1079
2173561;1079
2174109;1876
2173565;1409
2173537;749
2173540;749
2174265;636
2174424;636
2174461;636
2173710;10945
2173491;2616
2173492;2616
2174236;2616
2174304;2616
2173542;496
2173420;3072
2173422;3072
2173846;3072
2173484;383
2173748;383
2173701;7422
2173886;7422
2173468;1199
2173470;1199
2173496;280
2174450;280
2174457;280
2174460;280
2174461;280
2173367;1978
2173514;2196
2173497;624
2174359;3570
2174360;3570
2174388;3570
2173533;1242
2173534;1242
2173852;1242
2173411;4048
2173412;4048
2173610;312
2173491;4470
2173492;4470
2173710;4470
2174304;4470
2173799;420
2173863;2539
2173864;2539
2173691;11222
2173697;11222
2173623;551
2173879;964
2173454;693
2173455;693
2173371;598
2173648;1273
2173649;1273
2173650;1273
2173680;13297
2173681;13297
2173479;1213
2173425;2662
2173616;1200
2173617;1200
2173901;1200
2174362;1200
2174365;1200
2173470;1214
2173826;1214
2173542;1512
2173546;1512
2173650;2049
2173650;6893
2173616;2086
2173617;2086
2173868;14168
2173743;1454
2173864;3232
2173802;1647
2173398;2177
2173468;1157
2173809;12549
2173422;632
2173846;632
2173540;2715
2173412;2038
2173890;631
2173890;781
2173808;1957
2173590;538
2174355;538
2174372;538
2174393;538
2174397;538
2174244;8921
2173376;2085
2173635;2085
2173637;2085
2173638;2085
2173619;905
2173742;905
2174109;905
2173779;1488
2173801;7021
2173504;1005
2173903;1565
2173616;691
2173618;691
2173650;691
2173867;691
2173540;2023
2173485;4787
2173407;9662
2174216;9662
2174235;9662
2174287;9662
2174312;9662
2173371;9423
2173619;2367
2174101;1392
2174176;1392
2174179;1392
2174183;1392
2174193;1392
2173798;3642
2173381;2431
2173623;2431
2173496;2123
2173497;2123
2173580;62
2173581;62
2173584;62
2173577;3175
2174252;1257
2174368;1257
2174369;1257
2174433;1257
2173865;1382
2173742;4121
2173902;818
2173617;3253
2173773;639
2173491;793
2173492;793
2173407;455
2173540;2697
2173623;1127
2173582;12789
2173407;238
2173635;2382
2173636;2382
2173479;1546
2173796;302
2173864;2537
2173880;2748
2173784;1515
2173730;3542
2173565;12787
2173849;3060
2173752;118
2173492;790
2173891;1536
2173580;1404
2173582;1404
2173778;1404
2173465;2608
2174362;2608
2174363;2608
2174435;2608
2173795;4274
2173610;2294
2173856;1549
2173605;1414
2173796;5590
2173779;125
2173533;4473
2173534;4473
2173737;1258
2173738;1258
2173784;3295
2173785;3295
2173788;3295
2173789;3295
2173810;1149
2173784;600
2173786;600
2173787;600
2173788;600
2173789;600
2173805;4446
2173581;3706
2173785;3706
2173398;1638
2173769;14231
2173770;14231
2173849;6728
2173893;4278
2173898;4278
2173865;894
2173406;2
2173546;373
2173875;3361
2173876;3361
2173901;2629
2174362;2629
2174365;2629
2174396;2629
2173808;4654
2173791;3074
2173793;3074
2173869;11287
2173872;11287
2173694;13285
2173696;13285
2173798;3111
2173799;3111
2173800;3111
2173889;6740
2173898;3022
2173441;13302
2173681;13302
2173659;2503
2173764;2224
2173618;2623
2173619;2623
2173796;2189
2173546;1496
2173865;2495
2174287;1936
2174337;1936
2174349;1936
2173758;392
2173623;2545
2173853;2059
2173387;1641
2173507;1641
2173764;1641
2173807;1298
2173635;2065
2173820;3286
2173861;1530
2173478;807
2173795;7045
2174464;33
2173540;50
2173879;1419
2173880;1419
2173851;1602
2173852;1602
2173786;3076
2173835;2058
2174344;4917
2174215;4914
2174343;4914
2174233;233
2174303;233
2174335;233
2174340;233
2174342;233
2174344;233
2174346;233
2174102;3929
2174104;3929
2174103;4918
2174104;4918
2174391;2921
2174397;2921
2174391;2607
2174393;2607
2174430;2607
2174258;2370
2174259;2370
2174446;2370
2174459;2370
2173454;3965
2173381;4720
2173799;1726
2173781;4096
2173826;9945
2173783;4099
2173908;2802
2173491;38
2173748;38
2173749;38
2173496;2154
2173873;4341
2174045;4341
2173492;6940
2173496;4497
2173561;4497
2173565;4497
2173575;350
2173710;350
2173491;3206
2173810;4605
2173783;4091
2173829;6909
2173809;2701
2173810;2701
2173886;10682
2173807;4694
2173773;2000
2173412;4240
2173417;4047
2173542;4047
2173697;4047
2173837;4047
2174310;4047
2173710;4061
2173870;2727
2173806;3150
2173825;4420
2173824;4422
2173825;4422
2173825;7040
2173376;4308
2173377;4308
2173875;4434
2173878;12070
2173805;4462
2173376;4453
2173377;4453
2173803;4498
2173804;4498
2173380;4463
2173377;2752
2173380;4451
2173381;4451
2174267;4464
2174461;4464
2174465;4464
2173806;2402
2174267;2374
2174417;2374
2174424;2374
2173805;4459
2173806;4459
2174417;627
2174460;627
2173496;641
2173440;608
2173407;915
2174339;915
2174312;14257
2173491;143
2174214;143
2174304;143
2174303;14256
2173523;367
2173533;4474
2173522;4472
2173526;4472
2173521;3932
2173532;4521
2173534;4521
2173773;3661
2173902;1567
2173455;3514
2173743;230
2173562;3993
2173565;3993
2173707;3993
2173898;2448
2174145;10471
2174276;10471
2174430;10471
2173975;10366
2173633;2133
2173638;2133
2174282;978
2173801;742
2173514;119
2173516;119
2173517;119
2173503;1801
2173561;1801
2174142;1801
2174143;1801
2173856;1934
2173808;4602
2173514;203
2173704;6733
2173529;1792
2173533;1792
2173507;3832
2173440;1773
2173442;487
2173876;3558
2173867;2447
2173887;7424
2173647;3797
2173650;3797
2173521;1031
2173523;1031
2173853;1031
2173527;4542
2173532;4542
2173852;4542
2173520;4537
2173522;4537
2173523;4537
2173526;4537
2173527;4538
2173533;4538
2173522;4539
2173530;4313
2173852;6383
2174362;347
2174396;347
2174409;347
2173809;6835
2173584;177
2174179;10468
2174183;10468
2174185;10468
2174186;10468
2174435;10468
2174436;10468
2174142;3753
2174145;3753
2173681;4072
2173561;13364
2173562;13364
2173532;4073
2173694;13329
2173849;3163
2173417;3183
2173540;3183
2173562;3183
2173565;3183
2173853;3183
2173468;3014
2174141;3014
2174143;3014
2174292;3014
2174439;3014
2173514;4788
2173517;4788
2173472;3157
2174182;3157
2174185;3157
2174192;3157
2173856;4139
2173507;11672
2174105;11672
2174138;11672
2174145;11672
2174361;11672
2174416;11672
2173710;4577
2174369;11780
2173707;4063
2174314;4063
2173798;3525
2173707;1198
2173807;1187
2173478;1280
2173795;1280
2173810;4594
2173810;4596
2173807;4593
2173810;132
2173808;7491
2173809;4604
2173826;1834
2173827;1834
2173810;4398
2173809;4607
2173810;3704
2173824;3704
2173825;3704
2174452;2920
2173491;4367
2173491;4612
2173492;4612
2173891;11310
2174448;2342
2174454;2342
2174416;4923
2174259;1457
2174416;1457
2174446;1457
2174448;1457
2174452;1457
2174458;1457
2174258;1599
2174465;1599
2174449;3046
2174455;3046
2174459;3046
2173577;2738
2173580;2738
2173582;2738
2173584;2738
2173589;2738
2173710;2738
2173561;426
2173564;426
2174442;14285
2174443;14285
2174177;6387
2174182;6387
2174192;6387
2174267;1479
2174456;1479
2174446;4628
2174454;4628
2174455;4628
2174462;4628
2174464;4628
2174258;4620
2174416;4620
2174454;4620
2174455;4620
2174458;4620
2174258;4627
2174454;4627
2174458;4627
2173898;1003
2173896;4658
2173897;4658
2173806;4638
2173805;3122
2174258;951
2174259;951
2174446;951
2174459;951
2173894;4686
2173868;3923
2173871;3854
2173871;4695
2173870;2400
2173870;243
2173871;243
2173872;243
2173564;4388
2173896;4528
2173897;4528
2174275;14368
2173803;7440
2173897;2072
2173808;7608
2174180;8343
2174193;8343
2173798;3609
2173799;3609
2173800;3609
2173808;3998
2173809;3407
2173636;2786
2173638;7298
2173646;2792
2173804;2408
2173781;4193
2173893;10963
2173742;3994
2173748;7475
2173589;8982
2173563;7452
2173562;7452
2173564;7452
2173581;7433
2173589;7433
2173582;7448
2173584;7448
2173561;10294
2173565;10294
2173562;7328
2173584;10287
2173485;13324
2173618;7364
2173619;7364
2174443;7364
2173478;7329
2173479;7329
2174439;7329
2173858;7313
2173862;7349
2173857;7318
2173858;7318
2173859;7318
2174295;9472
2173704;7371
2173886;10283
2173891;7323
2173743;7474
2173748;7470
2173743;7467
2173749;7352
2173749;7473
2173889;11306
2173889;7479
2173808;7361
2173825;12605
2173809;7351
2173810;7351
2173865;11021
2173898;11002
2173825;7359
2173796;7350
2173523;7307
2173514;11608
2174174;11608
2174176;11608
2174192;11608
2173580;10284
2173584;10284
2173589;10284
2173707;11767
2174109;11767
2173661;11279
2173937;11279
2173674;9422
2173989;9738
2173674;9416
2173710;9416
2173662;9361
2173646;9528
2173648;9528
2173674;9399
2173671;9419
2173674;9419
2174442;13631
2173671;9403
2173478;9338
2173479;9338
2173707;9338
2173987;9338
2173376;9342
2173987;9342
2173616;8161
2173617;8161
2173618;8161
2173645;9881
2173646;9881
2173899;9881
2173671;9526
2173671;9525
2173899;11028
2173662;9346
2173671;9391
2173674;9391
2173671;9400
2173672;9400
2173674;9400
2173893;10961
2173987;10082
2173478;12046
2173479;12046
2173367;9330
2173707;9330
2173671;9417
2173671;9421
2173810;9421
2173646;9523
2173648;9523
2173649;9523
2173899;9523
2173635;9345
2173637;9345
2173497;7308
2173618;7308
2173619;7308
2173562;7447
2173563;7447
2173575;7446
2173580;7446
2173589;7446
2173616;13907
2173619;13907
2173904;7344
2173904;7436
2173805;7348
2173806;7348
2173564;7431
2173575;8982
2173671;9424
2173674;9424
2173662;9343
2173674;9381
2173381;9312
2173633;9842
2173397;9322
2173454;9322
2173491;9322
2173492;9322
2173662;9322
2174236;9322
2174295;9322
2174298;9322
2174303;9322
2173470;9853
2174142;9853
2174146;9853
2174153;9853
2174154;9853
2174292;9853
2173662;9337
2173659;9360
2173660;9360
2173897;10201
2173660;9329
2173864;9385
2173646;9522
2173647;9522
2173650;9522
2173898;9522
2173660;9357
2173899;11022
2174135;11617
2174141;11617
2174145;11617
2174153;11617
2173560;10285
2173660;9365
2173659;9364
2173660;9364
2173671;9415
2173704;10269
2173887;10269
2173371;9398
2173672;9398
2173659;9324
2173662;9324
2173659;9347
2173873;7577
2173660;9350
2173858;7732
2173671;9396
2173674;9396
2173808;10021
2173660;9935
2173636;10276
2173660;9356
2173530;8481
2173533;8481
2173534;8481
2173965;11282
2173826;8581
2174213;11245
2174215;11245
2174341;11245
2174345;11245
2173911;11261
2173671;11272
2173672;11272
2173675;11272
2173662;11897
2173961;11295
2173407;11227
2173465;11227
2173496;11227
2173743;11259
2173507;11252
2173840;11255
2173367;13172
2173937;11297
2173690;13317
2173691;13317
2173693;13317
2173696;13317
2173697;13317
2173953;11274
2173610;11230
2173725;11236
2173785;11235
2173707;11264
2173504;11243
2173513;11314
2173550;11237
2173895;228
2173890;5534
2173840;9745
2173903;7489
2173988;11965
2173688;13318
2173691;13318
2173693;13318
2173694;13318
2173697;13318
2173737;12325
2173738;12325
2174183;9854
2173584;6732
2173623;6813
2173765;10363
2173454;3454
2173455;3454
2173742;9861
2173743;9861
2173636;9842
2173638;9842
2173897;9842
2173660;9332
2173671;9420
2173672;9420
2173671;9405
2173371;9406
2173485;9406
2173486;9406
2173671;9406
2173675;9406
2173660;9358
2173671;9382
2173674;9382
2173857;7731
2173858;7731
2173752;7380
2174409;14009
2173905;3259
2173796;5481
2173617;6827
2173616;5498
2174297;4812
2174304;4812
2174310;4812
2174235;4809
2174325;4809
2174294;8507
2174305;8507
2174312;8507
2174303;2913
2174304;2913
2174320;2913
2174324;2913
2174287;4811
2174294;4811
2174305;4811
2174314;4811
2174234;2031
2174236;2031
2174237;2031
2174326;2031
2174332;2031
2174335;2031
2174213;2994
2174216;2994
2174313;2994
2174327;2994
2174333;2994
2174337;2994
2174347;2994
2174353;2994
2174330;1358
2174344;1358
2174213;1970
2174336;1970
2174234;4821
2174236;4821
2174298;4821
2174340;4821
2174269;3041
2174233;4915
2174335;4915
2174326;172
2174330;172
2174106;759
2174176;759
2174183;759
2174190;759
2174049;3624
2174053;3624
2174108;3624
2174109;3624
2174177;3624
2174051;4830
2174056;4830
2174102;4830
2174103;4830
2174105;4830
2174139;4830
2174440;4830
2174057;4823
2174107;4823
2174108;4823
2174177;4823
2174183;4823
2174189;4823
2174192;4823
2174193;4823
2173800;3999
2173527;1283
2173530;1283
2173532;1283
2173852;1283
2173463;2611
2173465;2611
2173638;10203
2173896;10203
2173504;2210
2173506;2210
2173504;3356
2173764;3356
2173899;4500
2173380;2376
2173514;1485
2173743;1485
2173479;462
2173864;697
2173484;4589
2173485;4589
2173520;424
2173526;424
2173795;3939
2174101;1984
2173371;1994
2174183;10547
2173549;1885
2173849;1885
2174357;1096
2173688;6919
2173691;6919
2173694;6919
2173696;6919
2173840;6919
2174395;6919
2173546;1534
2173902;58
2173688;3750
2173690;3750
2173691;3750
2173849;11669
2173546;593
2173523;4069
2173526;4069
2173542;4069
2173690;4069
2173694;4069
2173417;4566
2173420;4566
2174337;4916
2174347;4916
2173758;4698
2173807;4735
2173808;4735
2173881;4735
2173681;410
2173507;128
2173694;13308
2173522;1843
2173523;1843
2173507;174
2173560;7427
2173561;7427
2173565;7427
2173580;1278
2174362;3441
2173853;418
2173478;1142
2173492;822
2173874;451
2173367;1979
2173799;1979
2173560;3743
2173561;3743
2173563;3743
2173564;3743
2173504;2209
2173492;4614
2173446;1095
2173743;3984
2173371;1870
2174362;2451
2174363;2451
2174373;2451
2174409;2451
2173454;3118
2173748;7017
2173563;3587
2173564;3587
2173680;13320
2173681;13320
2173617;2612
2173619;2612
2173376;1519
2173764;3603
2173506;2222
2173381;1002
2173648;1002
2173649;1002
2173882;3655
2173522;1189
2173523;1189
2173896;220
2173397;1923
2173446;1923
2173447;1923
2174237;1923
2174348;1923
2173441;13305
2173680;13305
2173623;2737
2173764;2278
2173765;2278
2173764;3659
2173765;3659
2173770;2234
2173764;198
2173562;1168
2173560;1782
2173565;1782
2173791;6879
2174182;10470
2174283;10470
2173825;6992
2174447;4645
2174465;4645
2173381;2011
2173503;2141
2173485;9
2173690;1914
2173691;1914
2173693;1914
2173694;1914
2173367;682
2173468;682
2173470;682
2173580;7454
2173581;7454
2173582;7454
2173584;7454
2173902;3292
2173511;3522
2173514;3522
2173517;3522
2173540;1277
2173485;10602
2173514;10602
2173562;1453
2173565;1453
2173887;1
2173506;1147
2173507;1147
2173563;468
2173777;468
2173807;2490
2173808;2490
2173387;1132
2173881;2313
2173777;459
2173562;298
2174346;21
2174295;14303
2174303;14303
2173808;1055
2173881;1055
2173810;2320
2174303;2320
2174340;2320
2174342;2320
2173507;6849
2173881;158
2174343;158
2174345;158
2173610;2325
2173511;1011
2173517;1011
2173809;4592
2173503;3547
2173765;3547
2173882;3547
2173903;53
2173904;7437
2173903;596
2174456;4467
2173491;1075
2173492;1075
2173377;2734
2173616;2734
2173618;2734
2174265;4626
2174267;4626
2174447;4626
2174457;4626
2174465;4626
2173872;2073
2173617;1478
2173618;1478
2173619;1478
2173867;1478
2174258;341
2174446;341
2174462;341
2174258;4924
2174259;4924
2174416;4924
2174454;4924
2174459;4924
2174265;1221
2174447;1221
2174460;1221
2174461;1221
2174465;1221
2174416;9470
2173380;2718
2173376;2713
2173377;2713
2173635;2713
2173889;2071
2173376;215
2173377;215
2173636;215
2173637;215
2173896;4632
2173377;2383
2173803;4640
2173870;1483
2173736;3910
2173737;2401
2173866;2401
2173734;2394
2173735;2394
2173736;2394
2173870;2394
2173871;2394
2173804;4457
2173738;2404
2173806;2404
2173868;4262
2173734;2399
2173738;2405
2173805;2405
2173737;2958
2173738;2958
2173803;1765
2173805;3105
2173646;3486
2173648;3486
2173376;9953
2173987;9953
2173381;2019
2173866;315
2173867;315
2173864;2538
2173864;4233
2173865;997
2173896;5356
2173897;5356
2173867;6973
2173898;4659
2174363;4168
2174373;4168
2173414;4250
2174362;4896
2174405;8723
2173616;2711
2173617;2711
2173619;2711
2173776;2711
2174312;2711
2174313;2711
2174314;2711
2174333;2711
2174337;2711
2174353;2711
2173773;1972
2174236;1972
2174334;1972
2174335;1972
2173659;9352
2173807;9352
2173808;9352
2173674;2497
2173659;6749
2173863;987
2173864;987
2173659;2496
2173863;2496
2173674;1310
2173659;11611
2173674;2508
2173807;882
2173659;903
2173897;3241
2173896;4303
2173638;10293
2173898;11004
2173895;3328
2173893;3325
2173895;3330
2173894;3533
2173893;3329
2173893;3532
2173895;3326
2173865;77
2173623;3398
2173605;836
2173610;3625
2173796;6819
2173616;3353
2173616;1300
2173617;1300
2173618;1300
2173623;2105
2173619;754
2173866;754
2173867;3909
2173874;2566
2173649;2561
2173650;2561
2173638;1639
2174430;14273
2173465;2145
2173649;3320
2174045;3320
2173638;4019
2173802;4019
2174430;4019
2173478;512
2173479;512
2173484;19
2173486;19
2173484;81
2173688;2581
2173690;2581
2173691;2581
2173577;1922
2173582;1922
2173697;1922
2174340;491
2173776;2261
2173882;2261
2173881;2311
2173376;4531
2173865;776
2173376;2595
2173743;342
2173380;435
2173381;2600
2174358;437
2174386;437
2174393;437
2174401;437
2174428;437
2174430;437
2174367;1067
2174369;1067
2174387;1067
2173463;3442
2174396;3442
2174403;3442
2174405;3442
2174435;3442
2174436;3442
2173497;4527
2173465;613
2174396;12531
2174442;12531
2173463;680
2173617;680
2173901;680
2174365;680
2173455;2771
2174105;2771
2174354;2771
2174357;2771
2174395;14278
2173455;385
2174105;385
2174354;385
2174357;385
2174395;12538
2174439;12538
2173397;656
2174214;656
2174237;656
2173397;628
2173398;628
2173492;628
2173710;628
2174214;628
2174236;628
2174237;628
2174304;628
2173491;2628
2174439;14302
2174362;740
2174365;740
2174357;606
2174362;9786
2174396;9786
2174409;9786
2174442;9786
2174443;9786
2173616;2043
2173619;2043
2173742;695
2173618;2090
2173455;248
2174362;3877
2174365;3877
2173491;4161
2174442;14266
2173497;4159
2173748;11289
2173454;391
2173455;391
2173454;9754
2174236;9754
2174296;9754
2174303;9754
2174304;9754
2174307;9754
2173561;13333
2173564;13333
2173707;13333
2173575;540
2173584;540
2173560;2648
2173562;2648
2173564;2648
2173561;2650
2173562;2650
2173496;4381
2173619;6771
2173425;2654
2173428;2668
2173428;2670
2173425;2667
2173801;3796
2173891;3796
2174234;3178
2174236;3178
2174268;3178
2174296;3178
2174330;3178
2174334;3178
2174335;3178
2174344;3178
2173397;857
2173398;857
2173757;2029
2173881;2029
2173417;1297
2173420;1297
2173422;1297
2173875;4523
2173878;4523
2173804;2768
2174243;3181
2174384;3181
2174425;13930
2174428;13930
2173581;4512
2174377;773
2174383;773
2174385;773
2173801;2569
2173371;536
2173618;2873
2174213;4815
2174337;4815
2173562;1226
2173565;1226
2173835;1226
2173851;1226
2173852;1226
2173633;4075
2173418;3974
2173540;3974
2173380;2380
2173645;2380
2173649;2380
2174074;3169
2174186;3169
2174282;3169
2173616;2553
2173619;2553
2173376;2597
2173681;3186
2173869;885
2173871;885
2173872;885
2173412;1450
2173835;12528
2173546;4070
2173849;4565
2174173;11775
2173485;2730
2173376;2724
2173377;2724
2173478;1041
2173479;1041
2173840;1041
2174395;14262
2173749;2622
2174105;2622
2173577;2797
2173581;2797
2173589;2797
2173575;11312
2173516;11671
2173517;11671
2173707;11671
2174174;11671
2174184;11671
2174369;11671
2174409;11671
2174424;11671
2174443;11671
2174397;5760
2174439;5760
2174105;11791
2174135;11616
2174139;11616
2174141;11616
2174142;11616
2174275;11616
2174430;11616
2173809;4400
2173869;853
2173871;853
2173868;4650
2173757;231
2173758;1106
2174288;14087
2174292;14087
2174311;14087
2173921;11706
2173397;4701
2174288;4701
2174304;4701
2174311;4701
2173397;294
2173738;13360
2173446;13335
2173690;13335
2173779;838
2173832;4712
2173781;4117
2173380;3300
2173800;4027
2173645;4074
2173634;3933
2173635;3933
2173637;3933
2173701;7022
2173704;6722
2173898;4295
2173899;4295
2173422;1924
2173696;1924
2173838;1924
2173454;4123
2174439;12388
2173981;447
2174048;447
2174054;447
2174139;447
2173809;6989
2173810;6989
2173802;448
2173803;4009
2173647;4007
2173649;4007
2173865;3140
2173890;3868
2173635;1275
2173804;3843
2173805;1477
2173806;1477
2173645;673
2173646;673
2173648;673
2173780;3103
2173806;1505
2173407;3575
2173463;3575
2173497;3575
2174216;3575
2174314;3575
2174336;3575
2174174;7385
2174180;7385
2174145;12391
2174275;12391
2174074;3773
2174106;3773
2173730;2587
2173730;3172
2173778;826
2174234;4818
2174236;4818
2174270;4818
2174295;4818
2174303;4818
2174340;4818
2174344;4818
2174329;4820
2174385;2054
2173649;7299
2174360;2088
2173418;1517
2173560;1517
2173562;1517
2173837;12534
2174312;13299
2174216;1895
2174235;1895
2173874;1328
2174269;2983
2174345;2983
2174347;2983
2173565;2798
2173589;771
2174215;190
2174287;190
2174312;190
2174351;190
2173492;6789
2173497;6789
2174216;3203
2174235;3203
2174351;3203
2173853;6983
2173633;4211
2173645;3553
2173646;3553
2173446;1918
2173688;1918
2173690;1918
2173693;1918
2173697;1918
2173514;3936
2173516;3936
2173517;3936
2173722;519
2173646;9867
2173649;9867
2173650;9867
2173863;9867
2173897;10290
2174424;14254
2173635;10204
2173650;10489
2173890;544
2173618;2387
2173619;2387
2174152;12431
2174153;12431
2174182;12430
2174189;12430
2174191;12430
2173397;4145
2173455;2604
2174063;4856
2174069;4856
2174109;4856
2174176;8341
2174183;12433
2174193;12433
2173549;660
2173840;660
2173367;1930
2174075;4865
2174093;4865
2174107;4865
2174180;4865
2174182;4865
2174183;4865
2174078;4872
2174143;4872
2174145;4872
2174275;4872
2174086;4876
2174103;4876
2174146;4876
2174430;4876
2173722;3231
2173725;7500
2173722;3991
2173730;2904
2173412;2729
2173546;2729
2173581;2729
2173584;2729
2173851;2729
2173852;2729
2173504;2226
2173507;2226
2173517;2277
2173776;3602
2173902;3602
2173790;1247
2173793;1247
2173861;1677
2173380;9952
2173478;296
2173537;816
2173730;816
2173725;2004
2173523;1886
2173634;2789
2173635;2789
2173637;2789
2173645;1469
2173647;1469
2173649;1469
2173650;1469
2174435;14246
2173618;4003
2173649;4003
2173892;2530
2173892;2531
2173894;2522
2173646;4724
2173647;4724
2173649;4724
2173650;4724
2174084;4870
2174361;4870
2173546;3342
2174142;3342
2174430;14276
2174180;1140
2174187;1140
2173540;2813
2174075;4877
2174087;4877
2173542;1747
2173546;1747
2173840;3349
2174184;3339
2174187;3339
2174187;12428
2173840;9737
2173590;605
2174283;14275
2174435;14275
2174182;3344
2173616;2759
2173617;2759
2173618;2759
2174138;2759
2173504;3381
2173506;3381
2173605;3381
2173764;3381
2173875;1821
2173879;666
2173880;666
2173875;4358
2173876;4358
2173878;4358
2173880;2128
2173503;1295
2173506;1295
2173507;1295
2173764;1295
2173769;3658
2173770;3658
2173503;2681
2173504;2681
2173765;2681
2173701;6980
2173769;2248
2173507;3521
2173764;3521
2173765;3521
2173605;2273
2173513;2191
2173514;1161
2174212;3039
2173799;6905
2173881;3375
2173796;4486
2173798;2549
2173807;4670
2173865;1497
2173863;3417
2173864;811
2173865;3418
2173829;4351
2173826;6970
2173781;7397
2173801;895
2173801;3427
2173486;2575
2174409;3859
2174363;4897
2174403;4897
2173465;3248
2173581;3090
2173584;3090
2173565;3093
2173468;1719
2173455;4223
2173874;4223
2173805;4639
2173806;4639
2173590;2826
2173590;3689
2173596;2455
2174045;360
2173780;1541
2173780;969
2173885;3218
2173885;7505
2173867;1326
2173633;4507
2173647;4536
2173850;3493
2173850;3495
2173414;3975
2174083;3517
2174183;3517
2173546;6946
2173790;6883
2173787;844
2173792;88
2173794;88
2173790;3509
2173791;3509
2173788;1210
2173790;1442
2173784;3508
2173786;3508
2173787;3508
2173789;3508
2174072;3497
2174082;3497
2174090;3497
2174102;3497
2174104;3497
2174149;2037
2174083;3518
2174091;3518
2174179;3518
2174183;3518
2174185;3518
2174282;3518
2174106;2721
2174183;2721
2174188;2721
2173503;930
2173507;930
2173757;930
2173764;930
2174296;14259
2173513;3383
2173769;3383
2173770;3383
2173758;2274
2173704;7032
2173798;2067
2173425;2207
2173886;2207
2173418;1967
2173837;1967
2173896;4276
2173892;2521
2173894;2525
2173681;6821
2174396;6821
2174443;6821
2173979;614
2174109;614
2174365;614
2173690;1223
2173691;1223
2173693;1223
2173696;1223
2173697;1223
2174354;3970
2173478;7455
2173514;1186
2173770;1186
2173506;2271
2173882;2271
2173398;2754
2173648;3833
2173693;1916
2173738;1916
2173446;13327
2173690;13327
2173693;13327
2173694;13327
2173696;13327
2173737;13327
2173690;13323
2173694;13323
2174354;3584
2174357;3584
2173634;3934
2173636;3934
2173645;4674
2173646;3308
2173648;3308
2173650;3308
2173580;3202
2173584;3202
2173560;5478
2173563;5478
2173565;5478
2173590;2807
2173546;3336
2173596;2742
2173428;4041
2173743;4041
2173590;90
2173887;1169
2173743;1026
2173478;2206
2173749;7023
2173485;13572
2174174;2844
2174177;2844
2174139;1844
2174143;1844
2174305;1844
2174440;1844
2174062;3001
2173472;3605
2173514;3605
2174184;3605
2174442;3605
2173407;11284
2174312;11284
2174313;11284
2174314;11284
2174334;1355
2173397;9432
2173491;9432
2173492;9432
2174307;9432
2174295;2819
2174304;2993
2174352;2993
2173492;4387
2173496;4387
2173397;4365
2173619;1389
2173707;1389
2173425;4042
2174177;11686
2173507;1849
2173856;1849
2174141;1849
2173520;13007
2173523;2886
2173525;2886
2173856;2886
2173850;3164
2173713;1261
2173719;26
2174409;1416
2174411;1416
2174361;4908
2174388;4908
2173380;4366
2174214;4366
2173454;2564
2174098;4218
2173803;3616
2173804;3616
2173865;2441
2173894;4282
2173892;4261
2173899;181
2173381;1145
2173797;2551
2173634;2518
2173638;2518
2173895;4277
2173894;7376
2173868;4271
2173896;4747
2173376;4309
2173532;1184
2173420;4337
2173422;4337
2173560;4337
2173562;4337
2173565;4337
2173417;1528
2173418;1528
2173420;1528
2173422;1528
2173560;1528
2173562;1528
2173565;1528
2173787;1528
2173788;1528
2173730;9061
2174045;3212
2173584;4343
2173581;4342
2173584;4342
2173454;3665
2173455;3665
2173849;1867
2173878;2140
2174045;2140
2173879;3364
2173454;774
2173618;4768
2173979;4768
2174396;4768
2174443;4768
2174105;4039
2174357;4039
2173417;4026
2173418;4026
2173420;4026
2173422;4026
2174335;4799
2174336;4891
2174318;4802
2174318;4804
2174320;4804
2174322;4804
2174235;4800
2174287;4800
2174294;4800
2174334;4807
2174323;4803
2174336;4803
2174334;4810
2174336;4064
2174288;4812
2173872;4630
2173516;4519
2173514;94
2173516;94
2173809;12
2173411;1668
2173542;1045
2173478;1461
2173479;1461
2173891;4133
2173484;25
2173534;12532
2173414;721
2173880;1289
2173616;1337
2173807;3406
2173801;3621
2173484;3971
2174100;4824
2174134;11904
2174151;11904
2174154;11904
2174396;10274
2174409;10274
2174442;10274
2174443;10274
2173900;3584
2173636;209
2173637;209
2173638;209
2173646;3989
2173633;4673
2173634;4673
2173638;4673
2173836;966
2173851;966
2173561;5478
2173562;5478
2173596;783
2173542;3336
2174296;1941
2174335;1941
2174348;1941
2173428;1026
2173742;1026
2173484;633
2173748;633
2173514;2844
2174106;2844
2174109;2844
2174183;2844
2174185;2844
2174193;2844
2174442;2844
2174102;1844
2174103;1844
2174145;1844
2173516;3605
2174063;3605
2174109;3605
2174177;3605
2174182;3605
2174183;3605
2174303;2819
2173660;9333
2173398;4365
2173455;4365
2174324;3964
2173503;2893
2173484;2198
2173485;2198
2173616;1389
2173773;2030
2173485;1733
2173521;13007
2173522;13007
2173507;2886
2174143;2886
2173550;11318
2173549;11381
2173514;1838
2173503;3831
2173507;3831
2174417;1416
2174424;1416
2174436;1416
2174237;17
2174297;14281
2173758;91
2173418;3063
2173420;3063
2173562;3729
2173805;2415
2173619;2359
2173804;1313
2174215;1937
2173680;13332
2174287;13332
2174313;13332
2173440;13290
2173680;13290
2173681;13290
2174436;9736
2173367;13169
2173856;13169
2173398;2856
2173478;2856
2173660;2856
2174214;2856
2174296;2856
2174304;2856
2174335;2856
2173826;8561
2173710;1529
2174234;1529
2174237;1529
2174268;1529
2174270;1529
2174295;1529
2174296;1529
2174303;1529
2174326;1529
2174346;1529
2173773;1073
2173605;2992
2173777;2992
2173561;4657
2173562;4657
2173563;4657
2173565;4657
2173565;1367
2173777;1367
2173563;1361
2173565;1361
2173561;521
2173562;521
2173565;521
2173777;521
2173380;688
2173647;688
2173649;688
2173650;688
2173529;1513
2173605;425
2173710;2875
2173581;2111
2173582;2111
2173584;2111
2173710;2111
2173491;2862
2173497;2862
2174298;14268
2174303;14268
2173849;1797
2173581;1362
2173582;1362
2173497;766
2173492;1154
2173616;1402
2173617;1402
2173619;1402
2173748;2021
2173808;1398
2173623;1645
2174106;1871
2174183;1871
2173610;14235
2173887;7413
2173550;550
2173810;6868
2173616;3048
2173618;3048
2173577;465
2173581;465
2173582;465
2173584;465
2173562;1411
2173565;1411
2173581;1574
2173584;1574
2173853;1574
2173562;1592
2173565;2319
2173605;3401
2174215;2906
2174216;2906
2173465;1963
2174409;1963
2174265;2124
2173879;3673
2173981;7396
2174048;7396
2174051;7396
2174143;7396
2174153;7396
2173828;6818
2173857;1703
2173858;1703
2173479;2833
2173790;1785
2173792;1785
2173793;1785
2173514;4353
2173550;422
2173414;2716
2174276;3335
2173411;564
2173412;564
2173537;564
2173852;564
2173565;620
2174446;4616
2174448;4616
2173790;1590
2173793;1590
2173719;1531
2173820;1531
2173540;1166
2173802;1462
2173690;972
2173647;2134
2173648;2134
2173649;2134
2173650;2134
2173805;2134
2173440;2725
2173681;2725
2173440;1346
2173681;1346
2173805;1420
2173868;2369
2173616;156
2174417;156
2174460;156
2174463;156
2174213;4816
2174336;4816
2174345;4816
2173616;1969
2174215;12616
2173707;1480
2174213;1480
2173891;505
2173420;1754
2173861;1754
2173832;1540
2173793;1654
2173862;1654
2173853;1596
2173479;874
2173550;493
2173719;268
2173856;268
2173412;2743
2173784;2042
2173785;2042
2173788;2042
2173849;1034
2173864;2598
2174381;2570
2173903;4481
2173776;2183
2173902;2183
2173737;1813
2173838;2028
2173853;1304
2173791;3075
2173793;3057
2173865;3207
2173596;409
2174265;2363
2174267;2363
2174456;2363
2174460;2363
2174465;2363
2174452;4618
2173829;8562
2173851;1749
2173849;1712
2173779;2053
2173805;2053
2173542;2864
2173722;2864
2173820;2864
2173857;1649
2173867;34
2173417;3481
2173407;865
2174251;8901
2173799;470
2174355;2917
2174358;2917
2174395;4921
2174428;4921
2174430;4921
2173454;2079
2173623;2079
2173504;3373
2173506;3373
2173507;3373
2173752;3373
2173623;2552
2173798;4280
2173582;1674
2173857;22
2173411;1845
2173414;1845
2173791;1845
2173792;1845
2173843;1845
2173857;1845
2173858;1845
2173859;1845
2173463;1701
2173465;84
2173857;3082
2173858;3082
2173412;336
2173584;12785
2173581;1798
2173582;1798
2173852;1798
2173562;1717
2173852;1734
2173836;6799
2173514;2190
2173516;2190
2173517;2190
2173769;2190
2173398;217
2173743;1975
2173479;1436
2173743;1436
2173546;803
2173835;967
2173851;967
2173387;3321
2173406;661
2173407;661
2174252;661
2173831;6797
2173517;1486
2173516;4167
2173530;4167
2173532;4167
2173534;4167
2174179;4167
2174182;4167
2173425;2835
2173748;2835
2173507;2205
2173795;3615
2173797;3615
2173610;2096
2173806;2413
2173866;4529
2173486;916
2173707;553
2173802;9145
2173769;2233
2173491;1388
2173522;204
2173526;204
2173472;1107
2173425;2339
2173807;2339
2173412;3592
2173414;3592
2173773;989
2173484;2733
2173486;2733
2173623;4629
2174258;4629
2174454;4629
2174458;4629
2174459;4629
2174462;4629
2173743;178
2174409;8205
2173406;2160
2173901;2160
2174365;2160
2173575;1377
2173581;1377
2173610;1377
2173710;1377
2173769;2753
2173478;2573
2174373;2457
2173422;4779
2174393;4779
2173523;3846
2173864;2014
2173492;3045
2173546;4386
2173525;222
2173520;6954
2173902;1046
2173470;2731
2173446;1087
2173533;1878
2173743;1088
2173748;549
2173484;3303
2173485;3303
2173455;2614
2173900;2614
2174357;2614
2173690;4354
2173697;4354
2173397;2172
2173454;397
2173455;397
2173701;996
2174335;199
2174348;199
2174298;14284
2174303;14284
2173861;6805
2173406;4468
2173496;4468
2173497;4468
2173596;3946
2173840;3946
2173855;4511
2173550;168
2173514;169
2173796;6907
2173798;4259
2173455;1748
2173523;31
2173853;31
2173605;1104
2173748;1191
2173749;1191
2173575;768
2173778;768
2173605;2262
2174361;1637
2174386;1637
2174395;1637
2173596;9937
2173855;572
2174048;1422
2174104;1422
2174105;1422
2173874;1212
2173861;1613
2173406;2153
2173407;2153
2173497;2153
2173764;1131
2173560;528
2173561;528
2173562;528
2173565;528
2173605;528
2173503;4518
2173478;1429
2173479;1429
2173577;1192
2173580;1192
2173581;1192
2173589;1192
2173850;2032
2173560;1364
2173565;1364
2173550;659
2173786;1722
2173787;1722
2173788;1722
2173857;6942
2173858;6942
2173776;475
2173857;6802
2173688;1049
2173690;1049
2173693;1049
2173694;1049
2173503;2275
2173507;2275
2173710;546
2173446;2047
2173902;2169
2174435;14248
2173616;2144
2173617;2144
2173650;2144
2174340;3177
2173550;263
2173616;2652
2173484;1655
2173478;246
2174364;4889
2174367;4889
2174368;4889
2173764;2230
2173743;780
2173478;2572
2173851;2058
2173835;2712
2173836;2712
2173852;2712
2173780;1539
2173690;1153
2173696;1153
2173560;3737
2173463;578
2174174;11615
2174177;11615
2174183;11615
2174185;11615
2174282;11615
2174435;11615
2174436;11615
2173527;8483
2173533;8483
2173497;2610
2173537;911
2173540;911
2173865;2492
2173852;814
2173584;856
2173455;421
2173863;563
2173722;3317
2173832;1455
2173837;2050
2173838;2050
2173776;2152
2173701;6995
2173596;1595
2173647;9865
2173648;9865
2173649;9865
2173381;2384
2173645;3134
2173649;3134
2173650;3134
2173407;567
2173503;461
2173504;461
2174341;170
2173902;488
2173418;1054
2173523;1054
2173525;1054
2173526;1054
2173861;685
2173383;2252
2173428;2824
2173887;2824
2173514;305
2173517;305
2173529;305
2173532;305
2173533;305
2173534;305
2173855;305
2174180;305
2173808;2327
2173511;6833
2173522;4475
2173523;4475
2173526;4475
2173577;147
2173837;1407
2173838;1407
2173713;2024
2173446;486
2173470;590
2173619;12529
2174109;9682
2174396;14264
2174443;14264
2173719;940
2173820;940
2173838;1793
2173422;717
2174143;3515
2173784;3505
2173789;3505
2173479;499
2173367;5342
2173468;5342
2173470;5342
2173826;5342
2173827;5342
2173863;658
2173853;1156
2173875;876
2173876;876
2173824;1144
2173825;1144
2174265;1144
2174460;1144
2174461;1144
2173691;13330
2173694;13330
2173696;13330
2173902;375
2173850;2682
2173851;1293
2173850;202
2173371;817
2173446;379
2173447;379
2173527;1015
2173749;2094
2173784;3297
2173463;1561
2173465;1561
2173540;891
2173713;1532
2173440;155
2173680;155
2173738;1812
2173874;1812
2174433;13928
2174377;2103
2174385;2103
2174435;2103
2174403;14012
2173873;2288
2173810;4154
2173796;1020
2173511;129
2173645;2416
2173648;2416
2174430;2055
2173537;792
2173575;4621
2173581;4621
2173582;4621
2173738;12326
2173478;678
2173479;678
2173540;1800
2173562;1800
2173527;200
2173530;200
2173533;200
2173534;200
2173851;200
2173852;200
2173862;941
2173786;2139
2173880;3192
2173809;1958
2173810;1958
2173836;1714
2173852;1714
2173590;1105
2173839;9733
2173503;20
2173504;20
2173507;20
2173882;20
2173417;1764
2173873;3189
2173550;3267
2173839;3267
2173790;1458
2173793;1458
2173838;1458
2173853;1458
2173537;3343
2173540;3343
2173803;3146
2173804;3146
2173420;714
2173376;933
2173635;933
2173637;933
2173742;508
2173743;508
2173530;2700
2173534;2700
2173619;2216
2173867;2146
2173757;261
2173623;3256
2173580;177
2173581;177
2174180;10468
2174184;10468
2174282;10468
2174283;10468
2173691;13306
2174146;3753
2174276;3753
2174430;3753
2173680;4072
2173560;13364
2173565;13364
2173542;6937
2173589;4561
2173691;13329
2173418;3183
2173837;3183
2173470;3014
2174135;3014
2174142;3014
2174153;3014
2174440;3014
2173516;4788
2174177;3157
2174180;3157
2174183;3157
2174193;3157
2174443;3157
2173855;4315
2173710;11672
2173988;11672
2174139;11672
2174143;11672
2174146;11672
2174154;11672
2174275;11672
2174276;11672
2174397;11672
2174287;4063
2174294;4063
2174312;4063
2173808;1187
2173484;1727
2173485;1727
2173809;4594
2173807;4590
2173809;4596
2173809;132
2173807;7491
2173810;4604
2173825;4604
2173807;4599
2173828;6971
2173825;4607
2174416;1418
2174446;2920
2174446;4612
2174452;4612
2174259;4923
2174446;4923
2174454;1457
2173575;2738
2173581;2738
2173707;320
2173560;426
2173562;426
2174176;6387
2174179;6387
2174180;6387
2174183;6387
2174193;6387
2174265;1479
2174447;1479
2174461;1479
2174417;14260
2174258;4628
2174259;4628
2174458;4628
2174459;4620
2174464;4620
2173623;2366
2173869;2366
2173870;2366
2174259;4627
2174446;4627
2174462;4627
2173380;4297
2173805;852
2173803;3130
2173804;3130
2173803;4234
2174458;951
2174464;951
2173869;3854
2173866;3852
2173867;3852
2173868;3852
2173870;4695
2173869;2400
2173871;2400
2173810;586
2173560;4388
2173561;4388
2173562;4388
2173898;4633
2173899;4633
2174276;14368
2173804;7440
2173899;4665
2173807;7608
2173896;4664
2173897;4664
2173891;6869
2174176;8343
2174177;8343
2174179;8343
2173810;3407
2173634;2786
2173635;2786
2173645;2792
2173649;2792
2173806;2411
2173743;3994
2173749;7475
2173580;8982
2173581;8982
2173584;8982
2173560;7452
2173565;7452
2173584;7433
2173575;7448
2173577;7448
2173581;7448
2173589;7448
2173577;8570
2173560;10294
2173562;10294
2173561;7328
2173580;10287
2173581;10287
2173582;10287
2173589;10287
2173484;7364
2173486;7364
2174396;7364
2174442;7364
2173840;7329
2173860;7318
2174312;14269
2173701;7312
2173701;7356
2173742;7363
2173743;7363
2173743;7471
2173748;7352
2173743;7301
2173748;7473
2173888;7478
2173888;7484
2173903;7486
2173903;7354
2173807;7361
2173807;7490
2173824;7496
2173824;7497
2173825;7497
2173864;7497
2173899;11002
2173824;7359
2173864;11026
2173725;7338
2173820;7337
2173605;7342
2174179;11608
2174180;11608
2174182;11608
2174183;11608
2174184;11608
2174282;11608
2174369;11608
2174436;11608
2173581;10284
2173380;9164
2173381;9164
2173367;11279
2173659;11279
2173660;11279
2173671;9422
2173672;9422
2173371;9752
2173961;9752
2173989;9752
2173988;9738
2174105;9738
2173371;9416
2173671;9416
2173650;9528
2173381;9399
2173672;9399
2173634;9353
2173637;9353
2173660;9353
2173896;9353
2174443;13631
2173659;9338
2173671;9412
2173674;9412
2173861;7638
2173796;8161
2173648;9881
2173650;9881
2173898;9841
2173647;10202
2173648;10202
2173649;10202
2173371;9391
2173485;9391
2173486;9391
2173675;9391
2173660;9355
2173659;9341
2173660;9341
2173897;10291
2173661;9330
2173662;9330
2173660;9336
2173674;9417
2173809;9421
2173650;9523
2173898;9523
2173671;9413
2173633;9345
2173634;9345
2173636;9345
2173660;9345
2173897;9345
2173380;9424
2173381;9424
2173491;7634
2173560;7447
2173561;7447
2173564;7447
2173577;7446
2173581;7446
2173582;7446
2173584;7446
2173561;7431
2173565;7431
2173646;10487
2173659;9343
2173376;9354
2173659;9354
2173660;9354
2173987;9354
2173659;9351
2173660;9351
2173671;9312
2173672;9312
2173810;8153
2173387;5821
2173660;9348
2173367;9322
2173398;9322
2173455;9322
2173659;9322
2173660;9322
2173661;9322
2173987;9322
2174214;9322
2174237;9322
2174296;9322
2174304;9322
2174307;9322
2173468;9853
2174135;9853
2174139;9853
2174141;9853
2174143;9853
2174145;9853
2174311;9853
2174440;9853
2173659;9337
2173660;9337
2173636;10201
2173638;10201
2173659;9362
2173660;9362
2173662;9362
2173807;9362
2173808;9362
2173674;9404
2173659;9329
2173987;9329
2173671;9409
2173674;9409
2173874;7536
2173674;9385
2173809;9385
2173810;9385
2173645;9522
2173648;9522
2173649;9522
2173671;9522
2173899;9522
2173636;9357
2173660;9340
2174275;14255
2174276;14255
2174139;11617
2174142;11617
2174361;11617
2173561;10285
2173562;10285
2173674;9415
2173671;9398
2173674;9398
2173646;10277
2173650;10277
2173671;9524
2173380;10803
2173807;10021
2173660;9344
2173659;9935
2173662;9935
2173873;8001
2173527;8481
2173529;8481
2173532;8481
2173850;8481
2173937;11268
2173660;11897
2173661;11897
2174235;11227
2174287;11227
2174314;11227
2173870;11265
2173749;11290
2173748;11241
2173749;11241
2173840;11266
2173371;11255
2173371;11294
2173989;11294
2173839;11232
2173935;11274
2173737;11267
2173738;11267
2173610;11246
2173915;12620
2173913;12621
2173787;11235
2173926;14126
2173560;11260
2173562;11260
2173697;14093
2173561;13469
2173891;11240
2173903;5284
2174403;2915
2174405;2915
2173894;228
2173903;5523
2174235;11181
2174192;9854
2174193;9854
2173793;6820
2173781;6910
2173799;5600
2173752;7018
2173757;7018
2173785;6765
2173787;6882
2173788;6882
2173635;9842
2173660;9331
2173674;9405
2173710;10949
2173484;9406
2173672;9406
2173674;9406
2173659;9358
2173659;9339
2173662;9339
2173865;11025
2173674;9411
2173671;9418
2173674;9418
2173701;6916
2174296;6916
2173757;7380
2174396;14009
2173616;6827
2173619;6827
2173801;7028
2173617;5498
2173852;7689
2173367;1356
2173719;2901
2173785;10909
2173788;10909
2173861;10909
2173798;6977
2173799;6977
2173516;1443
2173514;10601
2173383;2872
2173851;1709
2173852;1709
2173455;1685
2173852;1535
2173786;1287
2173784;2074
2173785;2074
2173787;2074
2173411;1664
2173412;1664
2173876;10984
2173878;10984
2173779;303
2173542;1657
2173546;1657
2173454;1735
2173851;611
2173852;611
2173411;1650
2173861;7461
2173417;1490
2173418;1490
2173861;6817
2173418;1538
2173420;1538
2173786;1554
2173787;1554
2173565;3727
2173560;12190
2173562;1803
2173584;1761
2173860;1761
2173581;1563
2173584;1563
2173857;1563
2173858;1563
2173850;1204
2174063;3263
2174069;3263
2174215;1935
2174235;1935
2174314;1935
2173441;547
2173417;1780
2173418;1780
2173420;1780
2173849;3494
2173785;7015
2173787;7015
2173422;1778
2173560;1825
2173562;1825
2173565;6881
2173623;4699
2173790;6932
2173791;6932
2173417;3593
2173422;3593
2173849;1556
2173550;1396
2173529;568
2173533;568
2173534;568
2173527;3691
2173532;3691
2173411;1383
2173849;1383
2173529;1802
2173582;1520
2173584;1520
2173849;1520
2173851;1520
2173852;1520
2173411;3288
2173546;3288
2173584;3288
2173849;3288
2173540;265
2173562;265
2173837;6839
2173565;1064
2174142;1064
2173534;3847
2173801;3864
2173738;1809
2173737;1817
2173880;3362
2173861;6887
2173560;6966
2173793;2138
2173681;1730
2173560;612
2173681;2578
2173516;1875
2173517;1875
2173530;380
2173520;935
2174103;3000
2173503;4576
2173507;4576
2174105;4576
2173411;4335
2173582;4335
2173584;4335
2173791;2063
2173843;2063
2173859;2063
2173857;1864
2173860;1864
2173560;4513
2173565;4513
2173856;4513
2173790;1868
2173792;1868
2173793;1868
2174055;4760
2174177;4760
2174135;2881
2174138;2881
2173503;3757
2173520;3757
2173522;3757
2173523;3757
2173526;3757
2174143;3757
2174145;4503
2173503;481
2173507;481
2173690;481
2173693;481
2173696;481
2173790;1662
2173791;1662
2173792;1662
2173793;1662
2173520;2041
2173526;2041
2173796;1032
2174099;1032
2174179;1032
2174183;1032
2173828;6832
2173790;1855
2173792;1855
2173979;1888
2174365;1888
2173680;13292
2174396;14304
2173523;99
2173858;2148
2174243;1562
2174425;1562
2173736;427
2173873;427
2174430;14280
2173521;8442
2173849;8442
2173550;1302
2173836;4052
2173549;115
2173454;3742
2173581;3742
2173582;3742
2173584;3742
2173589;3742
2173485;1510
2173798;889
2173776;12610
2174236;11275
2174345;11275
2173858;479
2173428;2674
2173810;1491
2173864;1491
2173484;541
2173485;541
2173801;541
2173540;3304
2173521;374
2173522;374
2173853;374
2174459;2373
2173734;1248
2173735;1248
2173764;2231
2173367;101
2173580;1065
2173581;1065
2173584;1065
2173491;7430
2173492;7430
2173446;4749
2173690;4749
2173696;4749
2173697;4749
2173562;1752
2173861;1752
2173836;1255
2173590;3693
2173758;557
2173769;557
2173514;1025
2173516;1025
2173517;1025
2173882;157
2173743;1945
2173522;575
2173472;932
2173743;7469
2173807;537
2173649;7296
2173496;86
2173497;86
2173802;1246
2173517;1183
2173581;1158
2173584;1158
2173831;1743
2173516;2241
2173764;904
2173529;4540
2173851;4540
2173852;4540
2173397;1905
2173440;13295
2173441;13295
2173681;13295
2173896;912
2173897;912
2173417;1012
2173420;1012
2173690;1012
2174342;2321
2174344;2321
2173549;1178
2173407;454
2173748;454
2173795;947
2173491;3636
2173492;3636
2173898;1022
2173899;1022
2173411;1799
2173412;1799
2173546;1799
2173581;1799
2173582;1799
2173851;1799
2173380;283
2173865;913
2173758;1056
2173765;7014
2173418;466
2173420;466
2173398;2185
2173371;2709
2173514;2197
2174460;1597
2173497;226
2174450;4617
2173381;2599
2174045;12051
2173549;946
2173511;2190
2173513;2190
2173770;2190
2173428;2653
2173616;7429
2173619;7429
2173484;1152
2173486;1152
2173798;1152
2173827;6787
2173367;1975
2173542;803
2173562;967
2173836;967
2173852;967
2174251;661
2173795;310
2174180;4167
2173855;4508
2173440;403
2173886;2835
2173503;2205
2173504;2205
2173506;2205
2173796;3615
2173610;553
2173550;1444
2173381;334
2173888;334
2173492;1388
2173810;4759
2173864;1044
2173517;412
2173381;3875
2173888;3875
2173485;2733
2173748;3826
2174259;4629
2174464;4629
2173616;1879
2173619;1879
2174396;8205
2174362;2160
2173580;1377
2173582;1377
2173770;2753
2174379;2457
2174355;4201
2174380;4201
2174386;4201
2173417;4779
2174395;4779
2174397;4779
2173522;3846
2173526;3846
2173722;1557
2173491;3045
2173523;222
2173526;222
2173853;222
2173521;6954
2173522;6954
2173468;2731
2173748;3807
2173802;3807
2173447;1087
2173523;1878
2173530;1878
2173486;3303
2173748;3303
2173730;769
2173454;2614
2174105;2614
2173503;4354
2173688;4354
2173691;4354
2173758;996
2174338;199
2173454;2637
2173455;2637
2173896;2445
2173704;2317
2173439;3569
2173981;3569
2173407;4468
2173707;4468
2173981;4468
2174215;4468
2174216;4468
2174287;4468
2173517;169
2173799;4259
2173800;4259
2173454;1748
2173525;31
2173564;1104
2173565;1104
2173735;703
2173580;768
2173584;768
2173589;768
2173610;768
2173808;12548
2174335;142
2173380;161
2173381;161
2173455;1637
2174354;1637
2174358;1637
2174359;1637
2174360;1637
2174397;1637
2174430;1637
2173484;1029
2173485;1029
2173798;1029
2174051;1422
2174054;1422
2174152;1422
2174153;1422
2173748;9888
2173749;9888
2173903;2761
2173765;1131
2173564;528
2173777;528
2173886;8183
2173506;4518
2173387;5822
2173778;1192
2173850;12170
2173563;1364
2173777;1364
2173799;4370
2173785;1722
2173776;64
2173858;6802
2173851;1736
2173691;1049
2173696;1049
2173697;1049
2173383;2275
2173506;2275
2173623;2563
2173870;4224
2173871;4224
2173448;2047
2173801;4360
2173618;2144
2173619;2144
2173649;2144
2174329;3177
2173617;2652
2173542;2006
2173546;2006
2173486;1655
2174389;4889
2173891;1008
2173765;2230
2173820;992
2173565;3201
2173514;3544
2173516;3544
2173769;3544
2173550;1893
2173497;559
2173802;559
2173897;1121
2173468;3430
2173371;1231
2173865;2301
2174354;4900
2174374;4900
2174395;14011
2174397;14011
2173575;37
2173582;37
2173589;37
2173484;235
2173485;235
2173486;235
2173801;3429
2173503;279
2173890;7030
2173440;1256
2173367;1348
2173623;3908
2173637;3908
2173870;3908
2173849;1686
2173769;2385
2173690;13294
2173691;13294
2173864;1215
2173532;654
2173533;654
2173534;654
2173465;974
2173407;2181
2173903;2181
2173479;211
2173507;211
2173523;329
2173463;4526
2173465;4526
2173886;2318
2173463;2632
2173465;2632
2173809;2507
2173881;2060
2173468;851
2173470;851
2173542;4322
2173903;1564
2173406;870
2173901;870
2173681;1900
2173734;1900
2173406;594
2173371;1987
2173786;3510
2173787;3510
2173788;3510
2173789;3510
2173680;1471
2173681;1471
2173562;1171
2173560;1171
2173563;1171
2173770;72
2173590;110
2173623;12539
2173748;2635
2173749;2635
2174354;2635
2173981;89
2173802;98
2173851;982
2173463;1079
2173564;1079
2173565;1079
2174365;1876
2173800;14
2173898;4148
2173899;4148
2174179;8338
2174193;8338
2173549;2017
2173882;2052
2173496;636
2173497;636
2174417;636
2174451;636
2174453;636
2174460;636
2173397;2616
2173398;2616
2174214;2616
2174307;2616
2173417;3072
2173418;3072
2173407;236
2173497;280
2174265;280
2174424;280
2173773;4407
2173517;2196
2173496;624
2173397;1384
2173398;1384
2173383;2254
2173472;333
2174354;3720
2173851;1242
2173835;4048
2173397;4470
2174214;4470
2174237;4470
2173800;420
2173550;3921
2173549;1445
2173696;11222
2173840;11222
2174251;1632
2173637;551
2173638;551
2173870;551
2173871;551
2173880;964
2173479;1084
2173645;1273
2173646;1273
2173647;1273
2173779;1273
2173371;1985
2173581;1292
2173584;1292
2173371;560
2173478;1213
2173795;1213
2174109;1200
2173468;1214
2173827;1214
2173861;396
2173496;979
2173497;979
2173647;2049
2173648;2049
2173649;2049
2173549;1894
2173618;2086
2173376;899
2173742;1454
2173411;3482
2173735;1627
2173736;1627
2173801;1371
2173743;100
2173397;2177
2173387;1112
2173367;638
2173417;632
2173420;632
2173418;2715
2173422;2715
2173411;2038
2173414;2038
2173843;2038
2173887;4532
2173704;12546
2173807;1957
2173881;1957
2174354;538
2174395;538
2173633;2085
2173634;2085
2173636;2085
2173888;7482
2173616;905
2173617;905
2173743;905
2173619;691
2173868;691
2173537;2023
2173380;1874
2173381;1874
2173484;4787
2173486;4787
2173406;9662
2173496;9662
2173497;9662
2174215;9662
2173671;9423
2173675;9423
2173616;2367
2173617;2367
2173618;2367
2173867;2367
2173868;2367
2173853;824
2174052;1392
2174190;1392
2173781;2010
2173478;2117
2174417;2123
2173890;5522
2173778;1394
2173582;62
2173589;62
2173580;3175
2173582;3175
2173589;3175
2173801;4132
2173377;10
2173397;2180
2173492;2180
2173742;2180
2173616;3253
2173619;3253
2173801;793
2173890;6899
2173491;327
2173492;327
2173801;3802
2173748;1127
2173581;12789
2173584;12789
2173414;3069
2173843;3069
2173546;1929
2173901;346
2173633;2382
2173634;2382
2173637;2382
2173897;2382
2173478;1546
2173795;302
2173797;302
2173879;2748
2173596;6931
2173788;1515
2173537;1828
2173540;1828
2173719;1828
2173820;1828
2173757;118
2173491;823
2173492;823
2173589;1404
2174252;301
2173463;2608
2174403;2608
2174405;2608
2174436;2608
2173797;4274
2173882;2212
2173616;2107
2173618;2107
2173831;125
2173530;4473
2173806;4446
2173869;4653
2173582;3706
2173784;3706
2173786;3706
2173789;3706
2173397;1638
2174243;1638
2174244;1638
2173383;14231
2173516;3751
2173680;3751
2173681;3751
2173516;2699
2173584;2699
2173589;2699
2173989;2699
2173901;2
2173542;373
2173479;1027
2173878;3361
2173596;1889
2173406;2159
2173674;9386
2173807;4654
2173790;3074
2173870;11287
2173871;11287
2173864;369
2173446;13285
2173697;13285
2173377;1998
2173537;9542
2173540;9542
2173801;130
2173899;3022
2173376;2594
2173377;2594
2173680;13302
2173616;2623
2173617;2623
2173742;2623
2173881;2324
2173852;1715
2173542;1496
2173882;7050
2173897;399
2173406;1936
2173707;1936
2174215;1936
2174339;1936
2173484;2066
2173485;2066
2173617;7029
2173618;7029
2173796;927
2173797;927
2173826;9929
2173367;993
2173504;1641
2173757;1641
2173376;2065
2173637;2065
2173520;1869
2173523;1869
2173864;9845
2173549;1036
2174258;33
2174458;33
2173376;4425
2173377;4425
2173486;962
2173516;962
2173463;1696
2173383;1102
2173820;3781
2173788;3076
2173565;2712
2173851;2712
2173623;2541
2173780;2132
2173691;1153
2173693;1153
2173697;1153
2173562;3737
2173565;3737
2173529;8483
2173530;8483
2173532;8483
2173534;8483
2173864;2440
2173581;856
2173454;421
2173890;3911
2173820;3317
2173780;1455
2173584;2050
2173581;2050
2173853;2050
2173853;1068
2173650;9865
2173898;9865
2174182;305
2173807;2327
2173520;4475
2173521;4475
2173580;147
2173581;147
2173589;147
2173778;147
2173581;1407
2173853;1407
2173468;590
2173616;12529
2173617;12529
2173618;12529
2174362;9682
2174365;9682
2173411;3066
2173414;3066
2173843;3066
2173387;710
2174078;3515
2174102;3515
2174104;3515
2174141;3515
2174275;3515
2173786;3505
2173788;3505
2173377;1253
2173874;1232
2173864;658
2173550;1547
2173878;876
2174267;1144
2173765;20
2173857;6804
2173422;1764
2173619;343
2173837;1458
2173713;1605
2173730;1605
2173778;770
2173418;714
2173377;933
2173633;933
2173634;933
2173636;933
2173581;154
2173584;154
2173605;2270
2173752;261
2173765;261
2173874;2034
2173596;9104
2173417;1333
2173422;1333
2173422;3063
2173560;3729
2173565;3729
2173743;381
2173616;2359
2173617;2359
2173618;2359
2173605;1374
2173710;1374
2174337;663
2173981;1937
2174235;1937
2174339;1937
2174349;1937
2174314;13332
2173439;13290
2173839;9736
2173397;2856
2173455;2856
2173492;2856
2173659;2856
2173662;2856
2173987;2856
2174236;2856
2174237;2856
2174295;2856
2174298;2856
2174307;2856
2174334;2856
2173827;8561
2173367;708
2173468;708
2173623;1529
2174233;1529
2174298;1529
2174330;1529
2174334;1529
2173367;1077
2173560;4657
2173560;137
2173561;137
2173562;137
2173563;137
2173565;137
2173777;137
2173777;582
2173560;1361
2173777;1361
2173560;521
2173540;1309
2173645;688
2173646;688
2173748;1946
2173530;1513
2173534;1513
2173710;4622
2173380;2739
2173381;2739
2173425;2875
2173623;2875
2173773;2875
2173575;2111
2173577;2111
2173778;2111
2174214;2862
2174236;2862
2174304;2862
2174307;2862
2174334;2862
2174352;2862
2174295;14268
2173411;1797
2173546;1797
2173397;2763
2173398;2763
2173584;1362
2173589;1362
2173778;1362
2173496;766
2173491;1154
2173428;1402
2174052;1871
2174101;1871
2174176;1871
2174190;1871
2173802;12526
2173778;1522
2173367;550
2173563;1360
2173565;1360
2173605;1360
2173428;3048
2173617;3048
2173619;3048
2173850;1822
2173580;465
2173589;465
2173778;465
2173850;1225
2173565;1592
2173562;2319
2173796;4369
2174287;2916
2174416;2916
2173406;1963
2173407;1963
2173496;1963
2173497;1963
2174396;1963
2174424;1963
2174435;1963
2174447;2124
2174453;2124
2173880;3673
2173805;1432
2174054;7396
2174104;7396
2174141;7396
2174152;7396
2174440;7396
2173862;1723
2173829;6818
2173478;1500
2173479;1500
2173865;2540
2173850;2931
2173610;3397
2173428;2833
2173742;2833
2173981;2833
2173704;6981
2173794;1785
2173516;4353
2173517;4353
2173681;4353
2173549;3931
2173411;2716
2173546;2716
2173596;2812
2174142;3335
2174146;3335
2174430;3335
2173532;564
2173851;564
2173779;3548
2173562;620
2173742;2143
2173743;2143
2173791;1590
2173853;1590
2173837;6731
2173719;833
2173478;4128
2173479;4128
2173605;4128
2173446;972
2173691;972
2173694;972
2173697;972
2173387;13868
2173565;1135
2173645;2134
2173806;2134
2173439;2725
2173981;2725
2173680;1346
2173806;1420
2173618;156
2173619;156
2174265;156
2174267;156
2174424;156
2174447;156
2174461;156
2174465;156
2174331;4816
2174337;4816
2174347;4816
2173617;1969
2173707;1969
2173776;1969
2174314;12616
2173617;1480
2173618;1480
2173619;1480
2174212;1480
2174215;1480
2174216;1480
2174084;4880
2174092;3337
2174103;3337
2174361;3337
2174354;652
2174359;652
2174360;652
2174072;3789
2174082;3789
2174090;3789
2174081;3171
2174360;4883
2174362;3006
2174364;3006
2174367;3006
2174367;4888
2173751;4796
2174214;4796
2174288;4796
2174311;4796
2174318;4796
2174324;4796
2174287;4890
2174312;4890
2174319;4890
2174321;4890
2174325;4890
2174337;4890
2174362;4038
2174365;4038
2174214;1380
2174237;1380
2174296;1380
2174307;1380
2174335;1380
2174350;1380
2174214;4893
2174304;4893
2174307;4893
2174335;4893
2174350;4893
2174352;4893
2174336;1896
2174337;1896
2174339;1896
2174351;4895
2174287;3185
2174314;3185
2174349;3185
2174373;1101
2174362;4057
2174382;4057
2174396;4057
2174403;4057
2174405;4057
2174409;4057
2174411;4057
2174380;362
2174050;3354
2174100;3354
2174378;4901
2174380;4901
2174361;438
2174375;4899
2174381;4899
2174391;4922
2174397;4922
2174401;4922
2174096;4232
2174103;4232
2174103;4906
2174354;3007
2174364;2914
2174367;2914
2174343;3042
2174233;4917
2174236;4917
2174439;8351
2174440;8351
2174105;4854
2174142;13869
2174153;13869
2174154;13869
2174059;8882
2174190;8882
2174106;4783
2174064;4857
2174102;4857
2174105;4857
2174139;4857
2174067;4851
2174107;4851
2174068;4858
2174103;10425
2174105;10425
2174142;10425
2174439;10425
2174440;10425
2174095;3927
2174106;3927
2174107;3927
2174108;3927
2174186;3927
2174282;3927
2174283;3927
2174435;3927
2174436;3927
2174075;4862
2174076;4862
2174091;4862
2174090;4864
2174361;4864
2174145;10466
2174107;4860
2174092;3754
2174102;3754
2174103;3754
2174091;3756
2174093;3756
2174183;3756
2174185;3756
2174436;3756
2174073;3272
2174090;3272
2174141;3272
2174276;3272
2174180;4875
2174436;4875
2174142;12389
2174088;4879
2174085;3340
2174084;3347
2174103;3347
2174108;3273
2174183;3273
2174186;3273
2174188;3273
2174279;3273
2174282;3273
2174078;4874
2174102;4874
2174104;4874
2174145;4874
2174275;4874
2174108;4871
2174179;4871
2174185;4871
2174279;4871
2174282;4871
2174078;3775
2174149;3775
2174089;3274
2174184;3274
2174283;3274
2174369;3274
2174088;4868
2174093;4867
2174346;4917
2174213;4914
2174341;4914
2174345;4914
2174347;4914
2174295;233
2174103;3929
2174275;3929
2174276;3929
2174107;2842
2174108;2842
2174102;4918
2174110;4918
2174243;2921
2174244;2921
2173988;11459
2174395;2607
2174401;2607
2174446;4615
2174452;4615
2174454;2370
2173397;3965
2173398;3965
2173455;3965
2173492;3965
2174292;3965
2174304;3965
2174307;3965
2173827;9945
2173829;9944
2173742;9840
2173743;9840
2173874;3453
2173542;630
2173546;630
2173491;6940
2173560;4497
2173562;4497
2173563;4497
2173589;350
2173492;3206
2173497;3206
2173807;4396
2173826;6990
2173827;6990
2173824;4605
2173828;8568
2173807;4601
2173781;7390
2173824;4393
2173783;4395
2173887;2828
2173411;4240
2173537;4240
2173835;4240
2173418;4047
2173420;4047
2173693;4047
2173694;4047
2173696;4047
2174304;4047
2173869;2727
2173871;2727
2173872;2727
2173875;5724
2173879;4438
2173875;4437
2173805;4448
2173806;4448
2173806;4462
2174417;4464
2174424;4464
2174447;4464
2174457;4464
2174463;4464
2173803;4460
2173805;2402
2173376;4449
2173804;4449
2174447;2374
2174456;2374
2174457;2374
2174460;2374
2174461;2374
2174463;2374
2174465;2374
2174456;627
2173497;687
2174216;915
2174235;915
2174287;915
2174349;915
2174313;14257
2173397;143
2173398;143
2173447;143
2174236;143
2174307;143
2174348;143
2174298;14256
2173520;367
2173522;367
2173530;4474
2173534;4474
2173520;4472
2173520;3932
2173530;4521
2173533;4521
2173807;3661
2173903;3661
2173776;1567
2173810;6926
2173454;3514
2173463;2925
2173798;3396
2173563;3993
2173803;2391
2174146;10471
2173635;2133
2173636;2133
2173637;2133
2174283;978
2174436;978
2173582;119
2173584;119
2173855;119
2173507;1801
2173807;4394
2173890;731
2173516;3830
2173517;3830
2173701;6752
2173504;2208
2173506;2208
2173527;1792
2173530;1792
2173534;1792
2173503;3832
2173441;1773
2173590;3558
2173875;3558
2173463;11285
2173497;11285
2173897;529
2173645;3797
2173648;3797
2173520;1031
2173522;1031
2173526;1031
2173533;4542
2173851;6896
2173532;4538
2173520;4539
2173523;4539
2173532;4313
2173407;791
2173807;8742
2173829;9947
2173497;4548
2173478;12148
2173507;12267
2174348;4894
2173580;2649
2173581;2649
2173584;2649
2174335;1920
2174338;1920
2173446;13322
2173693;13322
2173697;13322
2174296;13322
2174304;13322
2173447;1921
2173710;1921
2174214;1921
2174237;1921
2174303;1921
2174307;1921
2173691;13338
2173693;13338
2173596;2805
2173550;411
2173546;2811
2173367;97
2173371;3266
2173690;13286
2173696;13286
2173697;13286
2173549;1932
2174216;2847
2174287;2847
2174337;2847
2174339;2847
2173406;1770
2173407;1770
2174216;1770
2174235;1770
2174313;1770
2174336;1770
2174298;6742
2174335;1940
2173802;4222
2173801;339
2173472;1948
2173472;1950
2173807;430
2173808;430
2173881;430
2173463;829
2174252;829
2174367;829
2174405;829
2174409;829
2173496;1386
2173406;1962
2173407;1962
2174251;1962
2174363;1962
2174367;1962
2174368;1962
2173463;1415
2173497;1415
2173407;4239
2173420;4239
2173618;2467
2173776;2467
2173886;2467
2174313;2467
2174314;2467
2174327;2467
2174333;2467
2174347;2467
2173616;1482
2173617;1482
2173619;1482
2174216;1482
2174312;1482
2174337;1482
2174345;1482
2174233;4817
2174326;4817
2174335;4817
2174295;12617
2174303;12617
2173743;6912
2173743;1974
2173367;114
2173826;6828
2173827;6828
2174100;4902
2174151;4902
2174134;11905
2174142;11905
2174106;4219
2174107;4219
2174179;4219
2173371;113
2173371;677
2173748;677
2173371;669
2173738;1915
2173371;1988
2173371;1989
2173737;1989
2173738;1989
2173371;850
2173828;9928
2173829;9928
2173371;722
2173769;2287
2173406;2764
2173406;805
2173901;805
2173807;6985
2173808;6985
2173454;3440
2173455;3440
2173542;297
2173810;3055
2173902;3055
2173549;690
2173380;2115
2173713;3782
2173837;2349
2173581;4338
2173584;4338
2173623;1327
2173752;1327
2173765;1327
2173887;2468
2174234;2468
2174237;2468
2174270;2468
2174296;2468
2174298;2468
2174334;2468
2174346;2468
2173417;718
2173418;718
2173850;6945
2174145;6945
2173849;3499
2173617;2750
2174424;4454
2174457;4454
2174461;4454
2173522;12566
2173526;12566
2173786;1777
2173787;1777
2173446;3557
2174282;3516
2173645;1118
2173648;1118
2173649;1118
2173581;1195
2173584;1195
2173387;707
2174435;1468
2173779;4414
2174430;2688
2173838;1578
2173383;906
2173902;2166
2173791;1851
2173792;1851
2173857;1851
2173633;739
2173486;293
2173645;1370
2173650;1370
2173889;13570
2173897;2516
2173871;2558
2173857;471
2173860;471
2173849;1683
2173546;872
2173636;2379
2174375;1881
2174428;1881
2173866;2559
2173736;4726
2173619;7434
2173749;3961
2173752;2255
2173757;2255
2173407;3664
2173465;4345
2173623;3049
2173623;664
2174368;3180
2174377;3180
2174385;3180
2173738;14107
2173870;14107
2173872;14107
2173575;429
2173577;429
2173581;429
2173582;429
2173584;429
2173610;429
2173623;2571
2173637;2571
2173638;2571
2173802;2571
2173748;4127
2173380;4456
2173381;4456
2173496;4466
2173497;4466
2174424;4466
2173497;1387
2173891;1387
2173737;843
2173738;843
2173803;1342
2173636;3147
2173637;3147
2173638;3147
2173780;3147
2174368;3842
2174369;3842
2174377;3842
2174385;3842
2174435;3842
2173805;4415
2173650;3148
2173806;1604
2173786;2149
2173793;2149
2173875;3190
2173876;3190
2173878;3190
2174045;3190
2173503;483
2173506;483
2173507;483
2173514;2238
2173516;2238
2173743;3637
2173616;1643
2173619;1643
2173650;1643
2173793;884
2173786;2075
2173859;2075
2173776;2187
2173496;405
2173497;405
2173406;240
2174365;878
2173902;782
2173904;2338
2173376;950
2173903;3675
2174354;3198
2174357;3198
2173398;2186
2173397;2173
2173905;2173
2173397;3681
2173397;642
2173397;2178
2173742;9859
2173398;2179
2173742;2179
2173743;2179
2173492;13232
2173776;1160
2173398;2184
2173398;2007
2173882;1320
2173514;3290
2173517;3290
2173770;2237
2173516;2192
2173513;522
2173516;522
2173769;522
2173799;1125
2173514;332
2173486;13471
2173478;574
2173503;574
2173506;309
2173749;309
2173503;744
2173504;744
2173796;3765
2173387;2213
2173618;2583
2173619;2583
2173882;2583
2174329;2583
2174340;2583
2174296;14245
2173387;3519
2173503;1115
2173769;2235
2173764;2227
2173770;2227
2173765;458
2173770;352
2173769;325
2173770;1133
2173769;603
2173770;603
2173516;2142
2173511;2239
2173516;2239
2173383;2245
2173769;1162
2173623;3374
2173383;2251
2173383;1181
2173383;1009
2173610;2286
2173757;2286
2173758;2022
2173882;6939
2173605;308
2173511;6854
2173514;6854
2173503;3291
2173504;3291
2173881;7039
2173507;2265
2173504;1021
2173506;1021
2173764;1021
2173605;2263
2173758;2263
2173503;3365
2173504;3365
2173506;3365
2173517;2264
2173513;2276
2173770;291
2173880;3467
2173769;3367
2173881;3367
2173873;4357
2173590;1630
2173590;79
2173882;1291
2173881;4700
2173892;7377
2173826;6903
2173468;7387
2173896;5378
2173867;6963
2173801;6761
2173616;5381
2174141;12400
2173616;7428
2173619;7428
2173856;13168
2173989;7753
2173896;6924
2173881;6726
2173886;7420
2173465;3512
2173825;6780
2173560;10147
2174312;14277
2174314;14277
2173796;3395
2174312;14298
2174314;14298
2173891;7466
2173839;9747
2174193;10544
2173896;7035
2173690;13296
2173696;13296
2173619;13367
2173672;9414
2173650;7293
2173882;6762
2173795;5336
2174151;11784
2173882;6850
2173507;8441
2173520;8441
2173521;8441
2173522;8441
2174143;8441
2173880;8762
2173485;11648
2173801;11648
2173660;11896
2174409;14267
2174436;14267
2174142;12392
2174143;12392
2174152;12392
2174154;12392
2174142;11891
2173749;11887
2173886;11887
2173582;12184
2173801;12552
2173748;11239
2173470;11229
2173915;12619
2173802;12536
2173581;12966
2173582;12966
2173520;12565
2173965;12928
2173680;13304
2173681;13304
2173367;13166
2174153;12893
2173425;12830
2173743;12829
2173680;13171
2173681;13171
2174304;14091
2173688;13310
2173387;13301
2173446;13301
2173688;13301
2173694;13301
2173497;13229
2173485;13319
2173616;13319
2173617;13319
2173619;13319
2173690;13316
2173691;13316
2173694;13316
2173697;13316
2173737;13316
2173688;13361
2173690;13361
2173693;13361
2173697;13361
2173690;13325
2173693;13325
2173697;13325
2173738;13325
2173693;13307
2173694;13307
2173696;13307
2173688;13326
2173680;13298
2173560;13303
2173707;13287
2174287;13287
2174314;14283
2173440;13289
2173680;13289
2173690;13288
2173694;13288
2173690;13321
2173693;13321
2173802;13785
2174142;13865
2173870;14165
2173866;14166
2173734;13466
2173735;13466
2173485;13465
2173889;13567
2174403;14010
2173869;14167
2174391;13927
2174425;13927
2173734;14105
2173478;14065
2173618;13906
2173619;13906
2173616;13905
2173428;14025
2173887;14025
2173550;14047
2173850;14047
2173873;14206
2173919;14208
2173517;11673
2174109;11673
2174177;11673
2174184;11673
2174185;11673
2174424;11673
2174435;11673
2173507;11668
2174276;11668
2174361;11668
2174395;11668
2174430;11668
2173516;11667
2174174;11667
2174176;11667
2174179;11667
2174180;11667
2174182;11667
2174185;11667
2174417;14293
2174283;14369
2174435;11903
2174436;11903
2173892;7375
2173893;7375
2173895;7365
2173758;7382
2173752;7379
2174138;8345
2174139;8345
2174141;8345
2174152;8345
2174102;7331
2174103;7331
2173736;7386
2174135;9439
2174141;9439
2174443;14287
2174107;8334
2174177;8334
2173472;9402
2173671;9402
2173735;11298
2173736;11298
2173367;9349
2173659;9349
2173783;7391
2173781;7388
2173781;7353
2174048;7353
2174139;7353
2174439;7353
2173783;7395
2174108;7395
2174109;7395
2174189;7395
2174049;7319
2174180;7319
2174189;7319
2174192;7319
2174442;7319
2173783;7339
2173781;7392
2173981;7392
2174051;7392
2174054;7392
2174139;7392
2174439;7392
2173885;7399
2173885;7400
2173881;7334
2173881;7402
2173881;7404
2173882;14233
2173887;7412
2173887;7409
2174237;12607
2174295;12607
2174296;12607
2174303;12607
2174215;7322
2174312;7322
2174313;7322
2173887;7414
2174068;8348
2174142;8348
2174143;8348
2174152;8348
2174153;8348
2174177;8347
2174179;8347
2174180;8347
2174190;8347
2174193;8347
2174069;8881
2173479;9065
2173562;7347
2173565;7347
2173617;9683
2173618;9683
2174103;4832
2174105;4832
2174141;4832
2174152;12425
2174057;4829
2174058;4834
2174104;4834
2174141;12395
2174154;12395
2174106;3780
2174108;3780
2174058;4837
2174060;4837
2174104;4837
2174105;4837
2174176;8335
2174183;8335
2174191;8335
2174061;4833
2174107;4833
2174070;4841
2174103;4841
2174143;4841
2174153;4841
2174154;4841
2174440;4841
2174059;4835
2174106;4835
2174107;4835
2174108;4835
2174179;4835
2174191;4835
2174192;4835
2174193;4835
2174442;4835
2174068;4842
2174071;3372
2174066;4846
2174068;4846
2174070;4846
2174103;4846
2174105;4846
2174138;4846
2174142;4846
2174143;4846
2174154;4846
2174440;4846
2174176;4838
2174191;4838
2174192;4838
2174442;4838
2174058;8351
2174138;8351
2174151;8351
2174152;8351
2174304;4366
2174395;14286
2174363;1964
2174366;1964
2174367;1964
2174259;2908
2174360;2908
2174361;2908
2174452;2908
2173927;8122
2174314;14089
2174401;3187
2173376;3404
2173377;3404
2173463;4044
2173873;3695
2173874;4238
2173850;2930
2173850;1433
2173562;1826
2173790;1827
2173794;1827
2173786;11385
2173794;12154
2173867;2390
2173868;2390
2173736;2407
2173549;289
2173520;3305
2173521;3305
2173522;3305
2174193;975
2173891;6730
2173491;2970
2173492;3053
2173485;752
2173674;752
2174336;752
2174341;1784
2173707;1971
2174215;1971
2174269;1971
2174271;1971
2174312;1971
2173887;4692
2173809;4693
2173810;4693
2173808;3895
2174233;4814
2174236;4814
2174237;4814
2174326;4814
2174332;4814
2174335;4814
2174346;4814
2174352;4814
2174312;14271
2174313;14271
2174215;3205
2174351;3205
2173465;4124
2174066;2838
2174367;4909
2174389;4909
2174103;4920
2174110;4920
2173707;4580
2173503;2843
2174062;2843
2174066;2843
2174102;2843
2174103;2843
2174104;2843
2174141;2843
2174143;2843
2174145;2843
2174153;2843
2174439;2843
2174325;4882
2174102;3012
2174104;3012
2173802;610
2173470;3031
2173472;3035
2174213;3194
2174215;3194
2174269;3194
2174314;3194
2174327;3194
2174347;3194
2174451;626
2173623;2112
2173776;18
2173428;3050
2173491;3628
2173492;3628
2173773;2003
2173776;3657
2173810;3657
2173411;1706
2173581;1706
2173582;1706
2173411;3061
2173412;3061
2173843;3061
2173418;3068
2173420;3068
2173414;3064
2173843;3064
2173418;1314
2173412;1201
2173411;801
2173412;801
2173414;801
2173418;4334
2173420;4334
2173422;4334
2173784;1738
2173412;3595
2173417;2686
2173418;2686
2173420;2686
2173858;8281
2173860;8281
2173861;3903
2173862;3083
2173584;1758
2173562;3446
2173581;3445
2173562;3094
2173565;3094
2173633;3483
2173634;3483
2173637;3483
2173780;3109
2173804;3109
2173779;3152
2173804;2077
2173796;809
2173799;1014
2173634;4008
2173897;4008
2173650;3235
2173899;3235
2173634;3112
2173638;3112
2173897;3112
2173803;4643
2173804;4643
2173805;3125
2173803;3120
2173804;3120
2173805;3127
2173806;3127
2173805;4010
2173806;4010
2174311;14088
2173446;3560
2173448;3560
2173590;8764
2173441;3556
2174292;3556
2174311;3556
2174297;14297
2173874;1290
2173874;3563
2173446;1233
2173447;1233
2173446;3565
2173439;3567
2173440;3567
2174359;3567
2174417;14279
2174424;14279
2173988;3734
2173989;3734
2174360;3734
2174388;3734
2174287;4030
2173406;1965
2173407;1965
2173465;1965
2173497;1965
2173796;2760
2173648;4330
2173900;6872
2174395;6872
2174357;3876
2173455;6960
2173623;9684
2173803;2129
2173804;2129
2173562;460
2173564;460
2173565;460
2173582;4364
2173584;4364
2173749;4689
2173412;1493
2173414;1493
2173418;3079
2173422;3079
2173422;3601
2173412;3597
2173411;3600
2173412;3600
2173414;3600
2173398;3550
2173900;7485
2173514;4569
2174179;4569
2174063;3155
2174067;3155
2174109;3155
2173805;3612
2173808;1038
2173805;4235
2173806;4235
2173897;4305
2173795;3606
2173796;3606
2173797;3606
2173801;11649
2174049;7393
2174055;7393
2174192;7393
2174442;7393
2173798;8151
2173610;3622
2173496;3052
2173496;3627
2173492;2630
2173463;48
2173742;3963
2173743;3963
2173454;4756
2173491;3763
2173748;3639
2173749;3639
2173808;6976
2173425;2672
2173807;2756
2173810;6941
2173807;3217
2173764;3656
2173770;1165
2173773;3054
2173455;2100
2173875;3671
2173903;3676
2173902;3677
2173549;3697
2174354;2174
2174357;2174
2174395;2174
2173412;3687
2173537;3687
2173835;3687
2173521;1190
2173874;2928
2173596;2722
2173589;868
2173560;1138
2173562;1138
2173791;1138
2173581;1710
2173584;1710
2173807;3703
2173808;3703
2173807;4514
2173808;4514
2173809;7492
2173785;6763
2173787;6763
2173582;3710
2173828;4603
2173371;5589
2173565;3698
2173581;3299
2173562;1466
2173618;12069
2173619;12069
2173478;4770
2174409;10301
2174417;10301
2173485;9922
2173560;3709
2173623;3566
2174368;3566
2174389;3566
2173468;2020
2173470;2020
2173801;2020
2173560;12968
2173472;3740
2173472;3958
2173575;2582
2173580;2582
2173581;2582
2173589;2582
2173560;8985
2173582;7
2173503;1062
2173693;1062
2173696;1062
2173697;1062
2173514;1830
2173516;1830
2173517;1830
2174076;4866
2174094;4866
2174102;4866
2174103;4866
2174104;4866
2174146;4866
2174361;4866
2174430;4866
2173542;2083
2174091;4863
2174093;4863
2174107;4863
2174184;4560
2174185;4560
2174186;4560
2174282;4560
2174436;4560
2173507;2887
2173522;2887
2173523;2887
2173856;2887
2174177;3779
2174179;3779
2174180;3779
2174183;3779
2174191;3779
2174193;3779
2174079;4873
2174081;4873
2174091;4873
2174106;4873
2174108;4873
2174179;4873
2174185;4873
2174072;4885
2174078;4885
2174090;4885
2173722;3168
2174107;4828
2174109;4828
2174176;4828
2174179;4828
2174442;4828
2174058;4831
2174191;12426
2174192;12426
2173719;1205
2173820;1205
2174090;1208
2174149;1208
2173776;1481
2173802;146
2174430;14253
2173647;208
2173634;3102
2173637;3102
2173802;3803
2173801;4135
2173743;4255
2173801;4255
2173496;3815
2173491;3811
2173492;3811
2173748;900
2173748;3825
2173517;2892
2173516;4516
2173648;3935
2173734;14108
2173738;3849
2174375;2690
2173779;3149
2173885;7647
2173522;1063
2173734;3838
2173736;3838
2173737;2960
2173738;2960
2174252;4053
2174401;11515
2173890;3862
2173891;3855
2174358;4898
2174409;4898
2174436;4898
2174411;3860
2173890;3249
2173890;3141
2173890;3795
2173780;3917
2173779;4784
2173381;689
2174354;2765
2173590;3948
2173590;3947
2173596;3949
2173807;6927
2174435;14252
2174187;12427
2173786;10546
2173859;3085
2173861;4158
2173738;2397
2173623;485
2173637;485
2173871;485
2173616;747
2173649;747
2173735;2961
2173891;1502
2173891;3851
2173425;3647
2173780;12218
2173529;4477
2173533;4477
2173866;2438
2173868;2438
2174106;4919
2174108;4919
2174185;8222
2174184;3925
2174282;3925
2174435;3925
2174094;4861
2174104;4861
2174110;4861
2174146;4861
2174276;4861
2174094;3541
2173523;2962
2173549;2962
2173633;3988
2173635;3988
2173637;3988
2173638;3988
2173633;3835
2173635;3835
2173636;3835
2173514;869
2173517;869
2173989;869
2174142;12432
2173561;4563
2173795;4721
2173420;3528
2173412;4054
2173840;3882
2173590;1890
2173596;3879
2173850;799
2173527;6782
2174295;11162
2173605;10467
2174097;4226
2174106;4226
2174107;4226
2174173;4226
2174179;4226
2173468;3741
2173470;3741
2173748;3633
2173749;3633
2173454;2646
2173455;2646
2173492;2646
2174296;2646
2174297;2646
2174298;2646
2174303;2646
2174304;2646
2174443;3538
2174105;9781
2174395;9781
2173484;11650
2173485;11650
2173882;1296
2173420;4362
2173850;4362
2174143;3498
2174145;3498
2173540;3500
2173411;1447
2173849;6837
2174185;6837
2174186;6837
2174188;6837
2174244;2680
2174295;8508
2174298;8508
2174304;8508
2174310;8508
2173710;4579
2173634;2780
2173635;2780
2173636;2780
2173650;3331
2173496;2651
2173561;2651
2173565;2651
2173743;2651
2173795;1083
2173796;1083
2173807;6933
2173809;4671
2173810;4671
2173798;7499
2173802;3319
2173616;489
2173618;489
2173649;489
2173645;3113
2173646;3113
2173647;3113
2173650;3113
2173898;3113
2173633;806
2173635;806
2173636;806
2173637;806
2173804;3128
2173806;3459
2174403;13926
2173650;2704
2173801;2704
2174435;2704
2173802;4780
2174397;3857
2174428;3857
2173418;3944
2173542;3944
2173837;3944
2174354;4904
2174355;4904
2174360;4904
2174361;4904
2174374;4904
2174381;4904
2174386;4904
2174393;4904
2173377;1417
2174215;1417
2174216;1417
2174312;1417
2174314;1417
2174235;11182
2174362;4763
2174365;4763
2173425;2823
2173748;2823
2173418;223
2173542;223
2173690;223
2173694;223
2173697;223
2174292;4060
2174310;4060
2174311;4060
2173919;14127
2173921;11705
2173521;6944
2173411;4408
2173537;4408
2173411;4205
2173412;4205
2173835;4205
2173836;4205
2174251;4205
2174368;4205
2174369;4205
2174376;4205
2174396;4205
2174235;4805
2174305;4805
2174323;4805
2174336;4805
2174235;4058
2174314;4058
2174323;4058
2174292;3982
2174295;3982
2174298;3982
2174310;3982
2174320;4808
2173533;1451
2173589;14145
2173560;4567
2173565;4567
2173542;4564
2173691;4564
2173697;4564
2173582;13369
2173584;13369
2173540;4068
2173649;2377
2173638;4725
2173911;11277
2173781;4392
2173783;4352
2173781;4350
2173783;4372
2173783;4103
2173828;4103
2173828;8565
2173783;4107
2173827;8566
2173783;4111
2173829;8582
2173781;4109
2173781;4112
2173542;4024
2173491;3638
2173492;3638
2173743;3638
2173743;2751
2174105;4825
2174143;12434
2174153;12434
2173801;2675
2173748;3805
2173802;3805
2173902;7488
2173826;4101
2173397;1997
2173902;1997
2173898;4149
2173899;4149
2173808;4153
2173783;3423
2173496;2766
2173455;2620
2173648;10288
2173514;977
2173517;977
2173532;977
2173533;977
2174180;977
2174182;977
2174183;977
2173873;286
2174354;737
2174370;737
2174372;737
2174393;737
2173783;4677
2174354;4025
2174355;4025
2174360;4025
2174375;4025
2174380;4025
2174386;4025
2174362;2459
2174382;2459
2174387;2459
2174368;2705
2173616;4018
2173617;4018
2173618;4018
2174251;4018
2174403;4018
2173412;13266
2173836;7438
2173468;3960
2173470;3960
2173647;3214
2173605;3620
2173610;4216
2173605;3955
2174096;1981
2174098;1981
2174102;1981
2174134;1981
2174138;1981
2174052;3959
2174097;3959
2174176;3959
2174183;3959
2174193;3959
2174295;4812
2174296;4812
2174303;4812
2174311;4812
2174320;4812
2174324;4812
2174334;4812
2174335;4812
2174336;4809
2174337;4809
2174287;8507
2174214;2913
2174288;2913
2174292;2913
2174295;2913
2174296;2913
2174297;2913
2174298;2913
2174310;2913
2174311;2913
2174334;2913
2174235;4811
2174323;4811
2174233;2031
2174270;2031
2174295;2031
2174298;2031
2174303;2031
2174346;2031
2174352;2031
2174212;2994
2174312;2994
2174314;2994
2174336;2994
2174233;1358
2174234;1358
2174268;1358
2174326;1358
2174335;1358
2174346;1358
2174233;4821
2174303;4821
2174335;4821
2174344;4821
2174271;3041
2174328;3041
2174236;4915
2174340;4915
2174344;4915
2174234;172
2174237;172
2174334;172
2174295;14301
2174296;14295
2174101;759
2174107;759
2174193;759
2174192;3624
2174049;4822
2174101;4822
2174050;4830
2174138;4830
2174052;4823
2174053;4823
2174106;4823
2174109;4823
2174191;4823
2173694;1054
2173798;3999
2173799;3999
2173529;1283
2173533;1283
2173851;1283
2173634;10203
2173635;10203
2173503;2210
2173507;3356
2173796;2211
2173898;4500
2173425;711
2173381;2376
2173516;1485
2173517;1485
2173742;1485
2173863;697
2173486;4589
2173798;4589
2173521;424
2173523;424
2173796;3939
2174097;1984
2174099;1984
2174106;1984
2174107;1984
2174176;1984
2174173;10547
2174190;10547
2173849;1711
2173743;3301
2173807;6867
2174105;1096
2174354;1096
2174439;6919
2173542;1534
2173503;3750
2173507;3750
2173694;3750
2173542;593
2173875;3466
2173876;3466
2173878;3466
2173367;1395
2173525;4069
2173697;4069
2173418;4566
2174341;4916
2173850;1230
2173516;410
2173517;410
2173680;410
2173881;2326
2173503;128
2173690;13308
2173691;13308
2173693;13308
2173696;13308
2173697;13308
2173526;1843
2174142;7427
2174143;7427
2173577;1278
2173485;317
2174366;3441
2174367;3441
2174369;3441
2174387;3441
2173492;63
2173623;63
2173800;1979
2173463;1877
2173465;1877
2173565;3743
2173503;2209
2173507;2209
2173479;1069
2173491;4614
2173383;2242
2173882;2242
2173446;4471
2173447;4471
2174354;3539
2174357;3539
2173560;3587
2173562;3587
2173463;2612
2173465;2612
2173616;2612
2173618;2612
2174109;2612
2173377;1519
2173765;3603
2173503;2222
2173645;1002
2173647;1002
2173520;1189
2173799;2584
2173492;1923
2174304;1923
2174334;1923
2174335;1923
2174338;1923
2173681;13305
2173796;2257
2173367;1426
2173562;1782
2173794;6879
2174180;10470
2174184;10470
2174187;10470
2174435;10470
2174436;10470
2173383;2249
2173479;353
2173824;6992
2174265;4645
2174417;4645
2174424;4645
2174460;4645
2174461;4645
2173380;2011
2173503;1170
2173504;1170
2173506;1170
2173507;1170
2173504;2141
2173507;2141
2173725;2741
2173484;9
2173798;9
2173853;1573
2173989;12848
2173589;7454
2173549;3265
2173398;3292
2173383;3522
2173513;3522
2173516;3522
2173770;859
2173537;1277
2173484;10602
2173503;1147
2173560;468
2173561;468
2173562;468
2173549;40
2173387;1202
2173758;6788
2173764;1132
2173765;1132
2173882;96
2173881;2312
2173605;3386
2173881;3386
2173752;820
2173757;820
2174236;21
2174340;21
2174344;21
2173882;1094
2173807;1055
2174312;1055
2174337;1055
2174341;1055
2174343;1055
2174347;1055
2174233;2320
2174236;2320
2174346;2320
2173506;6849
2173881;566
2173610;832
2174213;158
2174337;158
2173513;11315
2173514;11315
2173810;4592
2173506;3547
2173507;3547
2173406;596
2174450;4467
2174460;4467
2173397;2062
2173902;2062
2173835;299
2173852;299
2173776;922
2173376;2734
2173617;2734
2173619;2734
2173801;4510
2174424;4626
2174456;4626
2174461;4626
2174416;14288
2173623;2073
2173871;2073
2173616;1478
2173866;1478
2173868;1478
2173866;2396
2173867;2396
2174454;341
2174458;341
2174464;4924
2174267;1221
2174417;9475
2174424;9475
2173647;2718
2173648;2718
2173649;2718
2173650;2718
2173634;2713
2173636;2713
2173646;2071
2173650;2071
2173633;215
2173616;1321
2173617;1321
2173619;1321
2173803;2392
2173804;2392
2173867;4696
2173804;4640
2173869;1483
2173734;3910
2173868;2401
2173872;2394
2173737;2404
2173805;2404
2173866;4262
2173735;2399
2173805;2409
2173803;2403
2173804;2403
2173806;313
2173804;1765
2173806;1336
2173806;3105
2173779;210
2173645;3486
2173647;3486
2173650;3486
2173660;9953
2173659;9363
2173660;9363
2173380;2602
2173380;2019
2173868;6973
2173899;4659
2174251;4168
2174405;4168
2173596;3276
2173411;12612
2173411;2453
2173411;698
2174363;4896
2174376;4896
2174396;8723
2173596;998
2173560;1848
2173562;1848
2173565;1848
2173618;2711
2173707;2711
2173886;2711
2174213;2711
2174215;2711
2174271;2711
2174336;2711
2173710;1972
2173887;1972
2174233;1972
2174237;1972
2174270;1972
2174295;1972
2174296;1972
2174298;1972
2174346;1972
2173809;24
2173864;24
2173674;9390
2173865;9352
2173863;2414
2173810;7696
2173674;2500
2173808;882
2173810;10046
2173896;3241
2173899;227
2173896;4307
2173897;4307
2173634;10293
2173892;6841
2173893;6841
2173894;3328
2173892;3325
2173894;3330
2173892;3329
2173894;3326
2173865;1048
2173865;1498
2173864;887
2173863;3416
2173863;2439
2173864;2439
2173623;2554
2173623;1891
2173617;836
2173619;836
2173795;836
2173796;836
2173623;3625
2173799;3625
2173795;6819
2173797;6819
2173618;3353
2173619;3353
2173623;968
2173619;1300
2173870;2105
2173871;2105
2173872;2105
2173616;754
2173617;754
2173618;754
2173867;754
2173617;3909
2173649;3909
2173650;3909
2173623;2566
2173638;2566
2173616;2561
2173873;4225
2173454;1639
2173455;1639
2173623;1639
2173463;2145
2173616;3320
2173618;3320
2173650;3320
2173801;3320
2173637;4019
2174384;4019
2174428;4019
2174360;4202
2174381;4202
2173478;3302
2173485;19
2173485;81
2173486;81
2173694;2581
2173696;2581
2173575;1922
2173581;1922
2173589;1922
2173690;1922
2174329;491
2173799;1636
2173730;753
2173376;1111
2173743;6957
2173376;229
2173377;354
2173377;2595
2173380;342
2173381;342
2173380;253
2173381;253
2173381;435
2173380;2600
2174359;437
2174366;1067
2174368;1067
2173465;3442
2174411;3442
2173496;4527
2173465;680
2173616;680
2174109;680
2174362;680
2173623;2771
2173900;385
2173398;656
2173492;656
2174236;656
2174307;656
2173491;628
2173743;740
2174109;740
2173623;606
2174105;606
2174354;606
2173979;9786
2174109;9786
2174365;9786
2173617;2043
2173618;2043
2173617;2090
2173454;248
2173901;6873
2173492;4161
2173465;4159
2174105;9681
2174357;9681
2173454;581
2173478;14066
2173479;7426
2174324;3024
2174237;9754
2174297;9754
2174298;9754
2173563;13333
2173581;540
2173582;540
2173561;2648
2173563;2648
2173707;2648
2173742;4381
2173743;4381
2173616;6771
2173618;6771
2173496;1999
2173497;1999
2173428;2655
2173425;2102
2173428;23
2173809;2659
2173810;2659
2173428;2660
2173810;2660
2173809;3269
2173810;3269
2173808;335
2173425;679
2173425;506
2174270;3178
2174295;3178
2174303;3178
2174346;3178
2173873;2687
2174045;2687
2173808;931
2174244;857
2173506;1019
2173507;1019
2173799;6938
2173765;2029
2173850;1585
2173873;1260
2173876;4523
2173873;3251
2174360;3181
2174361;3181
2174375;3181
2173891;1279
2173537;4323
2173540;4323
2173534;1569
2173809;1397
2173810;1397
2174252;773
2174369;773
2173616;2569
2173617;2569
2173619;2569
2173650;2569
2173619;2873
2173886;6952
2174215;4815
2174216;4815
2174271;4815
2174312;4815
2174314;4815
2174333;4815
2174336;4815
2173836;1226
2173634;4075
2173637;4075
2173638;4075
2173420;3974
2173411;1794
2173412;1794
2173546;1794
2173646;2380
2173648;2380
2173650;2380
2174079;3169
2174083;3169
2174091;3169
2174108;3169
2174185;3169
2174188;3169
2173617;2553
2173439;3186
2173981;3186
2173870;885
2173411;1450
2173852;1450
2173581;4070
2173584;4070
2173484;6871
2173485;6871
2173468;531
2173486;2730
2173616;2724
2173618;2724
2173619;2724
2173623;6864
2174354;2622
2174357;2622
2173580;2797
2173582;2797
2173623;761
2173514;11671
2174109;11671
2174176;11671
2174180;11671
2174192;11671
2174193;11671
2174282;11671
2174396;11671
2174417;11671
2174395;5760
2173710;11791
2173507;11616
2174138;11616
2174143;11616
2174146;11616
2174153;11616
2174154;11616
2174276;11616
2173810;4400
2173887;4400
2173870;853
2173866;4650
2173867;4650
2173752;231
2173773;3384
2174310;14087
2173920;6537
2173927;6538
2173397;4702
2173398;4702
2173925;14209
2173697;13335
2173831;838
2173779;4706
2173779;4708
2173779;4710
2173831;4710
2173783;4197
2173799;4027
2173649;4074
2173734;1882
2173855;534
2173810;232
2173808;733
2173881;733
2173446;1924
2173694;1924
2173697;1924
2173876;126
2173878;126
2173491;4123
2173492;4123
2173496;3635
2174104;447
2174152;447
2173804;4009
2173549;175
2173648;4007
2173899;4007
2173863;2499
2173863;3137
2173891;3865
2173633;1275
2173634;1275
2173637;1275
2173780;4416
2173803;3103
2173804;3103
2173779;1505
2173805;1505
2173496;3575
2174235;3575
2174287;3575
2174312;3575
2174325;3575
2173472;7385
2174106;7385
2174176;7385
2174177;7385
2174179;7385
2174183;7385
2174184;7385
2174185;7385
2174193;7385
2174443;7385
2173850;165
2174143;12391
2174149;12391
2174079;3773
2174081;3773
2174183;3773
2174188;3773
2174282;3773
2173725;3778
2174083;4884
2173886;44
2173580;826
2173581;826
2173582;826
2174237;4818
2174296;4818
2174298;4818
2174326;4818
2174368;2054
2174369;2054
2174433;2054
2174375;2088
2173565;1517
2173850;1517
2173853;1517
2173439;13299
2173440;13299
2173680;13299
2174287;13299
2174251;2910
2174252;2910
2173878;2677
2174045;2677
2173880;2035
2174213;2983
2174215;2983
2174327;2983
2174328;2983
2174336;2983
2174337;2983
2173887;7001
2173886;7037
2174354;4546
2173713;1196
2173560;2798
2173562;2798
2173563;2798
2174235;190
2174313;190
2174336;190
2174337;190
2174339;190
2173491;6789
2173496;6789
2174287;3203
2174337;3203
2174339;3203
2173863;107
2174045;285
2173634;4211
2173636;4211
2173874;3966
2173647;3553
2173648;3553
2173809;3651
2173810;3651
2173807;3646
2173808;3646
2173884;3472
2173696;1918
2173550;3132
2173820;3230
2173645;9867
2173648;9867
2173864;9867
2173898;9867
2173896;9866
2174417;14254
2173890;729
2173636;10204
2173646;10489
2173884;7690
2173616;2387
2173617;2387
2174142;12431
2173623;923
2174192;12430
2174193;12430
2173905;456
2173454;2604
2174108;4856
2174179;8341
2174180;8341
2174135;9024
2174145;9024
2174146;9024
2174182;12433
2174192;12433
2173839;524
2173809;3650
2174074;4865
2174077;4865
2174108;4865
2174179;4865
2174184;4865
2174283;4865
2174369;4865
2174072;4872
2174080;4872
2174102;4872
2174141;4872
2174149;4872
2174073;4876
2174088;4876
2174142;4876
2174276;4876
2173596;3696
2173725;3277
2173725;3278
2173820;3991
2173820;2904
2173411;2729
2173849;2729
2173516;2277
2173503;3289
2173506;3289
2173900;3602
2173590;736
2173784;2950
2173785;2950
2173787;2950
2173788;2950
2173784;3073
2173788;3073
2173828;276
2173829;276
2173381;9952
2173743;296
2173748;205
2173486;2089
2173719;816
2173820;816
2173526;1886
2173633;2789
2173636;2789
2173638;2789
2173646;1469
2173648;1469
2173722;7501
2173820;7501
2174430;14261
2173623;2113
2173637;2113
2173638;2113
2173616;4003
2173617;4003
2174045;4003
2173893;2530
2173894;2523
2173895;2523
2173892;2528
2173894;2532
2173648;4724
2174146;3342
2174276;14276
2174184;1140
2174369;4877
2174142;3349
2174148;3349
2173540;3339
2173839;3339
2174182;3339
2174075;4869
2174085;4869
2174093;4869
2174107;4869
2174369;4869
2174182;12428
2173596;440
2174430;12429
2174436;14275
2174187;3344
2174099;1872
2174050;2759
2174103;2759
2174134;2759
2174151;2759
2174154;2759
2173503;3381
2173507;3381
2173765;3381
2173876;1821
2173878;1821
2173879;2128
2173513;2284
2173514;2284
2173516;2284
2173769;78
2174070;4836
2173506;2681
2173623;2681
2173881;2681
2173758;2248
2173511;2191
2173516;2191
2173610;2191
2173511;1161
2174336;3039
2173704;6917
2174329;2215
2174340;2215
2173776;1642
2173770;6778
2173605;3357
2173882;2188
2173795;4486
2173610;2549
2173605;2314
2173809;2746
2173810;2746
2173865;3415
2173863;811
2173783;7025
2173781;4156
2173783;4157
2173468;3447
2173484;2575
2173743;670
2173722;2016
2173454;3261
2174367;3859
2174387;3859
2174435;3859
2174362;4897
2174369;4897
2173463;3248
2173470;1719
2173417;360
2173779;1652
2173876;1652
2173878;1652
2173879;1644
2173884;3247
2173873;2684
2173868;1326
2173417;3464
2173422;3464
2173411;2456
2173634;4507
2173637;4507
2173638;4507
2173646;4536
2173650;4536
2173849;2039
2173849;3491
2173411;3975
2174188;3975
2174106;3517
2174108;3517
2173849;6946
2173793;6883
2173786;844
2173788;844
2173790;88
2173791;88
2173792;3509
2173793;3509
2173794;3509
2173785;1210
2173793;1442
2173785;3508
2173788;3508
2173465;4485
2173455;5319
2174078;3497
2174143;2037
2174079;3518
2174106;3518
2174074;2721
2174079;2721
2174091;2721
2174185;2721
2174186;2721
2174282;2721
2173765;930
2173701;6906
2174298;14259
2173511;3383
2173516;3383
2174313;7032
2173749;2207
2173742;14026
2173887;14026
2173420;1967
2173897;4276
2173893;2521
2173895;2525
2173680;6821
2174409;6821
2174442;6821
2173688;1223
2174105;3970
2174357;3970
2173840;7455
2174094;3928
2173730;3287
2173769;1186
2173881;1186
2173503;2271
2173504;2271
2173764;2271
2173776;2754
2173406;282
2174312;14292
2173646;3833
2173647;3833
2173633;3211
2173636;3211
2173690;1916
2173691;1916
2173694;1916
2173696;1916
2173737;1916
2173691;13327
2173697;13327
2173447;13323
2173688;13323
2173691;13323
2173697;13323
2173868;2562
2173455;2564
2173873;3455
2173870;7047
2174173;617
2174176;617
2174097;4907
2174142;1559
2174151;1559
2174100;4218
2174102;4218
2174103;4218
2173864;4231
2173805;4641
2173874;6897
2173417;4410
2173420;4410
2173406;4703
2173835;3686
2173680;13331
2174134;8337
2174142;8337
2173411;4251
2173417;12609
2173472;704
2173743;704
2173799;10505
2173867;4306
2173898;4260
2173871;4652
2173796;924
2173797;924
2173800;657
2173896;4283
2173897;4283
2173897;2511
2173866;2956
2173867;2956
2173868;2956
2173898;866
2173636;2518
2173871;4265
2173898;2515
2173893;4331
2173898;4748
2173899;4748
2173894;4277
2173896;2510
2173897;2510
2173894;4332
2173895;4332
2173898;619
2173867;4271
2173377;4309
2173377;4300
2173380;4286
2173381;4286
2173529;1184
2173530;1184
2173855;4325
2173855;750
2173542;2710
2173546;2710
2173537;623
2173540;623
2173963;11618
2173893;3021
2173894;4302
2173581;6809
2173582;6809
2173584;6809
2173843;3071
2173420;4336
2173560;4336
2173565;4336
2173584;4333
2173786;1528
2173846;1528
2173581;4344
2173584;4344
2173463;4349
2173454;4347
2173463;4141
2173781;4090
2173828;9948
2173517;1060
2173681;1060
2173851;965
2173852;965
2173875;2140
2173876;2140
2173455;774
2173580;4390
2174109;3724
2173486;4768
2173616;4768
2174409;4768
2174442;4768
2173479;7458
2174439;7458
2173979;3573
2173617;3722
2173618;3722
2173619;3722
2174396;3725
2173478;4766
2173623;4766
2174439;4766
2173465;1626
2173616;4207
2173649;4207
2173887;2987
2174108;4844
2174069;8352
2174179;8352
2174182;8352
2173780;3874
2174440;14305
2173486;954
2173485;9064
2173514;9064
2174214;4797
2174288;4797
2174292;4797
2174297;4797
2174318;4797
2174324;4797
2174288;14086
2174214;4799
2174235;4891
2174287;4891
2174294;4891
2174305;4891
2174319;4891
2174321;4891
2174325;4891
2174214;4802
2174324;4802
2174235;4798
2174287;4798
2174305;4798
2174319;4798
2174336;4798
2174337;4798
2174334;4804
2174305;4800
2174325;4800
2174295;11161
2174324;4807
2174335;4807
2174235;4803
2174287;4803
2174319;4803
2174321;4803
2174325;4803
2174337;4803
2174335;4067
2174319;4806
2174321;4064
2174323;4064
2174337;4064
2174214;4812
2173882;2264
2173387;1272
2173516;1272
2173757;3520
2173610;2285
2173513;3367
2173742;9847
2174314;14299
2173937;11296
2173850;6915
2173941;12908
2174146;8441
2173941;12909
2173809;8821
2173810;8821
2173879;8762
